timestamp_ms,classification,confidence,nose_3d_x,nose_3d_y,nose_3d_z,left_shoulder_3d_x,left_shoulder_3d_y,left_shoulder_3d_z,right_shoulder_3d_x,right_shoulder_3d_y,right_shoulder_3d_z,left_elbow_3d_x,left_elbow_3d_y,left_elbow_3d_z,right_elbow_3d_x,right_elbow_3d_y,right_elbow_3d_z,left_wrist_3d_x,left_wrist_3d_y,left_wrist_3d_z,right_wrist_3d_x,right_wrist_3d_y,right_wrist_3d_z,left_hip_3d_x,left_hip_3d_y,left_hip_3d_z,right_hip_3d_x,right_hip_3d_y,right_hip_3d_z,left_knee_3d_x,left_knee_3d_y,left_knee_3d_z,right_knee_3d_x,right_knee_3d_y,right_knee_3d_z,left_ankle_3d_x,left_ankle_3d_y,left_ankle_3d_z,right_ankle_3d_x,right_ankle_3d_y,right_ankle_3d_z
1776843390212,Shallow,0.800,0.0845,-0.1490,-0.5267,0.1496,-0.1503,-0.3275,-0.1275,-0.2049,-0.3361,0.0836,0.0814,-0.2360,-0.2131,-0.0520,-0.1951,0.0648,0.3045,-0.2521,-0.2419,0.0610,-0.1074,0.1040,0.0080,-0.0096,-0.1047,-0.0088,0.0102,0.1762,0.3667,-0.0280,-0.1969,0.3569,-0.0220,0.1535,0.6834,0.1592,-0.1234,0.6592,0.1934
1776843390454,Shallow,0.800,0.0398,-0.1283,-0.5769,0.1571,-0.1160,-0.4023,-0.1563,-0.1846,-0.3686,0.1048,0.1442,-0.3440,-0.1814,-0.0575,-0.2930,0.1136,0.3541,-0.3626,-0.1908,0.0178,-0.2855,0.1145,0.0038,-0.0091,-0.1153,-0.0045,0.0096,0.2102,0.3157,-0.0663,-0.2157,0.3313,-0.0619,0.1818,0.6581,0.0923,-0.1667,0.6646,0.1120
1776843390706,Deep,0.800,0.0115,-0.5600,-0.1471,0.1386,-0.4798,-0.0501,-0.1724,-0.4959,-0.0462,0.1235,-0.4332,-0.2452,-0.2184,-0.4821,-0.2573,0.0405,-0.4853,-0.4229,-0.1270,-0.5146,-0.4078,0.1153,-0.0049,-0.0078,-0.1158,0.0044,0.0083,0.2822,0.1700,-0.2231,-0.2990,0.2214,-0.2117,0.1907,0.5354,-0.0527,-0.2192,0.5634,-0.0330
1776843390957,Deep,0.800,-0.0384,-0.5514,-0.2876,0.1343,-0.4513,-0.1137,-0.1690,-0.4418,-0.0944,0.1278,-0.5644,-0.1484,-0.2152,-0.5913,-0.1114,0.0120,-0.7541,-0.0925,-0.2027,-0.8070,-0.0171,0.1082,-0.0083,-0.0033,-0.1092,0.0079,0.0038,0.3167,-0.0083,-0.3045,-0.2423,0.0162,-0.2747,0.2015,0.2910,-0.1405,-0.1556,0.2988,-0.1273
1776843391205,Deep,0.800,-0.0262,-0.5785,-0.2155,0.1491,-0.4582,-0.0945,-0.1712,-0.4501,-0.0876,0.1278,-0.5359,-0.2597,-0.1958,-0.5921,-0.2478,0.0347,-0.7130,-0.3728,-0.1724,-0.7788,-0.2739,0.1149,-0.0087,-0.0038,-0.1158,0.0084,0.0043,0.3243,0.0113,-0.2958,-0.2466,0.0418,-0.2784,0.2135,0.2983,-0.1017,-0.1525,0.2901,-0.0585
1776843391455,Shallow,0.800,-0.0151,-0.4049,-0.3432,0.1185,-0.3874,-0.2213,-0.1842,-0.4244,-0.2122,0.0970,-0.2878,-0.3284,-0.1942,-0.3875,-0.3401,0.0233,-0.3365,-0.4668,-0.1286,-0.4667,-0.4704,0.1116,-0.0011,-0.0073,-0.1125,0.0005,0.0078,0.2836,0.2656,-0.1671,-0.2627,0.2998,-0.1607,0.1565,0.6325,-0.0156,-0.2525,0.6465,-0.0061
1776843391704,Invalid,0.700,0.0293,-0.1621,-0.4991,0.1207,-0.2092,-0.3221,-0.1474,-0.1968,-0.3236,0.0884,0.0024,-0.2244,-0.1681,0.0204,-0.2553,0.0491,0.1850,-0.2100,-0.2032,0.2295,-0.2562,0.1007,-0.0033,-0.0011,-0.1018,0.0027,0.0019,0.1859,0.3625,-0.0656,-0.2432,0.3737,-0.0617,0.1554,0.7162,0.0638,-0.2333,0.7527,0.0496
1776843391956,Invalid,0.700,0.0321,-0.1389,-0.5374,0.1350,-0.1945,-0.3354,-0.1343,-0.1877,-0.3422,0.0956,-0.0041,-0.2135,-0.1510,-0.0009,-0.2409,0.0575,0.1850,-0.1740,-0.1633,0.2023,-0.1973,0.1030,-0.0018,-0.0016,-0.1041,0.0011,0.0025,0.1984,0.3590,-0.0608,-0.2230,0.3692,-0.0469,0.1619,0.6828,0.0780,-0.1929,0.7280,0.0813
1776843392204,Invalid,0.700,0.0423,-0.4596,-0.2365,0.1263,-0.4251,-0.1067,-0.1402,-0.4626,-0.1403,0.0812,-0.3013,-0.1062,-0.1637,-0.3078,-0.2247,0.0534,-0.2979,-0.1577,-0.0448,-0.2845,-0.3673,0.1019,0.0046,0.0028,-0.1029,-0.0051,-0.0024,0.1947,0.3246,-0.0727,-0.2181,0.3397,-0.0812,0.1632,0.6765,0.0628,-0.1968,0.7108,0.0441
1776843392457,Deep,0.800,-0.0331,-0.5862,-0.1730,0.1603,-0.4678,-0.0713,-0.1490,-0.4518,-0.0282,0.1132,-0.4879,-0.2310,-0.2244,-0.4934,-0.1595,0.0068,-0.6462,-0.3199,-0.2192,-0.6583,-0.2481,0.1109,-0.0100,-0.0052,-0.1117,0.0095,0.0056,0.2944,0.0569,-0.3166,-0.2491,0.1045,-0.2950,0.1985,0.4016,-0.1727,-0.1816,0.4152,-0.1410
1776843392706,Deep,0.800,-0.0428,-0.5527,-0.2277,0.1640,-0.4611,-0.1032,-0.1683,-0.4316,-0.0904,0.1255,-0.4549,-0.3330,-0.2277,-0.3927,-0.3221,0.0743,-0.6420,-0.5154,-0.1955,-0.6192,-0.5161,0.1156,-0.0053,-0.0129,-0.1163,0.0049,0.0132,0.3101,-0.0560,-0.3608,-0.2303,-0.0307,-0.3258,0.2315,0.2631,-0.1624,-0.1813,0.2541,-0.1183
1776843392954,Deep,0.800,-0.0289,-0.5285,-0.2321,0.1310,-0.4591,-0.1241,-0.1904,-0.4441,-0.1087,0.1340,-0.4780,-0.3505,-0.2144,-0.4606,-0.3312,0.0110,-0.5485,-0.5212,-0.1799,-0.5886,-0.4848,0.1121,-0.0052,-0.0124,-0.1128,0.0046,0.0130,0.2489,0.1261,-0.3175,-0.2598,0.1927,-0.2863,0.1441,0.5154,-0.1624,-0.2090,0.5489,-0.1218
1776843393206,Invalid,0.700,0.0221,-0.2520,-0.5173,0.1320,-0.2804,-0.3194,-0.1375,-0.3092,-0.3285,0.0788,-0.1637,-0.2408,-0.1486,-0.2425,-0.3387,0.0552,-0.1070,-0.2374,-0.1209,-0.3035,-0.4089,0.1021,0.0021,-0.0026,-0.1032,-0.0028,0.0032,0.1826,0.3396,-0.0654,-0.2354,0.3754,-0.0689,0.1592,0.6708,0.0804,-0.2206,0.7086,0.0881
1776843393457,Invalid,0.700,0.0362,-0.1296,-0.5798,0.1468,-0.1714,-0.3868,-0.1362,-0.1709,-0.3767,0.0968,0.0626,-0.2970,-0.1530,0.0302,-0.3042,0.0535,0.2673,-0.2841,-0.1514,0.2384,-0.2842,0.1065,-0.0005,-0.0048,-0.1075,-0.0002,0.0056,0.1950,0.3678,-0.0672,-0.2348,0.3643,-0.0514,0.1593,0.6907,0.0677,-0.2082,0.7330,0.0815
1776843393709,Invalid,0.700,0.0378,-0.1715,-0.4943,0.1283,-0.2001,-0.3207,-0.1449,-0.2019,-0.3284,0.0643,-0.0526,-0.2419,-0.1452,-0.0199,-0.2686,0.0683,-0.0086,-0.2417,-0.1353,0.1259,-0.2735,0.1063,-0.0009,0.0003,-0.1074,0.0003,0.0004,0.1858,0.3334,-0.0445,-0.2256,0.3577,-0.0475,0.1619,0.7068,0.0828,-0.2084,0.7074,0.0908
1776843393955,Deep,0.800,0.0170,-0.5705,-0.1681,0.1699,-0.4646,-0.0781,-0.1561,-0.5065,-0.0694,0.1434,-0.4304,-0.2962,-0.1768,-0.5263,-0.2848,0.0478,-0.5099,-0.4590,-0.1215,-0.5991,-0.4337,0.1141,-0.0056,-0.0016,-0.1147,0.0052,0.0022,0.2925,0.1593,-0.2406,-0.2678,0.2539,-0.2507,0.1644,0.5383,-0.0967,-0.1762,0.5691,-0.0674
1776843394206,Deep,0.800,-0.0146,-0.5385,-0.2865,0.1595,-0.4417,-0.1631,-0.1576,-0.4366,-0.1555,0.0995,-0.4946,-0.3642,-0.1868,-0.5038,-0.3581,-0.0033,-0.6718,-0.5181,-0.1689,-0.7051,-0.4796,0.1120,-0.0070,-0.0078,-0.1128,0.0065,0.0083,0.2924,0.0139,-0.3374,-0.2285,0.0638,-0.3206,0.2049,0.3260,-0.1133,-0.1566,0.3282,-0.0830
1776843394457,Deep,0.800,-0.0216,-0.5435,-0.2505,0.1448,-0.4421,-0.1341,-0.1808,-0.4191,-0.1438,0.1269,-0.4828,-0.3633,-0.1970,-0.4651,-0.3894,0.0374,-0.6274,-0.5471,-0.1514,-0.6762,-0.5318,0.1105,-0.0046,-0.0087,-0.1113,0.0041,0.0093,0.3093,0.0044,-0.3370,-0.2353,0.0139,-0.3127,0.2095,0.2892,-0.1122,-0.1549,0.2790,-0.0582
1776843394704,Deep,0.800,-0.0294,-0.5492,-0.2065,0.1368,-0.4579,-0.1052,-0.1817,-0.4960,-0.0755,0.1194,-0.4306,-0.3009,-0.2010,-0.5301,-0.2687,0.0437,-0.5257,-0.4682,-0.1353,-0.6155,-0.4220,0.1134,-0.0046,-0.0093,-0.1141,0.0040,0.0098,0.2850,0.1844,-0.2413,-0.2747,0.2471,-0.2273,0.1679,0.5477,-0.0726,-0.2104,0.5846,-0.0354
1776843394953,Shallow,0.800,0.0225,-0.1713,-0.5362,0.1241,-0.2085,-0.3492,-0.1421,-0.2307,-0.3502,0.0706,-0.0670,-0.2667,-0.1487,-0.1809,-0.3309,0.0499,0.0076,-0.2639,-0.1282,-0.2523,-0.3767,0.1048,0.0015,-0.0066,-0.1059,-0.0026,0.0072,0.1909,0.3348,-0.0773,-0.2569,0.3723,-0.0720,0.1518,0.6854,0.0668,-0.2375,0.7094,0.0813
1776843395209,Invalid,0.700,0.0341,-0.1624,-0.6007,0.1377,-0.1758,-0.3911,-0.1374,-0.1789,-0.3725,0.0862,0.0349,-0.3079,-0.1535,0.0102,-0.2837,0.0535,0.1740,-0.3001,-0.1650,0.1570,-0.2471,0.1050,-0.0021,-0.0104,-0.1062,0.0013,0.0111,0.1881,0.3592,-0.0484,-0.1923,0.3641,-0.0305,0.1792,0.6900,0.0902,-0.1765,0.7179,0.1162
1776843395453,Invalid,0.700,0.0510,-0.3180,-0.3598,0.1157,-0.3070,-0.2100,-0.1199,-0.3574,-0.2390,0.0310,-0.2054,-0.2004,-0.1230,-0.3031,-0.2983,0.0274,-0.2142,-0.2471,-0.0700,-0.3928,-0.3887,0.0953,0.0050,0.0011,-0.0964,-0.0057,-0.0006,0.1828,0.3397,-0.0575,-0.2163,0.3442,-0.0722,0.1589,0.6835,0.0842,-0.2013,0.6923,0.0830
1776843395709,Deep,0.800,0.0156,-0.5812,-0.1428,0.1636,-0.4689,-0.0570,-0.1574,-0.4687,-0.0638,0.1767,-0.4469,-0.3048,-0.1738,-0.4562,-0.3193,0.0634,-0.5207,-0.5064,-0.0942,-0.5415,-0.4887,0.1130,-0.0053,-0.0036,-0.1134,0.0048,0.0043,0.2926,0.1033,-0.3132,-0.2580,0.1755,-0.2986,0.1658,0.4650,-0.1512,-0.1973,0.4950,-0.1232
1776843395956,Deep,0.800,-0.0286,-0.5232,-0.2981,0.1583,-0.4300,-0.1735,-0.1640,-0.4196,-0.1662,0.1189,-0.4549,-0.3922,-0.1814,-0.4759,-0.3946,0.0260,-0.6409,-0.5581,-0.1712,-0.7160,-0.5265,0.1106,-0.0105,-0.0056,-0.1115,0.0101,0.0061,0.2976,-0.0499,-0.3455,-0.2225,0.0120,-0.3352,0.2261,0.2696,-0.1449,-0.1636,0.2706,-0.1082
1776843396204,Deep,0.800,-0.0150,-0.5366,-0.2460,0.1549,-0.4261,-0.1284,-0.1721,-0.4121,-0.1352,0.1236,-0.4046,-0.3389,-0.1979,-0.4064,-0.3546,0.0474,-0.5585,-0.5185,-0.1485,-0.6101,-0.4944,0.1123,-0.0051,-0.0080,-0.1131,0.0046,0.0086,0.2942,0.0366,-0.3374,-0.2402,0.0637,-0.3203,0.2180,0.3260,-0.1109,-0.1778,0.3106,-0.0605
1776843396457,Shallow,0.800,0.0000,-0.4401,-0.3012,0.1313,-0.4021,-0.1818,-0.1665,-0.4683,-0.1661,0.0893,-0.3339,-0.2933,-0.1822,-0.4454,-0.2795,0.0354,-0.4499,-0.4392,-0.1301,-0.5260,-0.4183,0.1081,0.0027,-0.0089,-0.1090,-0.0033,0.0093,0.2548,0.2414,-0.1929,-0.2610,0.2820,-0.1850,0.1441,0.5949,-0.0331,-0.2267,0.6290,-0.0223
1776843396705,Invalid,0.700,-0.0066,-0.1251,-0.5603,0.1200,-0.1859,-0.3466,-0.1608,-0.1630,-0.3433,0.0646,-0.0712,-0.1966,-0.1904,0.0284,-0.2558,0.0318,-0.0072,-0.1103,-0.1965,0.2056,-0.2456,0.1066,-0.0016,-0.0055,-0.1079,0.0010,0.0065,0.1820,0.3601,-0.0478,-0.2345,0.3714,-0.0233,0.1522,0.6875,0.0901,-0.2341,0.7391,0.0980
1776843396955,Invalid,0.700,0.0322,-0.1591,-0.5602,0.1231,-0.2066,-0.3506,-0.1409,-0.1834,-0.3583,0.0987,-0.0078,-0.2342,-0.1608,0.0331,-0.2722,0.0483,0.1941,-0.2070,-0.1731,0.2590,-0.2611,0.0979,-0.0031,-0.0039,-0.0991,0.0026,0.0048,0.1804,0.3684,-0.0735,-0.2191,0.3689,-0.0540,0.1563,0.7049,0.0545,-0.2110,0.7525,0.0560
1776843397205,Shallow,0.800,0.0307,-0.4371,-0.2700,0.1075,-0.4093,-0.1357,-0.1575,-0.4347,-0.1494,0.0557,-0.2734,-0.1496,-0.1603,-0.2784,-0.2332,0.0069,-0.2893,-0.2307,-0.1066,-0.2681,-0.3950,0.1010,-0.0015,-0.0033,-0.1021,0.0010,0.0038,0.2143,0.2842,-0.1359,-0.2278,0.3254,-0.1397,0.1595,0.6488,0.0068,-0.1891,0.6686,0.0125
1776843397457,Deep,0.800,-0.0179,-0.5602,-0.1806,0.1507,-0.4556,-0.0760,-0.1780,-0.4491,-0.0583,0.1431,-0.4414,-0.2871,-0.1856,-0.4167,-0.2519,0.0357,-0.5916,-0.4660,-0.1403,-0.5761,-0.4112,0.1143,-0.0054,-0.0097,-0.1150,0.0049,0.0103,0.2941,0.1062,-0.3209,-0.2655,0.1569,-0.2967,0.1682,0.4507,-0.1298,-0.1827,0.4612,-0.0926
1776843397706,Deep,0.800,-0.0175,-0.5380,-0.2281,0.1510,-0.4414,-0.1199,-0.1664,-0.4500,-0.1307,0.1130,-0.4690,-0.3524,-0.1983,-0.4713,-0.3972,0.0742,-0.6288,-0.5430,-0.1605,-0.6563,-0.6009,0.1103,0.0012,-0.0086,-0.1111,-0.0017,0.0091,0.2960,-0.0649,-0.3594,-0.2267,-0.0446,-0.3433,0.2107,0.2623,-0.1810,-0.1688,0.2368,-0.1371
1776843397953,Deep,0.800,-0.0356,-0.5710,-0.1691,0.1413,-0.4549,-0.0736,-0.1880,-0.4619,-0.0687,0.1057,-0.4334,-0.3180,-0.1919,-0.4460,-0.3078,0.0349,-0.5698,-0.5289,-0.1456,-0.5901,-0.5004,0.1182,-0.0031,-0.0106,-0.1188,0.0026,0.0112,0.2795,0.1098,-0.3292,-0.2473,0.1666,-0.3035,0.1729,0.4615,-0.1414,-0.1820,0.4798,-0.1080
1776843398207,Shallow,0.800,0.0328,-0.4042,-0.3179,0.1291,-0.3790,-0.1798,-0.1361,-0.4489,-0.1874,0.0770,-0.2451,-0.1881,-0.1661,-0.3674,-0.2447,0.0488,-0.2520,-0.2704,-0.1074,-0.3845,-0.3752,0.1021,0.0044,-0.0030,-0.1030,-0.0050,0.0035,0.2007,0.3138,-0.1231,-0.2360,0.3531,-0.1310,0.1656,0.6662,0.0063,-0.2190,0.6925,0.0100
1776843398455,Invalid,0.700,0.0019,-0.1511,-0.5307,0.1102,-0.2069,-0.3561,-0.1477,-0.1749,-0.3306,0.0939,0.0108,-0.2687,-0.1630,0.0390,-0.2552,0.0142,0.2119,-0.2538,-0.2153,0.2517,-0.2486,0.0973,-0.0057,-0.0094,-0.0984,0.0051,0.0102,0.1736,0.3674,-0.0654,-0.2271,0.3737,-0.0477,0.1541,0.7291,0.0496,-0.2105,0.7627,0.0615
1776843398708,Invalid,0.700,0.0206,-0.1509,-0.5691,0.1183,-0.2117,-0.3519,-0.1493,-0.1678,-0.3571,0.0931,-0.0331,-0.2034,-0.1508,0.0431,-0.2868,0.0380,0.1639,-0.1246,-0.1706,0.2575,-0.2854,0.0986,-0.0074,-0.0006,-0.0998,0.0069,0.0016,0.1708,0.3631,-0.0507,-0.2061,0.3732,-0.0431,0.1556,0.7233,0.0563,-0.2069,0.7437,0.0512
1776843398957,Shallow,0.800,0.0444,-0.4946,-0.2342,0.1240,-0.4345,-0.1083,-0.1369,-0.4688,-0.1407,0.0767,-0.2717,-0.1151,-0.1405,-0.3071,-0.2319,0.0477,-0.2451,-0.1807,-0.0365,-0.2959,-0.3809,0.1022,0.0014,-0.0012,-0.1031,-0.0018,0.0017,0.2042,0.2986,-0.1125,-0.2247,0.3314,-0.1154,0.1662,0.6515,0.0339,-0.1843,0.6875,0.0284
1776843399203,Deep,0.800,0.0017,-0.6143,-0.1983,0.1817,-0.4897,-0.0534,-0.1528,-0.4520,-0.0589,0.3094,-0.7732,-0.1014,-0.2568,-0.5955,-0.1170,0.2463,-0.9316,-0.0347,-0.1503,-0.6884,-0.0638,0.1144,-0.0026,0.0009,-0.1154,0.0024,-0.0001,0.3001,0.0580,-0.3249,-0.2429,0.1008,-0.3284,0.2056,0.4083,-0.1806,-0.1636,0.4015,-0.1716
1776843399456,Deep,0.800,-0.0196,-0.4642,-0.4165,0.1682,-0.4510,-0.2658,-0.1704,-0.4187,-0.2341,0.3121,-0.6893,-0.3398,-0.3072,-0.5702,-0.2786,0.3458,-0.9095,-0.3879,-0.4192,-0.7370,-0.3451,0.1104,0.0002,-0.0100,-0.1113,-0.0008,0.0104,0.3005,0.0048,-0.2855,-0.2441,0.0246,-0.2923,0.2156,0.2822,-0.0594,-0.1985,0.2409,-0.0254
1776843399704,Deep,0.800,-0.0029,-0.5817,-0.2613,0.1568,-0.4760,-0.1289,-0.1773,-0.4734,-0.1247,0.2088,-0.5944,-0.2676,-0.2344,-0.6492,-0.2698,0.0385,-0.6464,-0.3112,-0.1425,-0.7723,-0.2772,0.1195,-0.0125,-0.0056,-0.1203,0.0120,0.0062,0.2994,0.1004,-0.2768,-0.2483,0.1627,-0.2657,0.1982,0.4567,-0.0759,-0.1765,0.4704,-0.0614
1776843399958,Shallow,0.800,0.0411,-0.2664,-0.5083,0.1506,-0.2667,-0.3204,-0.1372,-0.3204,-0.3244,0.1222,-0.0272,-0.2388,-0.1424,-0.2343,-0.3019,0.1320,0.1829,-0.2578,-0.1064,-0.2460,-0.3613,0.1045,-0.0002,-0.0030,-0.1052,-0.0006,0.0036,0.2214,0.3192,-0.0627,-0.2295,0.3711,-0.0713,0.1711,0.6676,0.0951,-0.1795,0.6919,0.0952
1776843400204,Invalid,0.700,0.0344,-0.1209,-0.5907,0.1439,-0.1651,-0.3800,-0.1307,-0.1593,-0.3686,0.1061,0.0354,-0.2599,-0.1208,0.0312,-0.2949,0.0696,0.2023,-0.2121,-0.1140,0.2125,-0.2831,0.1045,-0.0025,-0.0095,-0.1056,0.0018,0.0103,0.1773,0.3746,-0.0570,-0.2009,0.3773,-0.0440,0.1743,0.7124,0.0823,-0.1806,0.7290,0.1075
1776843400453,Invalid,0.700,0.0280,-0.1550,-0.5156,0.1314,-0.2076,-0.3228,-0.1342,-0.1977,-0.3282,0.0662,-0.1445,-0.1971,-0.1632,-0.0028,-0.2407,0.0439,-0.1166,-0.0992,-0.1799,0.1785,-0.2145,0.1047,0.0004,-0.0048,-0.1059,-0.0010,0.0056,0.1909,0.3353,-0.0616,-0.2134,0.3627,-0.0497,0.1623,0.6758,0.0861,-0.1691,0.7002,0.1014
1776843400703,Shallow,0.800,0.0548,-0.5753,-0.1524,0.1547,-0.4656,-0.0466,-0.1388,-0.4928,-0.0610,0.1204,-0.3688,-0.2006,-0.1562,-0.3944,-0.2359,0.0413,-0.4287,-0.3564,-0.0629,-0.4233,-0.3920,0.1108,-0.0036,-0.0002,-0.1115,0.0031,0.0007,0.2878,0.2219,-0.1828,-0.2584,0.2638,-0.1966,0.1905,0.5847,-0.0217,-0.1887,0.6032,-0.0282
1776843400958,Deep,0.800,-0.0246,-0.5262,-0.2917,0.1479,-0.4673,-0.1308,-0.1780,-0.4232,-0.1081,0.2404,-0.6743,-0.1716,-0.2440,-0.5912,-0.1440,0.1626,-0.8529,-0.1401,-0.2383,-0.7465,-0.0848,0.1136,-0.0110,-0.0053,-0.1147,0.0105,0.0059,0.3301,0.0288,-0.2832,-0.2604,0.0670,-0.2743,0.2179,0.3399,-0.1070,-0.1521,0.3319,-0.0848
1776843401204,Deep,0.800,0.0073,-0.4956,-0.3845,0.1426,-0.4736,-0.2295,-0.1647,-0.4125,-0.2234,0.2219,-0.7011,-0.3056,-0.2482,-0.5929,-0.3066,0.1715,-0.8651,-0.3313,-0.2364,-0.7366,-0.3234,0.1060,-0.0153,-0.0059,-0.1071,0.0147,0.0064,0.2846,0.0065,-0.2625,-0.2226,0.0474,-0.2691,0.2162,0.2932,-0.0351,-0.1633,0.2825,-0.0062
1776843401457,Deep,0.800,0.0073,-0.5128,-0.2941,0.1667,-0.4556,-0.1568,-0.1636,-0.4618,-0.1541,0.1737,-0.5772,-0.3347,-0.1815,-0.6023,-0.3298,0.0397,-0.6614,-0.4193,-0.1291,-0.7482,-0.3911,0.1179,-0.0072,-0.0057,-0.1187,0.0067,0.0063,0.2821,0.1333,-0.3171,-0.2510,0.1766,-0.3028,0.1841,0.5122,-0.1479,-0.1810,0.5070,-0.1251
1776843401701,Shallow,0.800,0.0384,-0.1324,-0.5742,0.1480,-0.1718,-0.3641,-0.1396,-0.1860,-0.3526,0.1257,0.0746,-0.2729,-0.1557,-0.0242,-0.2910,0.1281,0.2902,-0.2895,-0.1342,0.0717,-0.3134,0.1069,-0.0052,-0.0081,-0.1077,0.0043,0.0087,0.2156,0.3266,-0.0794,-0.2315,0.3727,-0.0729,0.1914,0.6719,0.0698,-0.1842,0.7017,0.0818
1776843401957,Invalid,0.700,0.0212,-0.1134,-0.6076,0.1514,-0.1440,-0.3961,-0.1476,-0.1462,-0.3718,0.1034,0.0671,-0.3076,-0.1619,0.0434,-0.2884,0.0655,0.2243,-0.2937,-0.1672,0.2248,-0.2624,0.1098,-0.0007,-0.0098,-0.1110,0.0000,0.0106,0.1892,0.3466,-0.0897,-0.2031,0.3414,-0.0643,0.1702,0.6594,0.0455,-0.1829,0.7087,0.0660
1776843402202,Shallow,0.800,0.0339,-0.1130,-0.5996,0.1525,-0.1201,-0.4093,-0.1583,-0.1491,-0.3880,0.0955,0.1508,-0.3729,-0.1639,0.0295,-0.3524,0.0859,0.3638,-0.4067,-0.1093,0.1300,-0.3759,0.1141,0.0007,-0.0057,-0.1149,-0.0014,0.0063,0.1965,0.3387,-0.1041,-0.2208,0.3304,-0.0991,0.1520,0.6749,0.0282,-0.1790,0.6909,0.0352
1776843402455,Deep,0.800,0.0498,-0.5747,-0.1735,0.1582,-0.4534,-0.0777,-0.1533,-0.4839,-0.0953,0.1291,-0.4267,-0.3142,-0.1553,-0.4955,-0.3632,0.0432,-0.5102,-0.5036,-0.0744,-0.5784,-0.5286,0.1123,-0.0027,0.0013,-0.1129,0.0022,-0.0006,0.3008,0.1461,-0.2761,-0.2492,0.1948,-0.2837,0.1883,0.5334,-0.1423,-0.1913,0.5472,-0.1307
1776843402705,Deep,0.800,-0.0169,-0.4917,-0.3789,0.1459,-0.4623,-0.2133,-0.1768,-0.4154,-0.1987,0.2425,-0.7246,-0.2537,-0.2380,-0.5854,-0.2281,0.2060,-0.8988,-0.2155,-0.2884,-0.7562,-0.1986,0.1119,-0.0089,-0.0084,-0.1129,0.0083,0.0089,0.3218,-0.0519,-0.3139,-0.2524,-0.0092,-0.3022,0.2179,0.2532,-0.1136,-0.1597,0.2600,-0.1099
1776843402953,Deep,0.800,-0.0266,-0.5470,-0.3159,0.1361,-0.5073,-0.1711,-0.1834,-0.4453,-0.1636,0.2182,-0.7428,-0.2573,-0.2686,-0.6164,-0.2605,0.1941,-0.9139,-0.2870,-0.2966,-0.7896,-0.3040,0.1126,-0.0137,-0.0068,-0.1135,0.0132,0.0073,0.2999,0.0064,-0.2929,-0.2492,0.0381,-0.2896,0.2055,0.3081,-0.0739,-0.1933,0.2943,-0.0585
1776843403202,Shallow,0.800,0.0344,-0.5042,-0.2021,0.1386,-0.4414,-0.0805,-0.1603,-0.4576,-0.0953,0.1479,-0.3051,-0.1869,-0.1411,-0.3252,-0.2321,0.0550,-0.3507,-0.3291,-0.0286,-0.3620,-0.3650,0.1132,-0.0022,-0.0080,-0.1140,0.0016,0.0084,0.2735,0.2770,-0.1730,-0.2536,0.3176,-0.1687,0.1852,0.6424,-0.0194,-0.2319,0.6509,-0.0067
1776843403454,Invalid,0.700,0.0400,-0.1941,-0.5153,0.1209,-0.2400,-0.3082,-0.1504,-0.2151,-0.3350,0.0681,-0.1259,-0.1533,-0.1699,0.0044,-0.2672,0.0524,-0.0638,-0.0719,-0.1850,0.2152,-0.2672,0.1019,-0.0039,0.0031,-0.1031,0.0033,-0.0022,0.1819,0.3576,-0.0498,-0.2314,0.3805,-0.0507,0.1583,0.6996,0.0793,-0.2047,0.7373,0.0687
1776843403705,Invalid,0.700,0.0364,-0.1523,-0.5710,0.1457,-0.1784,-0.3528,-0.1445,-0.1757,-0.3491,0.1072,0.0283,-0.2530,-0.1810,0.0135,-0.2551,0.0928,0.2176,-0.2334,-0.1945,0.1809,-0.2143,0.1065,-0.0026,-0.0050,-0.1076,0.0018,0.0057,0.1961,0.3277,-0.1132,-0.2081,0.3363,-0.0942,0.1598,0.6598,0.0052,-0.1835,0.7107,0.0083
1776843403954,Invalid,0.700,0.0450,-0.2198,-0.4742,0.1359,-0.2435,-0.3051,-0.1360,-0.2453,-0.3018,0.0758,-0.0651,-0.2527,-0.1761,-0.0360,-0.2622,0.0507,0.0445,-0.2523,-0.1871,0.1782,-0.2570,0.1005,-0.0025,0.0012,-0.1017,0.0019,-0.0005,0.1691,0.3373,-0.1246,-0.2281,0.3511,-0.1251,0.1015,0.6730,-0.0401,-0.2054,0.7292,-0.0560
1776843404478,Invalid,0.700,0.0705,-0.1878,-0.5018,0.1671,-0.1830,-0.3112,-0.1021,-0.2838,-0.3170,0.0915,-0.0631,-0.1529,-0.2001,-0.1847,-0.1585,0.0397,0.0759,-0.0396,-0.2787,-0.0207,-0.0538,0.0990,0.0150,0.0009,-0.1000,-0.0156,0.0001,0.1257,0.3489,0.0151,-0.1800,0.3778,0.0237,0.0721,0.6675,0.1771,-0.2003,0.7209,0.1747
1776843404722,Invalid,0.700,0.0702,-0.2297,-0.4957,0.1944,-0.2309,-0.2953,-0.0868,-0.3113,-0.3139,0.1864,-0.1117,-0.1452,-0.1721,-0.1881,-0.1632,0.1483,0.0107,-0.0662,-0.2890,-0.0293,-0.0853,0.1013,0.0193,-0.0028,-0.1022,-0.0198,0.0038,0.1227,0.3458,-0.0092,-0.1839,0.3588,0.0115,0.0701,0.6316,0.1580,-0.1828,0.7161,0.1501
1776843404970,Invalid,0.700,0.0877,-0.3201,-0.4782,0.1791,-0.3056,-0.2713,-0.1106,-0.3488,-0.2858,0.2390,-0.1490,-0.2081,-0.1461,-0.1940,-0.1111,0.2438,0.0194,-0.2942,-0.2433,-0.0186,-0.0195,0.1002,0.0064,-0.0029,-0.1008,-0.0069,0.0036,0.1570,0.3511,-0.0279,-0.1312,0.3732,-0.0618,0.1389,0.6052,0.1810,-0.1041,0.7466,0.0705
1776843405221,Invalid,0.700,0.0569,-0.4339,-0.3885,0.1418,-0.3794,-0.1963,-0.1318,-0.3762,-0.2255,0.1996,-0.1929,-0.1266,-0.1740,-0.1779,-0.1645,0.2143,0.0083,-0.1752,-0.2344,0.0162,-0.1741,0.0952,-0.0001,-0.0063,-0.0959,-0.0005,0.0070,0.1607,0.3544,-0.0753,-0.1101,0.3314,-0.0652,0.1553,0.7139,0.0251,-0.0748,0.6886,0.0566
1776843405469,Invalid,0.700,0.0036,-0.4985,-0.0933,0.0547,-0.3917,-0.0889,-0.0628,-0.3867,-0.0135,0.0532,-0.1691,-0.1073,-0.0973,-0.1595,-0.0033,0.0505,0.0248,-0.1638,-0.1976,0.0129,-0.0417,0.0469,-0.0028,-0.0308,-0.0475,0.0022,0.0313,0.0387,0.3603,-0.0486,-0.0475,0.3264,0.0024,0.0742,0.7206,-0.0395,-0.0329,0.6687,0.0622
1776843405721,Invalid,0.700,-0.0195,-0.3642,-0.3237,0.1375,-0.3199,-0.2122,-0.1502,-0.2749,-0.1987,0.1840,-0.1247,-0.1320,-0.1528,-0.0905,-0.1545,0.2103,-0.0316,-0.0946,-0.1697,-0.0084,-0.1590,0.1002,-0.0065,-0.0238,-0.1010,0.0060,0.0240,0.0971,0.3570,-0.0020,-0.1277,0.3516,0.0152,0.0376,0.6141,0.1591,-0.0862,0.6441,0.1887
1776843405970,Invalid,0.700,-0.1308,-0.5554,-0.2488,0.0503,-0.4174,-0.2251,-0.1670,-0.4608,-0.1275,0.1211,-0.1766,-0.2275,-0.1856,-0.3199,-0.1045,0.0559,0.0304,-0.2374,-0.2277,-0.2907,-0.1635,0.0743,0.0095,-0.0370,-0.0749,-0.0102,0.0371,0.0709,0.2239,0.1064,-0.0541,0.1740,0.1610,0.0751,0.3640,0.3731,0.0174,0.3728,0.3908