FrameNo,nose_x,nose_y,nose_z,left_shoulder_x,left_shoulder_y,left_shoulder_z,left_elbow_x,left_elbow_y,left_elbow_z,right_shoulder_x,right_shoulder_y,right_shoulder_z,right_elbow_x,right_elbow_y,right_elbow_z,left_wrist_x,left_wrist_y,left_wrist_z,right_wrist_x,right_wrist_y,right_wrist_z,left_hip_x,left_hip_y,left_hip_z,right_hip_x,right_hip_y,right_hip_z,left_knee_x,left_knee_y,left_knee_z,right_knee_x,right_knee_y,right_knee_z,left_ankle_x,left_ankle_y,left_ankle_z,right_ankle_x,right_ankle_y,right_ankle_z
32,-0.010522000000000002,0.628639,0.0563505,-0.16051,0.44237899999999997,0.0327315,-0.22391,0.636829,-0.0033585000000000004,0.14932,0.450659,0.0465825,0.23194,0.639139,0.0133105,-0.26207,0.836969,-0.0032765000000000016,0.27571999999999997,0.8360489999999999,0.0050235,-0.062793,-0.002173,-0.00024749999999999946,0.062793,0.0021729999999999996,0.00024749999999999946,-0.12901,-0.360061,-0.0452735,0.12436,-0.357601,-0.0340395,-0.20531,-0.785451,-0.0426515,0.17215,-0.787371,-0.025473500000000003
33,-0.011168,0.629269,0.051254,-0.160474,0.44237899999999997,0.028732,-0.224264,0.636589,-0.009581,0.149366,0.450499,0.042876,0.232276,0.6386189999999999,0.006598,-0.263934,0.8367789999999999,-0.012375,0.276076,0.8360489999999999,-0.002685,-0.062858,-0.002173,-0.000451,0.062858,0.0021729999999999996,0.000451,-0.129174,-0.360061,-0.047139,0.12478600000000001,-0.357601,-0.035327,-0.205254,-0.785451,-0.045391,0.172566,-0.787961,-0.027909000000000003
34,-0.011879999999999998,0.629644,0.045217999999999994,-0.16053099999999998,0.44257399999999997,0.024242,-0.224791,0.636584,-0.01657,0.14940900000000001,0.450214,0.038518,0.232629,0.637824,-0.0010089999999999995,-0.266171,0.836814,-0.021958000000000002,0.276469,0.835974,-0.011307999999999999,-0.06293599999999999,-0.002098,-0.0006720000000000007,0.06293599999999999,0.002098,0.0006719999999999999,-0.129431,-0.359896,-0.049422999999999995,0.125339,-0.357576,-0.037028000000000005,-0.205231,-0.7863060000000001,-0.048586000000000004,0.17302900000000002,-0.788236,-0.030751999999999998
35,-0.012438499999999998,0.630258,0.0384245,-0.1605945,0.443168,0.0192065,-0.2254945,0.636918,-0.0244505,0.1495155,0.450038,0.0335615,0.2331155,0.637028,-0.0093085,-0.2686545,0.836888,-0.0318175,0.2769155,0.835848,-0.0203075,-0.0629985,-0.001963,-0.0008885000000000004,0.0629985,0.0019630000000000003,0.0008884999999999995,-0.1297645,-0.359622,-0.0524275,0.1261255,-0.357572,-0.0393405,-0.2051745,-0.786842,-0.0521235,0.1737855,-0.788902,-0.034118499999999996
36,-0.013034,0.6314434999999999,0.030709499999999997,-0.160819,0.4436535,0.013648500000000001,-0.226329,0.6370334999999999,-0.0325525,0.149621,0.4498635,0.027900499999999998,0.23362100000000002,0.6362034999999999,-0.0181515,-0.27153900000000003,0.8367935,-0.0420585,0.277381,0.8356435,-0.0296475,-0.063085,-0.0018765,-0.0010795,0.063085,0.0018764999999999997,0.0010795,-0.13027899999999998,-0.3593265,-0.055891500000000004,0.127131,-0.3574465,-0.0425065,-0.20509899999999998,-0.7868765000000001,-0.0561535,0.17495100000000002,-0.7885165000000001,-0.0380665
37,-0.013425999999999999,0.6326285,0.021001,-0.160997,0.4447085,0.006980999999999999,-0.226747,0.6370885,-0.04202,0.149653,0.44943849999999996,0.019749,0.234313,0.6351884999999999,-0.028464,-0.27386699999999997,0.8365385,-0.053338,0.278053,0.8348385,-0.041847,-0.063166,-0.0017775,-0.001256,0.063166,0.0017775,0.0012560000000000002,-0.131427,-0.35878150000000003,-0.059947,0.129213,-0.3570815,-0.04646,-0.20499699999999998,-0.7856215,-0.061183,0.17666300000000001,-0.7869615,-0.043054
38,-0.013822999999999997,0.633274,0.010556,-0.161073,0.44601399999999997,-6.299999999999969e-05,-0.227243,0.637364,-0.051896000000000005,0.149747,0.449204,0.01109,0.235097,0.634304,-0.039019000000000005,-0.275973,0.836354,-0.064708,0.27872700000000006,0.834164,-0.05383,-0.06325,-0.001765,-0.001288,0.06325,0.0017649999999999996,0.001288,-0.132993,-0.358116,-0.064207,0.131817,-0.35643600000000003,-0.050588,-0.205023,-0.783606,-0.066633,0.178557,-0.784446,-0.048526
39,-0.014120500000000005,0.633171,0.00024000000000000063,-0.16102450000000001,0.44743099999999997,-0.006698999999999999,-0.2279745,0.6374310000000001,-0.061109,0.1498855,0.448531,0.001963000000000001,0.2357655,0.632461,-0.049667,-0.2764345,0.835241,-0.074005,0.2789855,0.832481,-0.064695,-0.0633585,-0.0017679999999999996,-0.0012839999999999987,0.0633585,0.0017680000000000005,0.0012840000000000004,-0.1350445,-0.35729900000000003,-0.068377,0.13490549999999998,-0.35557900000000003,-0.054320999999999994,-0.2052945,-0.7804989999999999,-0.072173,0.18075549999999999,-0.7813089999999999,-0.054126999999999995
40,-0.014364999999999998,0.6324774999999999,-0.0101505,-0.16103099999999998,0.4467375,-0.017299500000000002,-0.22833099999999998,0.6367674999999999,-0.0699495,0.150149,0.44526750000000004,-0.0096865,0.236489,0.6291775,-0.0596185,-0.27697099999999997,0.8342275,-0.08270050000000001,0.279059,0.8291775,-0.0746105,-0.063437,-0.0017175000000000003,-0.0011925000000000009,0.063437,0.0017175000000000003,0.0011924999999999991,-0.13808099999999998,-0.35586249999999997,-0.0742545,0.139049,-0.3541625,-0.058528500000000004,-0.205871,-0.7759325,-0.07823150000000001,0.183149,-0.7767425,-0.059922500000000004
41,-0.014570000000000005,0.631444,-0.020415000000000003,-0.160963,0.446654,-0.027559,-0.22809300000000002,0.6366240000000001,-0.078753,0.150317,0.443264,-0.020935000000000002,0.237377,0.627104,-0.069273,-0.276603,0.833774,-0.091236,0.279447,0.8271540000000001,-0.083619,-0.063542,-0.0016540000000000027,-0.0010240000000000006,0.063542,0.0016539999999999992,0.0010240000000000006,-0.141593,-0.354086,-0.08045000000000001,0.144127,-0.352036,-0.063476,-0.206663,-0.769816,-0.084434,0.18595699999999998,-0.770546,-0.066104
42,-0.014805999999999998,0.629746,-0.0307395,-0.160983,0.446566,-0.0380045,-0.228263,0.636336,-0.08773449999999999,0.150337,0.44163600000000003,-0.0320375,0.238117,0.6256160000000001,-0.0786675,-0.276733,0.8336560000000001,-0.09902849999999999,0.279717,0.825746,-0.09262949999999999,-0.063557,-0.0014869999999999987,-0.0009275000000000012,0.063557,0.0014870000000000022,0.0009275000000000012,-0.146033,-0.35159399999999996,-0.08759249999999999,0.150387,-0.34943399999999997,-0.0705465,-0.207843,-0.762134,-0.09113349999999999,0.188737,-0.762964,-0.0723735
43,-0.0152195,0.6274029999999999,-0.040673,-0.1607405,0.44503299999999996,-0.048338,-0.2284005,0.635093,-0.096397,0.1502895,0.440063,-0.042721999999999996,0.2383495,0.624053,-0.088297,-0.2765605,0.832523,-0.10676100000000001,0.2799195,0.8243929999999999,-0.101435,-0.0636395,-0.0013150000000000037,-0.0008750000000000008,0.0636395,0.0013149999999999967,0.0008750000000000008,-0.1509705,-0.347767,-0.09527000000000001,0.1568595,-0.345357,-0.077995,-0.2093305,-0.752777,-0.097889,0.1916995,-0.753707,-0.07901999999999999
44,-0.015834,0.6239245,-0.050386,-0.160627,0.44263450000000004,-0.058411000000000005,-0.229507,0.6333445,-0.10456599999999999,0.150103,0.4380045,-0.053181,0.238433,0.6219745,-0.097693,-0.276547,0.8310345,-0.114582,0.27967299999999995,0.8225945,-0.110012,-0.063848,-0.001284500000000001,-0.0008710000000000002,0.063848,0.001284500000000001,0.0008710000000000002,-0.155967,-0.3420955,-0.10291399999999999,0.163403,-0.33940549999999997,-0.085825,-0.211137,-0.7414255000000001,-0.104965,0.194603,-0.7426755,-0.085641
45,-0.016207500000000003,0.620179,-0.06378700000000001,-0.1602845,0.43996900000000005,-0.07306,-0.23003449999999998,0.631209,-0.118755,0.1501055,0.43603899999999995,-0.06806100000000001,0.2388655,0.620059,-0.11186299999999999,-0.2772845,0.8292390000000001,-0.12948300000000001,0.2790355,0.821109,-0.12398100000000001,-0.0638355,-0.0014829999999999982,-0.0011099999999999999,0.0638355,0.0014830000000000051,0.0011099999999999999,-0.16097450000000002,-0.331631,-0.115654,0.17060550000000002,-0.328701,-0.09894,-0.2130245,-0.725661,-0.117336,0.1975155,-0.7274109999999999,-0.09679100000000002
46,-0.016233500000000005,0.6166225,-0.0758655,-0.1594845,0.4368725,-0.08863750000000001,-0.2308445,0.6285725,-0.1333905,0.1498655,0.4341525,-0.08198749999999999,0.2392355,0.6188825,-0.12515949999999998,-0.2771445,0.8270025,-0.1457255,0.2780455,0.8204125,-0.13717649999999998,-0.06374350000000001,-0.0016525000000000012,-0.0011564999999999978,0.06374350000000001,0.0016525000000000012,0.0011565000000000047,-0.1673845,-0.3155175,-0.1337295,0.1771455,-0.3127275,-0.11372349999999999,-0.2148545,-0.7046975000000001,-0.1296065,0.1999255,-0.7096575,-0.1078035
47,-0.016239000000000003,0.61311,-0.087092,-0.158613,0.43297,-0.103728,-0.231493,0.62425,-0.14885500000000002,0.149607,0.43320000000000003,-0.095131,0.239857,0.61838,-0.138503,-0.277123,0.82341,-0.161725,0.277487,0.82018,-0.151865,-0.063609,-0.0019799999999999957,-0.0013190000000000007,0.063609,0.0019800000000000095,0.0013190000000000007,-0.173423,-0.29821,-0.151215,0.18337699999999998,-0.29646,-0.128853,-0.216493,-0.68293,-0.14158500000000002,0.202127,-0.6905,-0.11818100000000001
48,-0.0163875,0.608865,-0.0978025,-0.1575705,0.429975,-0.1187955,-0.23098049999999998,0.621385,-0.1639285,0.14889950000000002,0.43050499999999997,-0.1079495,0.2401995,0.6160049999999999,-0.15134350000000002,-0.2751905,0.821445,-0.1808285,0.2767495,0.818065,-0.1670085,-0.0634485,-0.002045000000000019,-0.0014505000000000004,0.0634485,0.0020449999999999913,0.0014505000000000004,-0.17918050000000002,-0.27837500000000004,-0.16892849999999998,0.18941950000000002,-0.277605,-0.14517750000000001,-0.21792050000000002,-0.658115,-0.15330850000000001,0.20396950000000003,-0.667985,-0.12833650000000002
49,-0.016203000000000006,0.602205,-0.108525,-0.156227,0.428585,-0.13036,-0.229817,0.6183449999999999,-0.180996,0.14807299999999998,0.431405,-0.11871699999999999,0.241033,0.615955,-0.165216,-0.273237,0.8188949999999999,-0.200316,0.27636299999999997,0.818335,-0.183046,-0.06329,-0.002145000000000008,-0.0017140000000000002,0.06329,0.002145000000000008,0.0017140000000000002,-0.184277,-0.257945,-0.186416,0.194693,-0.257545,-0.161966,-0.218957,-0.6332949999999999,-0.164766,0.20574299999999998,-0.6448450000000001,-0.138615
50,-0.015743,0.59653,-0.11873349999999999,-0.154747,0.42755,-0.14165250000000001,-0.22877699999999998,0.6149100000000001,-0.1975325,0.14733300000000002,0.4321,-0.12927650000000002,0.242123,0.6149899999999999,-0.17953249999999998,-0.271497,0.81599,-0.22016249999999998,0.276663,0.81774,-0.1995925,-0.063196,-0.0023900000000000032,-0.002207500000000001,0.063196,0.0023900000000000032,0.002207500000000001,-0.189027,-0.23753000000000002,-0.20395249999999998,0.199503,-0.23826999999999998,-0.1790925,-0.219597,-0.60922,-0.1757425,0.20703300000000002,-0.62211,-0.14833449999999998
51,-0.015274500000000003,0.5933250000000001,-0.128224,-0.1530535,0.424115,-0.15320699999999998,-0.2269435,0.610755,-0.2135,0.1467665,0.43028500000000003,-0.140087,0.2428265,0.612175,-0.19318999999999997,-0.26936350000000003,0.811875,-0.23923999999999998,0.2772165,0.814965,-0.21658999999999998,-0.0630365,-0.002674999999999983,-0.0026119999999999893,0.0630365,0.0026750000000000107,0.002612000000000003,-0.1931235,-0.21331499999999998,-0.22064,0.2032665,-0.214785,-0.19465,-0.2197935,-0.582785,-0.18563999999999997,0.2083665,-0.596795,-0.15758499999999998
52,-0.014832999999999999,0.5881000000000001,-0.136893,-0.151546,0.42174999999999996,-0.163715,-0.226246,0.60713,-0.228443,0.146004,0.42826,-0.150365,0.24396400000000001,0.60843,-0.206313,-0.267196,0.80842,-0.257823,0.277554,0.81142,-0.232833,-0.062832,-0.0029700000000000004,-0.0028450000000000003,0.062832,0.0029700000000000004,0.0028450000000000003,-0.197126,-0.1906,-0.236903,0.206684,-0.19288,-0.21005300000000002,-0.219786,-0.558,-0.194613,0.209224,-0.5724400000000001,-0.16562500000000002
53,-0.014099499999999994,0.5846750000000001,-0.14449299999999998,-0.1498015,0.42061499999999996,-0.173248,-0.22502149999999999,0.6040449999999999,-0.24371299999999999,0.14578850000000002,0.42684500000000003,-0.159935,0.2454585,0.605865,-0.218353,-0.2653915,0.805205,-0.27753300000000003,0.2784585,0.808565,-0.249583,-0.0623355,-0.0030649999999999844,-0.0029779999999999945,0.0623355,0.0030649999999999844,0.0029780000000000084,-0.2012715,-0.16684500000000002,-0.253243,0.21025850000000001,-0.170265,-0.225433,-0.2192115,-0.531635,-0.20199299999999998,0.20992850000000002,-0.548075,-0.172149
54,-0.013269999999999997,0.58019,-0.149192,-0.148115,0.41774,-0.177996,-0.224325,0.59955,-0.252302,0.145565,0.42484999999999995,-0.164358,0.24720499999999998,0.6024700000000001,-0.22503199999999998,-0.264695,0.80065,-0.28910199999999997,0.279475,0.80495,-0.260162,-0.06168,-0.0029899999999999927,-0.002921999999999994,0.06168,0.0029899999999999927,0.002922000000000008,-0.205515,-0.1477,-0.265252,0.213395,-0.15176,-0.235892,-0.218485,-0.50857,-0.20319199999999998,0.21068499999999998,-0.52623,-0.17366499999999999
55,-0.0118445,0.57849,-0.153662,-0.1462765,0.415291,-0.18146800000000002,-0.2230565,0.59625,-0.258789,0.1460235,0.42202700000000004,-0.167865,0.2490535,0.59767,-0.23163899999999998,-0.2628265,0.79723,-0.298129,0.2807635,0.80027,-0.268489,-0.0611115,-0.002829999999999999,-0.002904000000000004,0.0611115,0.002829999999999999,0.002904000000000004,-0.20772649999999998,-0.13283,-0.272229,0.2170135,-0.13749,-0.24545899999999998,-0.2174365,-0.48888999999999994,-0.203859,0.2117435,-0.50496,-0.174593
56,-0.010230999999999999,0.57782,-0.1582285,-0.14438299999999998,0.414258,-0.18486550000000002,-0.22317299999999998,0.59534,-0.2642355,0.14663700000000002,0.41896100000000003,-0.1716975,0.250867,0.59282,-0.2379055,-0.261743,0.79541,-0.3086555,0.282447,0.7957400000000001,-0.2752355,-0.060597,-0.0023999999999999577,-0.002887500000000001,0.060597,0.0024000000000000132,0.002887500000000001,-0.210173,-0.11695999999999995,-0.2793855,0.22062700000000002,-0.12135999999999997,-0.2545055,-0.216363,-0.46814,-0.2043355,0.21282700000000002,-0.48249,-0.1749735
57,-0.007816000000000002,0.57845,-0.1629945,-0.142246,0.412218,-0.18807249999999998,-0.221196,0.59242,-0.27016249999999997,0.14837399999999998,0.418046,-0.17513849999999997,0.253454,0.5909,-0.2435525,-0.259706,0.79255,-0.3154325,0.286124,0.79355,-0.2828425,-0.06031399999999999,-0.0021800000000000153,-0.002878499999999992,0.06031399999999999,0.0021800000000000153,0.002878500000000006,-0.21221600000000002,-0.10188000000000003,-0.28663249999999996,0.22472399999999998,-0.10620000000000002,-0.2628625,-0.21441600000000002,-0.44907,-0.20428249999999998,0.214224,-0.46076,-0.1749885
58,-0.005153499999999997,0.58153,-0.16721750000000002,-0.14033749999999998,0.409617,-0.1901505,-0.2194275,0.59009,-0.2724305,0.1499725,0.41622800000000004,-0.1774305,0.2561825,0.58779,-0.2479905,-0.2579875,0.78982,-0.31985050000000004,0.2896425,0.79027,-0.28921050000000004,-0.060104500000000005,-0.0020599999999999508,-0.002994500000000011,0.060104500000000005,0.0020600000000000063,0.002994499999999997,-0.21440749999999997,-0.08610999999999996,-0.29216050000000005,0.22861250000000002,-0.09066999999999997,-0.2695805,-0.2125975,-0.42879999999999996,-0.2032005,0.2154725,-0.43936,-0.1741275
59,-0.002031999999999999,0.58433,-0.1708035,-0.138127,0.40798599999999996,-0.1922315,-0.215777,0.5880299999999999,-0.2742815,0.151993,0.41473,-0.17967450000000001,0.259673,0.58499,-0.2513415,-0.255357,0.7877099999999999,-0.3241615,0.29359300000000005,0.78746,-0.2944015,-0.059975,-0.0016300000000000203,-0.003102499999999994,0.059975,0.0016299999999999648,0.003102499999999994,-0.216137,-0.06881999999999999,-0.2972415,0.232573,-0.07335000000000003,-0.2753715,-0.210227,-0.40678000000000003,-0.2020615,0.217143,-0.41798,-0.1733905
60,0.0010435000000000028,0.583465,-0.1732615,-0.1358555,0.405688,-0.1921365,-0.2125655,0.585605,-0.2758465,0.1538645,0.412655,-0.18017650000000002,0.2629545,0.582105,-0.2540365,-0.2520355,0.7854749999999999,-0.32811650000000003,0.2975345,0.784375,-0.2974065,-0.05991250000000001,-0.001344999999999985,-0.003206500000000001,0.05991250000000001,0.001344999999999985,0.003206500000000001,-0.2180255,-0.05191499999999999,-0.30112649999999996,0.2358045,-0.05690500000000004,-0.2795565,-0.2079355,-0.387395,-0.2005565,0.2190345,-0.396805,-0.1719395
61,0.004087499999999999,0.5857140000000001,-0.174232,-0.1337045,0.403714,-0.190716,-0.2094445,0.584547,-0.276156,0.1557555,0.412219,-0.17903600000000003,0.2662655,0.580874,-0.254356,-0.2486745,0.78458,-0.330276,0.30142549999999996,0.7829900000000001,-0.298546,-0.059844499999999995,-0.0014000000000000123,-0.0032980000000000093,0.059844499999999995,0.0014000000000000123,0.0032979999999999954,-0.2198445,-0.033509999999999984,-0.302726,0.2383855,-0.03921000000000002,-0.281266,-0.2056545,-0.36648,-0.197886,0.2209855,-0.37452,-0.169292
62,0.006860499999999997,0.585901,-0.17473,-0.1317545,0.40091000000000004,-0.18884,-0.2067545,0.583337,-0.27445,0.1572055,0.41040000000000004,-0.17728,0.26854550000000005,0.577995,-0.2542,-0.24532450000000003,0.7832600000000001,-0.32969,0.3049155,0.78036,-0.29762,-0.059922500000000004,-0.0014199999999999768,-0.003377000000000005,0.059922500000000004,0.0014200000000000879,0.003377000000000005,-0.2214345,-0.01674999999999993,-0.30318,0.2400955,-0.022969999999999935,-0.28193,-0.20368450000000002,-0.34741,-0.19513,0.2224755,-0.3542599999999999,-0.166521
63,0.009463500000000001,0.588144,-0.17254350000000002,-0.12994150000000002,0.40115500000000004,-0.1859435,-0.2044015,0.583948,-0.27215350000000005,0.1587285,0.41030500000000003,-0.1747335,0.27082849999999997,0.576858,-0.25331349999999997,-0.24221150000000002,0.783695,-0.32891349999999997,0.3084485,0.779235,-0.2960935,-0.06006550000000001,-0.0012849999999999806,-0.0033805000000000085,0.06006550000000001,0.0012849999999999806,0.0033804999999999946,-0.2223115,0.002075000000000049,-0.3016935,0.2416785,-0.004854999999999943,-0.2814535,-0.2009215,-0.33240499999999995,-0.1921535,0.2236285,-0.33245499999999995,-0.1630275
64,0.011762,0.587647,-0.16987750000000001,-0.12823700000000002,0.401,-0.1831575,-0.202567,0.583818,-0.27012749999999996,0.160153,0.41102,-0.1720775,0.273173,0.576086,-0.2520875,-0.24022700000000002,0.78343,-0.3288175,0.312003,0.7784,-0.29484750000000004,-0.060109,-0.0012100000000000444,-0.003438499999999997,0.060109,0.0012099999999999334,0.003438499999999997,-0.222697,0.019560000000000022,-0.2993175,0.243143,0.012419999999999987,-0.27991750000000004,-0.198137,-0.31933,-0.1887875,0.224623,-0.31301,-0.1597085
65,0.013966500000000003,0.588306,-0.16734700000000002,-0.12641049999999998,0.400525,-0.180637,-0.2007505,0.5833659999999999,-0.267847,0.16138950000000002,0.412265,-0.169577,0.2747795,0.576238,-0.249817,-0.23776049999999999,0.7834749999999999,-0.327917,0.3155495,0.778355,-0.29407700000000003,-0.0601775,-0.0012849999999999806,-0.003509000000000005,0.0601775,0.0012849999999999806,0.0035089999999999982,-0.22227049999999998,0.037695000000000034,-0.296837,0.24464950000000002,0.03098500000000004,-0.278087,-0.1960605,-0.30252500000000004,-0.186317,0.22571950000000002,-0.29144499999999995,-0.156786
66,0.015449000000000004,0.5885630000000001,-0.164885,-0.12529099999999999,0.40059,-0.17818499999999998,-0.19952099999999998,0.584025,-0.265385,0.162199,0.41343,-0.16713499999999998,0.275909,0.576269,-0.247365,-0.23612099999999997,0.78427,-0.325885,0.318129,0.77849,-0.292495,-0.060216000000000006,-0.0012900000000000134,-0.003462999999999994,0.060216000000000006,0.0012900000000000134,0.0034630000000000077,-0.221851,0.05454999999999999,-0.294415,0.245319,0.04874999999999996,-0.27564500000000003,-0.194481,-0.28484999999999994,-0.184085,0.22636900000000001,-0.27195,-0.153781
67,0.016580999999999995,0.5886180000000001,-0.16287649999999998,-0.12416900000000002,0.40222,-0.1757865,-0.19827899999999998,0.5854990000000001,-0.2633765,0.162951,0.41513000000000005,-0.16513650000000002,0.277041,0.577057,-0.2453565,-0.23469900000000005,0.78573,-0.3238665,0.320781,0.77927,-0.2909365,-0.06025,-0.0011199999999998989,-0.0033964999999999967,0.06025,0.0011200000000000099,0.0033964999999999967,-0.220719,0.06978000000000006,-0.2924065,0.245411,0.06484000000000001,-0.27366650000000003,-0.192089,-0.27227999999999997,-0.18180649999999998,0.227041,-0.25405999999999995,-0.15076050000000002
68,0.017325999999999998,0.589567,-0.1606275,-0.12347,0.40256,-0.1730375,-0.19776000000000002,0.58715,-0.2613275,0.1629,0.4152,-0.1624775,0.27864,0.5776789999999999,-0.24353750000000002,-0.23332999999999998,0.78698,-0.32153750000000003,0.32331,0.77906,-0.2890875,-0.060365999999999996,-0.0010200000000000209,-0.003425499999999998,0.060365999999999996,0.0010200000000000209,0.003425499999999998,-0.21998,0.08502999999999994,-0.2897175,0.24475999999999998,0.08182999999999996,-0.2719275,-0.19011,-0.25956999999999997,-0.1789875,0.22591999999999998,-0.23568,-0.1491925
69,0.018178499999999997,0.5914699999999999,-0.1581745,-0.12262150000000001,0.40542999999999996,-0.1707145,-0.19689150000000002,0.5894229999999999,-0.25918450000000004,0.16290849999999998,0.41779999999999995,-0.16010449999999998,0.2800685,0.5795899999999999,-0.2421145,-0.2323315,0.78886,-0.3196445,0.32556850000000004,0.7802319999999999,-0.2879845,-0.060482499999999995,-0.0009000000000000119,-0.003446499999999998,0.060482499999999995,0.0009000000000000119,0.003446499999999998,-0.2191315,0.09665999999999997,-0.2871145,0.24396849999999998,0.09560000000000002,-0.27072450000000003,-0.18776150000000003,-0.24866,-0.17884450000000002,0.22453849999999997,-0.22809000000000001,-0.1480345
70,0.0186235,0.5932299999999999,-0.1554165,-0.1221455,0.4078,-0.16787849999999999,-0.1957155,0.5906199999999999,-0.2567885,0.16254449999999998,0.41897999999999996,-0.1573825,0.2807345,0.58104,-0.23978850000000002,-0.23039549999999998,0.789577,-0.3174785,0.32750450000000003,0.780706,-0.2865185,-0.0606145,-0.0005300000000000304,-0.0033645000000000064,0.0606145,0.0005300000000000304,0.0033644999999999994,-0.21835549999999998,0.10795999999999994,-0.2836385,0.24279450000000002,0.10965000000000003,-0.2694385,-0.18159550000000002,-0.24714999999999998,-0.1771185,0.22220450000000003,-0.22211999999999998,-0.1473465
71,0.01916,0.5952949999999999,-0.151691,-0.121461,0.41068499999999997,-0.164696,-0.19367099999999998,0.5921949999999999,-0.254146,0.16217900000000002,0.4224049999999999,-0.154311,0.280869,0.583545,-0.236756,-0.22861099999999998,0.791175,-0.314776,0.32941899999999996,0.7826369999999999,-0.285186,-0.060964000000000004,-0.0004850000000000687,-0.0032189999999999996,0.060964000000000004,0.0004849999999999577,0.0032189999999999996,-0.21679099999999998,0.11990499999999993,-0.279506,0.24157900000000002,0.12446499999999994,-0.267386,-0.178971,-0.24294500000000008,-0.175396,0.21981900000000001,-0.21455500000000005,-0.14729
72,0.0192205,0.596985,-0.14800799999999997,-0.1206065,0.41261499999999995,-0.16153,-0.1923565,0.5941749999999999,-0.25172,0.1616435,0.42450499999999997,-0.151092,0.2818835,0.584965,-0.23410999999999998,-0.22819650000000002,0.7932089999999999,-0.31348,0.3308835,0.7835409999999999,-0.28337,-0.0612945,-0.0004750000000000032,-0.003159999999999996,0.0612945,0.0004750000000000032,0.003160000000000003,-0.2145865,0.129745,-0.27486,0.2403535,0.13687499999999997,-0.26497,-0.17273650000000002,-0.24029500000000004,-0.17487,0.2182435,-0.209125,-0.146385
73,0.0188715,0.59941,-0.1444925,-0.1200545,0.41461,-0.1585275,-0.19202450000000001,0.59661,-0.2491675,0.1609555,0.42682,-0.1481425,0.28161549999999996,0.58707,-0.2311475,-0.2280745,0.795607,-0.31210750000000004,0.3318855,0.7850969999999999,-0.2817375,-0.061592499999999994,-0.000500000000000056,-0.0031694999999999987,0.061592499999999994,0.0004999999999999449,0.0031694999999999987,-0.2123345,0.13983999999999996,-0.2706075,0.2393555,0.14937,-0.2631875,-0.1663645,-0.23682999999999998,-0.1746475,0.21943549999999998,-0.20359000000000005,-0.1465575
74,0.0181685,0.6001000000000001,-0.141117,-0.11974749999999999,0.41623000000000004,-0.155839,-0.1926875,0.5988100000000001,-0.24691600000000002,0.1601325,0.42804000000000003,-0.145485,0.28105250000000004,0.58779,-0.228456,-0.2285375,0.797745,-0.310286,0.33239250000000004,0.7853340000000001,-0.280006,-0.061921500000000004,-0.00046999999999997044,-0.0031800000000000023,0.061921500000000004,0.00047000000000008146,0.0031799999999999953,-0.21001750000000002,0.14700000000000002,-0.266086,0.2383225,0.15856000000000003,-0.261366,-0.1639775,-0.23714999999999997,-0.176906,0.21688249999999998,-0.2045999999999999,-0.14505200000000001
75,0.017296500000000003,0.6012500000000001,-0.138013,-0.11955149999999999,0.41752000000000006,-0.15312599999999998,-0.1929115,0.60067,-0.244304,0.1593185,0.42947,-0.143001,0.2805185,0.5888100000000001,-0.225824,-0.2285315,0.799512,-0.308004,0.3327085,0.785854,-0.278494,-0.0622475,-0.0005600000000000049,-0.0031900000000000053,0.0622475,0.0005600000000000049,0.0031899999999999984,-0.20796150000000002,0.15383000000000002,-0.262184,0.23739849999999998,0.16696,-0.259714,-0.1637515,-0.23685999999999985,-0.17819400000000002,0.2160085,-0.20536,-0.143354
76,0.016342000000000002,0.6031000000000001,-0.13530199999999998,-0.1195,0.4183500000000001,-0.150422,-0.1931,0.6019300000000001,-0.24202200000000001,0.15841,0.4304300000000001,-0.14063799999999999,0.28009999999999996,0.58962,-0.223362,-0.22879000000000002,0.800803,-0.306022,0.33293999999999996,0.7861690000000001,-0.277242,-0.062569,-0.0007899999999999574,-0.0031869999999999954,0.062569,0.0007900000000000684,0.0031870000000000023,-0.20603,0.16070000000000007,-0.258902,0.23649,0.17525000000000013,-0.258432,-0.16151,-0.23536999999999986,-0.175632,0.21451,-0.20591999999999988,-0.141509
77,0.015325000000000002,0.60339,-0.1332805,-0.11977300000000002,0.41864,-0.1485435,-0.193973,0.60195,-0.2402515,0.157487,0.43177,-0.13929049999999998,0.279617,0.59009,-0.2220715,-0.230443,0.800614,-0.3046215,0.333067,0.786748,-0.2766915,-0.06270300000000001,-0.0011999999999999789,-0.0032594999999999985,0.06270300000000001,0.0011999999999999789,0.0032595000000000054,-0.204633,0.16566000000000003,-0.2569815,0.235627,0.18083000000000005,-0.2576815,-0.161653,-0.2320899999999999,-0.1765915,0.21340699999999999,-0.20237000000000005,-0.1421885
78,0.014338000000000004,0.603655,-0.1313685,-0.12020199999999999,0.41913500000000004,-0.1470555,-0.195262,0.6021150000000001,-0.23876950000000002,0.15648800000000002,0.43313500000000005,-0.1380695,0.279018,0.590565,-0.2209795,-0.232402,0.800517,-0.3033095,0.333028,0.78776,-0.2764695,-0.062728,-0.0015249999999999986,-0.0032695000000000016,0.062728,0.0015249999999999986,0.0032695000000000016,-0.203372,0.16968500000000009,-0.2549495,0.234638,0.1853950000000001,-0.2568395,-0.161742,-0.22942499999999988,-0.1745295,0.212258,-0.200685,-0.14012049999999998
79,0.013307,0.6029150000000001,-0.129672,-0.120616,0.41963500000000004,-0.146118,-0.195906,0.602075,-0.23791400000000001,0.15573399999999998,0.43403500000000006,-0.137347,0.278634,0.5905450000000001,-0.220484,-0.233696,0.800308,-0.302394,0.33263400000000004,0.7882480000000001,-0.276304,-0.06273999999999999,-0.0017849999999999255,-0.0032900000000000013,0.06273999999999999,0.0017850000000000366,0.0032900000000000013,-0.20244600000000001,0.1721450000000001,-0.253554,0.233754,0.1879550000000001,-0.256094,-0.162446,-0.23246499999999992,-0.176984,0.212054,-0.202225,-0.138015
80,0.012386500000000002,0.6029200000000001,-0.129363,-0.1210525,0.41964000000000007,-0.146367,-0.19696249999999998,0.6018800000000001,-0.238143,0.1550775,0.43374000000000007,-0.13764500000000002,0.2784775,0.5904900000000001,-0.220953,-0.23558249999999997,0.799946,-0.302363,0.3316775,0.7882530000000001,-0.276593,-0.0628755,-0.0017899999999999583,-0.0033219999999999986,0.0628755,0.0017900000000000693,0.0033219999999999916,-0.2019425,0.17215000000000014,-0.252683,0.23304750000000002,0.18803000000000003,-0.255893,-0.1593125,-0.23975999999999997,-0.17999300000000001,0.2124675,-0.20118999999999987,-0.1393
81,0.011423000000000006,0.6029200000000001,-0.1295645,-0.12148499999999998,0.41964000000000007,-0.1471635,-0.198285,0.6018800000000001,-0.23872549999999998,0.154515,0.43374000000000007,-0.1385615,0.278285,0.5904900000000001,-0.22179549999999998,-0.23799499999999998,0.799946,-0.3024455,0.330615,0.7882530000000001,-0.2773655,-0.063067,-0.0017899999999999583,-0.003443499999999995,0.063067,0.0017900000000000693,0.003443500000000002,-0.201795,0.17215000000000014,-0.2525855,0.232765,0.1881100000000001,-0.2563955,-0.155745,-0.24136000000000002,-0.1764555,0.214335,-0.1935499999999999,-0.1420155
82,0.010201499999999995,0.6029200000000001,-0.130152,-0.1221265,0.41964000000000007,-0.148422,-0.2002365,0.6018800000000001,-0.239907,0.1537735,0.43374000000000007,-0.139822,0.27783349999999996,0.5904900000000001,-0.222797,-0.24086649999999998,0.799946,-0.302617,0.3293835,0.7882530000000001,-0.278397,-0.0632325,-0.0017899999999999583,-0.0035559999999999967,0.0632325,0.0017900000000000693,0.0035560000000000036,-0.2021765,0.17215000000000014,-0.25337699999999996,0.23229349999999999,0.1881600000000001,-0.25721700000000003,-0.1615865,-0.2383599999999999,-0.176547,0.2139335,-0.19128999999999996,-0.141258
83,0.008465999999999998,0.6029450000000001,-0.131155,-0.12318700000000002,0.4199250000000001,-0.149665,-0.202577,0.6018450000000001,-0.24056099999999997,0.15276299999999998,0.43370500000000006,-0.141064,0.276693,0.5904550000000001,-0.224041,-0.244297,0.799911,-0.302791,0.327783,0.788247,-0.279371,-0.06321299999999999,-0.0018249999999999655,-0.0036379999999999954,0.06321299999999999,0.0018250000000000766,0.0036380000000000023,-0.20294700000000002,0.17237500000000006,-0.254611,0.23152299999999998,0.18860500000000002,-0.258321,-0.16681700000000002,-0.23199499999999995,-0.178931,0.21257299999999998,-0.19632499999999997,-0.13813999999999999
84,0.006454500000000002,0.603375,-0.1323995,-0.12427550000000001,0.42005500000000007,-0.1508805,-0.2048855,0.601465,-0.2415765,0.1518845,0.433165,-0.14227250000000002,0.2755345,0.5902050000000001,-0.2252565,-0.2477155,0.7994300000000001,-0.3030065,0.32614449999999995,0.788126,-0.28032650000000003,-0.0631825,-0.00185499999999994,-0.0037155000000000105,0.0631825,0.001855000000000051,0.0037154999999999966,-0.2037255,0.17193500000000006,-0.2558165,0.2307445,0.18842500000000006,-0.25951650000000004,-0.1725655,-0.224885,-0.1755365,0.2125545,-0.19672499999999993,-0.1344065
85,0.0044305,0.602845,-0.1333685,-0.1255325,0.41967499999999996,-0.1519995,-0.2083925,0.599785,-0.2430435,0.15089750000000002,0.43221499999999996,-0.1434005,0.27423749999999997,0.590035,-0.2262235,-0.2518525,0.7977569999999999,-0.3035635,0.3242475,0.787975,-0.2810135,-0.0631095,-0.00195500000000004,-0.0037955000000000003,0.0631095,0.001954999999999929,0.0037954999999999933,-0.2047225,0.17050500000000002,-0.25675349999999997,0.2297475,0.18669499999999994,-0.2604535,-0.1774425,-0.21890500000000013,-0.1769935,0.2129375,-0.19449499999999997,-0.1329325
86,0.0022384999999999974,0.600305,-0.134277,-0.1276995,0.41779499999999997,-0.153538,-0.2108895,0.597325,-0.24452200000000002,0.1496805,0.430935,-0.14546,0.2726905,0.589255,-0.227272,-0.2549095,0.794963,-0.304272,0.3217005,0.787812,-0.28123200000000004,-0.0627245,-0.0021849999999999925,-0.003826000000000003,0.0627245,0.0021849999999999925,0.003825999999999996,-0.2065995,0.16420499999999993,-0.258792,0.2287405,0.179195,-0.261322,-0.1798195,-0.22150500000000006,-0.177462,0.2134405,-0.197365,-0.13375599999999999
87,0.00021849999999999994,0.598805,-0.13540649999999999,-0.13002249999999999,0.416305,-0.1552905,-0.21289249999999998,0.595075,-0.2454785,0.14848750000000002,0.429205,-0.14772449999999998,0.2707675,0.588445,-0.2281185,-0.2566025,0.792949,-0.3050285,0.3190275,0.787452,-0.2812585,-0.06234050000000001,-0.0023450000000000415,-0.003882499999999997,0.06234050000000001,0.0023450000000000415,0.003882499999999997,-0.20880249999999997,0.15666500000000005,-0.2616585,0.2279875,0.169825,-0.2622485,-0.1843425,-0.22202500000000003,-0.1786485,0.2141675,-0.201025,-0.1362745
88,-0.0012635000000000007,0.598385,-0.136961,-0.1317935,0.414815,-0.15763100000000002,-0.2149335,0.5928249999999999,-0.24681000000000003,0.1478665,0.428465,-0.14999099999999999,0.2694165,0.588395,-0.22924,-0.2590035,0.791016,-0.30571,0.3176465,0.787847,-0.28150000000000003,-0.0621095,-0.0024450000000000305,-0.003923999999999997,0.0621095,0.0024450000000000305,0.003923999999999997,-0.2107835,0.14741499999999996,-0.26508,0.2281765,0.15829499999999996,-0.26341,-0.1876835,-0.22235499999999997,-0.18167,0.2134765,-0.20497500000000002,-0.137325
89,-0.0022144999999999977,0.598765,-0.1374265,-0.1334385,0.414285,-0.1590445,-0.2173185,0.591805,-0.2474895,0.14759150000000001,0.427275,-0.1516845,0.2686815,0.588365,-0.2298595,-0.2610885,0.790524,-0.3048195,0.31641149999999996,0.788338,-0.28111949999999997,-0.0618675,-0.002395000000000036,-0.0039685,0.0618675,0.002395000000000036,0.0039685,-0.21288849999999998,0.13741499999999995,-0.2689195,0.2298615,0.14571500000000004,-0.2652495,-0.19098849999999998,-0.22436500000000004,-0.1799995,0.2160115,-0.20633500000000005,-0.1427765
90,-0.002716999999999997,0.601395,-0.1377775,-0.134781,0.4130150000000001,-0.1599445,-0.218391,0.5918450000000001,-0.2476465,0.147499,0.42549500000000007,-0.1528765,0.268239,0.588585,-0.2303565,-0.263021,0.791092,-0.3036365,0.315709,0.788818,-0.2802365,-0.061667,-0.002374999999999905,-0.003912499999999999,0.061667,0.002375000000000016,0.003912499999999999,-0.215171,0.127645,-0.2727665,0.231959,0.133305,-0.2670165,-0.191561,-0.223595,-0.1788265,0.21734900000000001,-0.20937499999999998,-0.14751350000000002
91,-0.002653499999999996,0.5986950000000001,-0.13982899999999998,-0.1353845,0.41183500000000006,-0.16211399999999998,-0.2196545,0.5905950000000001,-0.249465,0.1478655,0.42299500000000007,-0.155016,0.2677655,0.5874050000000001,-0.232245,-0.2640845,0.7904150000000001,-0.303905,0.31550550000000005,0.787644,-0.280755,-0.061673500000000006,-0.0022049999999999015,-0.0036500000000000005,0.061673500000000006,0.0022050000000000125,0.0036500000000000005,-0.2171645,0.11084500000000008,-0.27780499999999997,0.2344955,0.113765,-0.270045,-0.1928645,-0.22902499999999992,-0.18271500000000002,0.2196555,-0.22036499999999992,-0.154167
92,-0.0027250000000000017,0.59685,-0.14303949999999999,-0.135556,0.41129499999999997,-0.16532750000000002,-0.22059600000000001,0.5901179999999999,-0.2517355,0.14810399999999999,0.42089499999999996,-0.1582165,0.267364,0.5863499999999999,-0.2351355,-0.26525600000000005,0.790105,-0.3047955,0.315354,0.7869149999999999,-0.28150549999999996,-0.061709,-0.0020050000000000345,-0.0033434999999999993,0.061709,0.0020049999999999235,0.0033434999999999993,-0.219096,0.09074499999999996,-0.2836255,0.237014,0.09145499999999995,-0.2740755,-0.19381600000000002,-0.24326500000000006,-0.1859155,0.221274,-0.24027500000000002,-0.1573995
93,-0.003061500000000005,0.5959409999999999,-0.146232,-0.1361995,0.41076499999999994,-0.168943,-0.2215995,0.590254,-0.25424,0.14795049999999998,0.419605,-0.16181600000000002,0.2667105,0.586012,-0.23779,-0.26674950000000003,0.790095,-0.30593,0.3149205,0.786775,-0.2825,-0.0616555,-0.0018650000000000055,-0.0030659999999999993,0.0616555,0.0018650000000000055,0.0030659999999999993,-0.22116950000000002,0.06992500000000001,-0.28958,0.23906049999999998,0.06818499999999994,-0.27792,-0.1952795,-0.25912500000000005,-0.19089,0.2233105,-0.258505,-0.16448000000000002
94,-0.003048000000000002,0.596108,-0.149107,-0.136645,0.41142500000000004,-0.17285,-0.221785,0.59073,-0.256945,0.148005,0.419245,-0.16576800000000003,0.26593500000000003,0.586163,-0.239435,-0.267845,0.790775,-0.307275,0.314685,0.7869349999999999,-0.283575,-0.061510999999999996,-0.0015450000000000186,-0.002617000000000008,0.061510999999999996,0.0015450000000000186,0.0026169999999999943,-0.222535,0.04761499999999996,-0.294495,0.241015,0.044265,-0.281895,-0.196335,-0.277535,-0.194965,0.225065,-0.27627500000000005,-0.17233
95,-0.002647,0.598473,-0.151988,-0.136949,0.412795,-0.176705,-0.222829,0.591448,-0.259196,0.14819100000000002,0.418755,-0.16949999999999998,0.265061,0.586472,-0.241006,-0.269229,0.7918050000000001,-0.308916,0.314351,0.786705,-0.284746,-0.061487,-0.0012750000000000261,-0.0022940000000000044,0.061487,0.0012750000000000261,0.0022940000000000044,-0.223319,0.02825500000000003,-0.298796,0.242361,0.023845000000000005,-0.286126,-0.197699,-0.293505,-0.199276,0.22681099999999998,-0.297845,-0.17654799999999998
96,-0.0018934999999999959,0.600361,-0.154002,-0.1372745,0.4157900000000001,-0.179308,-0.2236445,0.5939920000000001,-0.260914,0.1483555,0.4191100000000001,-0.172865,0.2640355,0.587057,-0.242054,-0.2695745,0.79379,-0.31059400000000004,0.31409549999999997,0.78715,-0.28405400000000003,-0.061451500000000006,-0.0008899999999999464,-0.002033999999999994,0.061451500000000006,0.0008900000000000574,0.002034000000000008,-0.2235845,0.007280000000000064,-0.303164,0.24301550000000002,0.002950000000000008,-0.290464,-0.1989145,-0.3111299999999999,-0.205004,0.2284555,-0.32070999999999994,-0.18085600000000002
97,-0.0009224999999999962,0.600816,-0.15480149999999998,-0.1372625,0.41644499999999995,-0.18155149999999998,-0.2236525,0.5954459999999999,-0.2613725,0.1485775,0.417155,-0.1756605,0.2637975,0.5864,-0.2421125,-0.2695125,0.794405,-0.3115025,0.3144075,0.785935,-0.2834025,-0.0611965,-0.0007650000000000157,-0.0018994999999999984,0.0611965,0.0007650000000000157,0.0018994999999999984,-0.2235125,-0.013434999999999975,-0.3074225,0.2435175,-0.017635000000000067,-0.29402249999999996,-0.1988025,-0.33187500000000003,-0.21066249999999997,0.2294675,-0.341545,-0.1878425
98,0.0005754999999999996,0.600102,-0.15405349999999998,-0.13615950000000002,0.418868,-0.18230449999999998,-0.22427950000000002,0.598105,-0.2619175,0.14953049999999998,0.41847900000000005,-0.17606149999999998,0.26378050000000003,0.588186,-0.2413775,-0.2689195,0.796455,-0.31165750000000003,0.3156505,0.7867649999999999,-0.2823575,-0.061025499999999996,-0.0006349999999999412,-0.0018924999999999914,0.061025499999999996,0.0006350000000000522,0.0018925000000000053,-0.2228795,-0.03579500000000002,-0.3107375,0.24411049999999998,-0.039244999999999974,-0.2962375,-0.1990695,-0.35402500000000003,-0.2160875,0.23034049999999998,-0.36851500000000004,-0.19257849999999999
99,0.0018265000000000017,0.6006,-0.152493,-0.13506949999999998,0.421989,-0.18236,-0.22362949999999998,0.60005,-0.26079,0.1502405,0.420367,-0.175626,0.2643605,0.58988,-0.23969000000000001,-0.26947950000000004,0.79851,-0.30909,0.31678049999999996,0.7882199999999999,-0.27928,-0.061324500000000004,-0.0004899999999999904,-0.0019699999999999995,0.061324500000000004,0.0004899999999999904,0.0019699999999999995,-0.22243949999999998,-0.05921000000000004,-0.31252,0.2444205,-0.06090000000000001,-0.2965,-0.1994895,-0.38096,-0.22039999999999998,0.2309505,-0.39627000000000007,-0.196401
100,0.0027309999999999973,0.608355,-0.14743799999999999,-0.134102,0.427314,-0.17924299999999999,-0.222262,0.605975,-0.2563,0.150808,0.42441900000000005,-0.17225,0.263548,0.594495,-0.23514,-0.269642,0.8041750000000001,-0.30354000000000003,0.317578,0.7926550000000001,-0.27356,-0.06159,-0.0003949999999999787,-0.002349999999999991,0.06159,0.0003950000000000342,0.002350000000000005,-0.221512,-0.07611499999999993,-0.31116,0.244558,-0.07626499999999992,-0.29373,-0.19950199999999998,-0.4031349999999999,-0.22224,0.231348,-0.41776499999999994,-0.19763399999999998
101,0.0032925000000000038,0.61334,-0.140553,-0.1331875,0.43245600000000006,-0.174556,-0.2220675,0.6108100000000001,-0.251275,0.1511425,0.42884200000000006,-0.16715400000000002,0.2635825,0.59953,-0.228795,-0.2687375,0.8092300000000001,-0.296665,0.3179225,0.7975000000000001,-0.265645,-0.0617605,-0.00031999999999998696,-0.002365000000000006,0.0617605,0.00032000000000004247,0.002364999999999992,-0.2200075,-0.09148,-0.307155,0.24323250000000002,-0.09027999999999992,-0.28742500000000004,-0.1999675,-0.42418,-0.223105,0.2311725,-0.4378099999999999,-0.19756800000000002
102,0.0036080000000000036,0.61635,-0.132508,-0.132591,0.436083,-0.169072,-0.22373099999999999,0.6146499999999999,-0.24364000000000002,0.151679,0.433863,-0.160175,0.263819,0.6048,-0.22141,-0.269561,0.81298,-0.2885,0.318289,0.8024100000000001,-0.25724,-0.061854000000000006,-0.00039000000000000146,-0.002369999999999997,0.061854000000000006,0.00039000000000000146,0.002369999999999997,-0.217101,-0.10969000000000007,-0.30131,0.241019,-0.10786000000000001,-0.27977,-0.20041099999999998,-0.44996,-0.22364,0.23084900000000003,-0.46336,-0.197458
103,0.0033019999999999994,0.621015,-0.12462799999999999,-0.13263999999999998,0.43940599999999996,-0.163593,-0.2244,0.618765,-0.23567,0.15200000000000002,0.43721599999999994,-0.15384899999999999,0.26375,0.609275,-0.21391,-0.26969,0.8167449999999999,-0.27914,0.31807,0.806235,-0.24877,-0.062014,-0.0005550000000000277,-0.002369999999999997,0.062014,0.0005549999999999722,0.002370000000000011,-0.21400999999999998,-0.12793500000000002,-0.2953,0.23659999999999998,-0.12233500000000003,-0.26985000000000003,-0.20096999999999998,-0.475345,-0.22399,0.23024,-0.4896750000000001,-0.197386
104,0.003025500000000004,0.6246849999999999,-0.11570699999999999,-0.13263149999999999,0.443165,-0.15736699999999998,-0.2239215,0.622505,-0.227445,0.1523285,0.442685,-0.147316,0.2630585,0.615285,-0.206365,-0.26921150000000005,0.8207949999999999,-0.268325,0.3179885,0.812335,-0.238565,-0.0621835,-0.00023499999999998522,-0.0026149999999999923,0.0621835,0.00023499999999998522,0.002615000000000006,-0.2102115,-0.14553500000000003,-0.289025,0.2322085,-0.13809500000000002,-0.259945,-0.2013515,-0.501245,-0.223775,0.2298785,-0.516595,-0.19716699999999998
105,0.0028735000000000045,0.628815,-0.106387,-0.13240749999999998,0.445415,-0.151033,-0.22468749999999998,0.6243350000000001,-0.21885300000000002,0.1524925,0.447635,-0.139899,0.2621325,0.6210450000000001,-0.197996,-0.2687375,0.823365,-0.256643,0.3179125,0.817765,-0.22946300000000003,-0.0621825,-0.00011499999999997623,-0.002817,0.0621825,0.00011500000000003174,0.002817,-0.2058875,-0.161495,-0.281333,0.2277325,-0.153435,-0.249583,-0.2013775,-0.525415,-0.222773,0.2295825,-0.541675,-0.19542700000000002
106,0.002637999999999998,0.63271,-0.09645,-0.132522,0.45043,-0.143684,-0.225302,0.6258,-0.209468,0.153088,0.45542,-0.130915,0.261978,0.62861,-0.189273,-0.26885200000000004,0.82579,-0.24470799999999998,0.318478,0.8255999999999999,-0.21837800000000002,-0.062241,0.00024000000000001798,-0.0031019999999999937,0.062241,-0.00024000000000001798,0.0031019999999999937,-0.201522,-0.17778,-0.273028,0.222888,-0.16892000000000001,-0.238968,-0.201502,-0.5500799999999999,-0.220948,0.229078,-0.5665899999999999,-0.192672
107,0.0026025000000000006,0.6360950000000001,-0.086405,-0.1325665,0.453025,-0.135839,-0.2248465,0.629005,-0.198368,0.1539835,0.458955,-0.122254,0.2619635,0.632575,-0.179314,-0.2684565,0.829465,-0.231008,0.3188635,0.829985,-0.206528,-0.0623725,0.0008450000000000124,-0.0033119999999999955,0.0623725,-0.0008449999999999847,0.0033119999999999955,-0.1966465,-0.192465,-0.263138,0.21722349999999999,-0.181575,-0.226898,-0.2014465,-0.573925,-0.218238,0.22859349999999998,-0.589865,-0.188959
108,0.0029089999999999984,0.6363300000000001,-0.075003,-0.13219499999999998,0.45607,-0.127201,-0.223915,0.6320600000000001,-0.18721900000000002,0.155195,0.46215,-0.11310600000000001,0.261915,0.63634,-0.168604,-0.267345,0.83238,-0.218966,0.31926499999999997,0.83356,-0.19540600000000002,-0.062501,0.0012800000000000034,-0.0035089999999999982,0.062501,-0.0012800000000000034,0.0035089999999999982,-0.191165,-0.20600000000000002,-0.251976,0.211765,-0.19433,-0.215076,-0.200925,-0.5966899999999999,-0.214256,0.22801500000000002,-0.61203,-0.184764
109,0.0034579999999999993,0.637235,-0.06392499999999998,-0.131809,0.456765,-0.11814,-0.22364900000000001,0.6322749999999999,-0.17649399999999998,0.156731,0.467535,-0.10285799999999999,0.262191,0.6412549999999999,-0.15830499999999997,-0.266209,0.832775,-0.206722,0.319521,0.838635,-0.184298,-0.062490000000000004,0.001444999999999974,-0.0036559999999999926,0.062490000000000004,-0.0014450000000000018,0.0036560000000000065,-0.185309,-0.219455,-0.239482,0.206061,-0.20842500000000003,-0.202712,-0.200069,-0.6202050000000001,-0.208942,0.227201,-0.6349549999999999,-0.179471
110,0.003581500000000005,0.637365,-0.0531495,-0.13190949999999999,0.455855,-0.1088355,-0.2235795,0.632995,-0.1642275,0.15745050000000002,0.47008500000000003,-0.09285850000000001,0.2615805,0.643885,-0.1475425,-0.26540949999999996,0.832905,-0.1943225,0.3187005,0.8410650000000001,-0.1740135,-0.0625895,0.0016350000000000253,-0.003667500000000004,0.0625895,-0.0016349999999999976,0.00366749999999999,-0.17969949999999998,-0.23605499999999996,-0.2259325,0.20013050000000002,-0.224985,-0.1910725,-0.19909949999999998,-0.6434449999999999,-0.2023025,0.22567050000000002,-0.658695,-0.1729005
111,0.003898499999999999,0.64147,-0.044292000000000005,-0.13212849999999998,0.45664,-0.10064200000000001,-0.22326849999999998,0.6342,-0.154758,0.1577715,0.47102,-0.085299,0.2610515,0.6458600000000001,-0.137793,-0.26556850000000004,0.8342400000000001,-0.18354700000000002,0.3186515,0.84293,-0.164186,-0.0626265,0.0020000000000000018,-0.0035600000000000076,0.0626265,-0.0020000000000000018,0.0035599999999999937,-0.1747485,-0.24883,-0.213607,0.1945115,-0.23706,-0.180877,-0.19787849999999998,-0.66154,-0.195367,0.2237915,-0.6756200000000001,-0.166168
112,0.0038419999999999947,0.641975,-0.03176599999999999,-0.132768,0.455935,-0.08839399999999999,-0.22342800000000002,0.634095,-0.141374,0.15767199999999998,0.471505,-0.073513,0.260462,0.646725,-0.12496499999999999,-0.265558,0.834165,-0.16985499999999998,0.318102,0.844195,-0.15037,-0.06282499999999999,0.0025249999999999995,-0.0034029999999999894,0.06282499999999999,-0.0025249999999999995,0.0034030000000000032,-0.170138,-0.26127500000000003,-0.196994,0.18820199999999998,-0.252415,-0.166727,-0.196828,-0.679605,-0.18315399999999998,0.221112,-0.691855,-0.15536299999999997
113,0.003455000000000003,0.64195,-0.0189345,-0.133971,0.45791,-0.0739655,-0.222751,0.63629,-0.12752449999999999,0.157019,0.46925,-0.060699499999999997,0.259069,0.64524,-0.1109705,-0.265111,0.8330899999999999,-0.1562735,0.317189,0.8422000000000001,-0.1376055,-0.063346,0.0018269999999999953,-0.0030485000000000026,0.063346,-0.0018270000000000092,0.0030484999999999957,-0.16418100000000002,-0.27642,-0.1782825,0.180149,-0.26856,-0.15172950000000002,-0.195991,-0.6984999999999999,-0.1691425,0.217859,-0.70879,-0.1431655
114,0.0035020000000000016,0.640825,-0.006672000000000004,-0.13478,0.459125,-0.06017,-0.22292,0.638475,-0.11379600000000001,0.15653,0.46741499999999997,-0.04834,0.25756999999999997,0.6439549999999999,-0.09770000000000001,-0.26470000000000005,0.835255,-0.140584,0.31611,0.8405549999999999,-0.124975,-0.063264,0.0013289999999999969,-0.0027529999999999985,0.063264,-0.0013289999999999969,0.0027529999999999985,-0.15808,-0.29064500000000004,-0.160465,0.17277,-0.283165,-0.137075,-0.19482,-0.716575,-0.155056,0.21502,-0.7245550000000001,-0.13134600000000002
115,0.0035315,0.640176,0.004616999999999996,-0.1359275,0.45968600000000004,-0.046852,-0.2229775,0.642546,-0.10093099999999999,0.1563225,0.463996,-0.037075,0.2571525,0.641376,-0.084897,-0.26454750000000005,0.839286,-0.125362,0.31539249999999996,0.837386,-0.11324200000000001,-0.0630955,0.0008809999999999998,-0.0025229999999999975,0.0630955,-0.0008809999999999998,0.0025229999999999975,-0.15219749999999999,-0.30358399999999996,-0.143162,0.1654125,-0.296294,-0.12257499999999999,-0.1935875,-0.732224,-0.14091700000000001,0.21206250000000001,-0.739124,-0.119473
116,0.0035649999999999987,0.640512,0.015462999999999998,-0.137008,0.459632,-0.034350000000000006,-0.222048,0.643022,-0.088981,0.156092,0.462082,-0.025981000000000004,0.255892,0.6400819999999999,-0.072813,-0.264468,0.8399019999999999,-0.11192,0.315052,0.8355619999999999,-0.10155900000000001,-0.063039,6.499999999999562e-05,-0.0022150000000000017,0.063039,-6.500000000000256e-05,0.0022149999999999948,-0.14671800000000002,-0.31585799999999997,-0.127082,0.159252,-0.309328,-0.10960500000000001,-0.192278,-0.745498,-0.12728899999999999,0.209122,-0.751958,-0.107935
117,0.003486999999999997,0.6407045,0.025964,-0.13805900000000002,0.4590045,-0.021807999999999998,-0.221249,0.6433745000000001,-0.07654,0.15554099999999998,0.46064449999999996,-0.014682999999999998,0.254791,0.6389745,-0.060850999999999995,-0.26397899999999996,0.8401145,-0.098352,0.314321,0.8342345,-0.089367,-0.063053,-0.0005114999999999981,-0.001920999999999999,0.063053,0.0005114999999999981,0.001920999999999999,-0.141489,-0.3275555,-0.111214,0.15362099999999998,-0.32176550000000004,-0.096567,-0.191359,-0.7587054999999999,-0.113283,0.206231,-0.7641355,-0.095467
118,0.0033389999999999982,0.638524,0.036147,-0.139163,0.45873400000000003,-0.010067999999999999,-0.22038300000000002,0.644204,-0.064592,0.15508699999999997,0.455984,-0.004961999999999998,0.253757,0.6356040000000001,-0.048992999999999995,-0.263093,0.8407640000000001,-0.08496300000000001,0.313927,0.830584,-0.07711699999999999,-0.06309,-0.0008920000000000004,-0.0015409999999999972,0.06309,0.0008920000000000004,0.0015410000000000007,-0.136573,-0.336926,-0.09656799999999999,0.14856699999999998,-0.331576,-0.084236,-0.19051300000000002,-0.769446,-0.099834,0.20365699999999998,-0.7739659999999999,-0.08325099999999999
119,0.002478499999999998,0.638791,0.0453515,-0.14101750000000002,0.459461,0.0005645000000000008,-0.2204275,0.644821,-0.0538025,0.15398250000000002,0.453621,0.0042395,0.2520925,0.634071,-0.0380245,-0.2630675,0.841821,-0.0715605,0.3127525,0.828801,-0.0655445,-0.0629315,-0.0013229999999999978,-0.001237499999999999,0.0629315,0.0013230000000000013,0.0012375000000000008,-0.13285750000000002,-0.343699,-0.0834655,0.1428525,-0.339669,-0.07230049999999999,-0.19102750000000002,-0.777799,-0.0875445,0.20038250000000002,-0.7818890000000001,-0.0718605
120,0.0012104999999999998,0.635478,0.05447,-0.1430785,0.460038,0.010937,-0.2208985,0.645388,-0.043129,0.1525715,0.451708,0.013368,0.2504615,0.632358,-0.027708999999999998,-0.2633185,0.842738,-0.058531,0.3115315,0.826998,-0.054366000000000005,-0.0629255,-0.0017540000000000004,-0.0009469999999999999,0.0629255,0.0017539999999999986,0.0009469999999999999,-0.12979849999999998,-0.349582,-0.07115199999999999,0.1371315,-0.34706200000000004,-0.060394,-0.1918385,-0.783532,-0.075692,0.1969515,-0.788622,-0.060924
121,0.00014599999999999856,0.6335505,0.059344499999999994,-0.144814,0.4617005,0.0168545,-0.22153399999999998,0.6476605,-0.0362405,0.151016,0.45141050000000005,0.018246500000000002,0.24882600000000002,0.6318104999999999,-0.022002499999999998,-0.26475400000000004,0.8448405,-0.0503575,0.30990599999999996,0.8264305,-0.0478355,-0.062766,-0.0023875,-0.0007075,0.062766,0.0023875000000000003,0.0007075000000000002,-0.12700399999999998,-0.3554495,-0.0638635,0.133666,-0.3526895,-0.0550915,-0.192604,-0.7885395000000001,-0.0690115,0.194106,-0.7939295000000001,-0.0543765
122,-0.0005899999999999985,0.6328475,0.062748,-0.146111,0.4609375,0.01984,-0.22273099999999998,0.6485375,-0.030536,0.149699,0.45218749999999996,0.02169,0.247469,0.6325975,-0.017735,-0.266031,0.8486675,-0.043498,0.308579,0.8272475,-0.042653,-0.062607,-0.0020334999999999997,-0.0008410000000000001,0.062607,0.0020335000000000006,0.000841,-0.126241,-0.3567425,-0.059539,0.131859,-0.35398250000000003,-0.050917,-0.193191,-0.7908825,-0.064354,0.19159900000000002,-0.7949925,-0.049435
123,-0.0012590000000000032,0.631601,0.066022,-0.147401,0.460311,0.022666,-0.223531,0.648921,-0.024991,0.14842899999999998,0.452631,0.024903,0.246139,0.633131,-0.013748999999999999,-0.267221,0.848421,-0.039018,0.307649,0.827771,-0.037828,-0.062494999999999995,-0.001849,-0.0008219999999999998,0.062494999999999995,0.001849,0.0008220000000000002,-0.125501,-0.358469,-0.055288,0.130149,-0.355709,-0.046742,-0.193471,-0.792979,-0.05971799999999999,0.18919899999999998,-0.796389,-0.044284
124,-0.0018979999999999986,0.630182,0.069019,-0.148672,0.45995199999999997,0.025453999999999997,-0.224142,0.649292,-0.019901000000000002,0.14715799999999998,0.45301199999999997,0.027853000000000003,0.245248,0.633562,-0.010121999999999999,-0.26832199999999995,0.848212,-0.034693,0.30660800000000005,0.828242,-0.033783,-0.062396,-0.001706,-0.0007469999999999994,0.062396,0.001706,0.0007470000000000003,-0.12495200000000001,-0.360088,-0.051495,0.128858,-0.35732800000000003,-0.043078,-0.193832,-0.794668,-0.055517000000000004,0.18720799999999999,-0.798508,-0.039652
125,-0.0024405,0.628698,0.07151400000000001,-0.1495535,0.459798,0.027953000000000002,-0.2240035,0.649738,-0.015484999999999999,0.1463565,0.453248,0.030331,0.24439650000000002,0.6338779999999999,-0.0070669999999999995,-0.26954350000000005,0.848088,-0.030638000000000002,0.3051965,0.828718,-0.030681999999999997,-0.0623045,-0.001579,-0.0005500000000000001,0.0623045,0.001579,0.0005500000000000001,-0.12452350000000001,-0.36021200000000003,-0.048371000000000004,0.1276265,-0.35772200000000004,-0.039936,-0.1943335,-0.796232,-0.051891,0.1854165,-0.798812,-0.035494000000000005
126,-0.0028605,0.627267,0.073177,-0.14978349999999999,0.45998700000000003,0.030737,-0.2238335,0.650027,-0.012153999999999998,0.14581650000000002,0.454027,0.032684000000000005,0.24353650000000002,0.634657,-0.0051140000000000005,-0.2712535,0.848137,-0.027146999999999998,0.30402650000000003,0.828817,-0.029264,-0.0622225,-0.001519,-0.0002429999999999993,0.0622225,0.001519,0.00024300000000000016,-0.12420350000000001,-0.36028299999999996,-0.046414,0.12655650000000002,-0.35794299999999996,-0.037759,-0.1947735,-0.797303,-0.049588,0.1840565,-0.799273,-0.032782
127,-0.0032414999999999996,0.625812,0.074394,-0.1497115,0.460252,0.03344,-0.2234715,0.6503220000000001,-0.009357,0.1453985,0.454862,0.034817,0.2427085,0.635502,-0.0038600000000000006,-0.2728215,0.8481920000000001,-0.024014999999999998,0.3031285,0.8286220000000001,-0.028602,-0.0621245,-0.001484,0.00010800000000000046,0.0621245,0.001484,-0.00010800000000000046,-0.1240215,-0.36032800000000004,-0.04499499999999999,0.1256385,-0.35810800000000004,-0.03609999999999999,-0.1951615,-0.797858,-0.047896999999999995,0.1827785,-0.799388,-0.030612999999999998
128,-0.003681499999999999,0.624142,0.0752565,-0.1493865,0.460032,0.0361975,-0.22302650000000002,0.6502519999999999,-0.007138499999999999,0.1449835,0.455372,0.0367895,0.2418835,0.636042,-0.0031024999999999994,-0.27410650000000003,0.847932,-0.0220845,0.3023135,0.828062,-0.028271499999999998,-0.062036499999999994,-0.0014280000000000004,0.0004675000000000009,0.062036499999999994,0.0014279999999999996,-0.00046749999999999917,-0.12393649999999999,-0.360318,-0.0439285,0.1249735,-0.35826800000000003,-0.0348285,-0.1954865,-0.798798,-0.0465615,0.1816535,-0.799798,-0.0288215
129,-0.003986,0.622262,0.0759855,-0.14891000000000001,0.459722,0.0387095,-0.22233,0.650162,-0.004911499999999999,0.14472,0.455772,0.0385555,0.24128,0.636562,-0.0025944999999999996,-0.27365999999999996,0.847772,-0.019972499999999997,0.30149000000000004,0.827312,-0.0280385,-0.061923,-0.0013700000000000006,0.0007294999999999992,0.061923,0.0013700000000000006,-0.0007294999999999992,-0.12373,-0.360308,-0.0429575,0.12447,-0.358408,-0.0338205,-0.1958,-0.799918,-0.0453925,0.18087999999999999,-0.8003979999999999,-0.0274395
130,-0.0042635,0.620367,0.07649750000000001,-0.1483065,0.45919699999999997,0.0409725,-0.2219365,0.649317,-0.003334499999999999,0.1444735,0.45586699999999997,0.0399985,0.2408535,0.636827,-0.0022635,-0.2730165,0.847257,-0.0183105,0.30055350000000003,0.826367,-0.027909500000000004,-0.061838500000000005,-0.0013359999999999986,0.0008914999999999999,0.061838500000000005,0.0013360000000000004,-0.0008914999999999999,-0.12341650000000001,-0.360333,-0.0419685,0.1240835,-0.358513,-0.0329555,-0.1958965,-0.800703,-0.0444125,0.18028349999999999,-0.801073,-0.0262465
131,-0.004555,0.6184695,0.0768095,-0.147619,0.4587495,0.0429925,-0.22162900000000002,0.6484795000000001,-0.0018145000000000001,0.144191,0.4556695,0.0411265,0.240421,0.6368395,-0.0021224999999999994,-0.272179,0.8465594999999999,-0.0167585,0.29945099999999997,0.8251895,-0.027986499999999997,-0.061765,-0.0013295000000000008,0.0011035000000000003,0.061765,0.001329499999999999,-0.0011035000000000003,-0.123069,-0.3603905,-0.0410635,0.123781,-0.3585705,-0.0322555,-0.19587900000000003,-0.8011405,-0.0435415,0.179861,-0.8017405,-0.025349499999999997
132,-0.004739499999999999,0.6169155000000001,0.0766295,-0.1467405,0.45820550000000004,0.0449195,-0.2213105,0.6478255,-0.0007264999999999997,0.1439795,0.45503550000000004,0.0417005,0.23998950000000002,0.6364055000000001,-0.0023085,-0.2716005,0.8461055000000001,-0.013407500000000001,0.29815949999999997,0.8238255,-0.0284115,-0.06170250000000001,-0.0013305,0.0017815,0.06170250000000001,0.0013305,-0.0017815,-0.12266049999999999,-0.3604745,-0.0405865,0.1235895,-0.3586045,-0.0320605,-0.1959705,-0.8010944999999999,-0.043547499999999996,0.17961950000000002,-0.8028244999999999,-0.025516499999999998
133,-0.004825500000000005,0.616195,0.076193,-0.14594649999999998,0.45829499999999995,0.046444,-0.2216165,0.647265,0.00027000000000000114,0.1438735,0.45474499999999995,0.041874,0.23944349999999998,0.636125,-0.0027600000000000003,-0.2718165,0.845595,-0.011249,0.2966835,0.822895,-0.029226999999999996,-0.0616385,-0.001314000000000001,0.002562,0.0616385,0.0013139999999999992,-0.002562,-0.1222465,-0.36053500000000005,-0.040313999999999996,0.12353349999999999,-0.35864500000000005,-0.032034,-0.1959865,-0.800985,-0.043711,0.1795235,-0.803635,-0.02588
134,-0.004857999999999996,0.615606,0.075655,-0.14515,0.458446,0.047857000000000004,-0.22207,0.646776,0.0016689999999999995,0.14382,0.454476,0.041919,0.23887999999999998,0.635876,-0.0031399999999999996,-0.27209,0.845176,-0.008947,0.29497999999999996,0.822226,-0.030143999999999997,-0.061614,-0.001287,0.003338,0.061614,0.001287,-0.003338,-0.12185,-0.360574,-0.040117,0.12351000000000001,-0.358684,-0.032057999999999996,-0.19589,-0.800384,-0.043845999999999996,0.17948999999999998,-0.803864,-0.026326999999999996
135,-0.005012499999999998,0.6145865,0.0751635,-0.1447445,0.4587465,0.0481325,-0.22258450000000002,0.6464765,0.003358499999999999,0.1438355,0.45399649999999997,0.0414335,0.23831549999999999,0.6352165000000001,-0.0034965000000000013,-0.27216450000000003,0.8448665000000001,-0.005662500000000001,0.29305549999999997,0.8219065000000001,-0.0309085,-0.0616375,-0.0012335000000000002,0.004088499999999999,0.0616375,0.0012335000000000002,-0.0040885,-0.1215545,-0.3605935,-0.0400195,0.12348550000000001,-0.3587435,-0.0321425,-0.1957845,-0.8007835,-0.0439275,0.17958549999999998,-0.8048835,-0.026778499999999997
136,-0.005379,0.61282,0.07448149999999999,-0.14450000000000002,0.45831,0.0482495,-0.22265000000000001,0.64586,0.005402499999999999,0.14365999999999998,0.45296000000000003,0.040972499999999995,0.23765999999999998,0.63421,-0.003841500000000001,-0.27154999999999996,0.84438,-0.0014405000000000008,0.29119,0.8204400000000001,-0.03142350000000001,-0.06166,-0.0012439999999999986,0.004801499999999999,0.06166,0.0012439999999999986,-0.0048015,-0.12123,-0.36072,-0.0397425,0.12340999999999999,-0.35872,-0.032003500000000004,-0.19569,-0.80172,-0.043705499999999994,0.1798,-0.80664,-0.0267925
137,-0.005785,0.6113774999999999,0.07389899999999999,-0.144294,0.4580675,0.048471,-0.22251400000000002,0.6455474999999999,0.007437000000000001,0.143506,0.4521275,0.040632,0.23729599999999998,0.6334074999999999,-0.004018,-0.27072399999999996,0.8442175000000001,0.0028640000000000007,0.28960600000000003,0.8190975,-0.03181,-0.061633,-0.0013064999999999986,0.005387,0.061633,0.001306500000000002,-0.005387,-0.120944,-0.3608725,-0.03946,0.123366,-0.3586425,-0.03179,-0.195544,-0.8023525,-0.043421999999999995,0.18004599999999998,-0.8076325,-0.026695999999999998
138,-0.006203500000000004,0.6105655,0.0732115,-0.1439845,0.4578255,0.0487775,-0.2224245,0.6453055,0.0093235,0.1432955,0.4513455,0.040093500000000004,0.2368755,0.6327955,-0.0040964999999999994,-0.2702545,0.8439055,0.0073085,0.2882155,0.8173855,-0.0321295,-0.061579499999999995,-0.0013765000000000027,0.0059025,0.061579499999999995,0.0013764999999999993,-0.0059025,-0.1205945,-0.3610245,-0.0392445,0.1233955,-0.3585645,-0.0315805,-0.1953445,-0.8030845,-0.043159499999999996,0.1804155,-0.8083845000000001,-0.026521499999999996
139,-0.006591999999999997,0.6100315,0.0725205,-0.143648,0.4576715,0.0490525,-0.222338,0.6451914999999999,0.0111865,0.143132,0.45048150000000003,0.0393925,0.236452,0.6322515,-0.0039655,-0.269988,0.8436815,0.0116515,0.28698199999999996,0.8160215,-0.0322695,-0.06154,-0.0014404999999999973,0.0063505,0.06154,0.0014405000000000008,-0.0063505,-0.120258,-0.3611585,-0.0390955,0.123462,-0.3584785,-0.031392500000000004,-0.195108,-0.8037485000000001,-0.042854500000000004,0.180752,-0.8087485,-0.0263045
140,-0.006983500000000004,0.609584,0.0718085,-0.1434705,0.45688399999999996,0.048874499999999994,-0.2222405,0.6448039999999999,0.0131775,0.1430095,0.449544,0.038606499999999995,0.2361995,0.631664,-0.0036485,-0.26995050000000004,0.843364,0.0159475,0.2858095,0.814964,-0.032046500000000006,-0.0614915,-0.0014820000000000007,0.0067465,0.0614915,0.0014820000000000007,-0.0067465,-0.11995049999999999,-0.36127600000000004,-0.038977500000000005,0.1235395,-0.358426,-0.031228499999999996,-0.1947205,-0.803166,-0.0425725,0.1810595,-0.809056,-0.026095499999999997
141,-0.007722999999999997,0.6098015,0.07023599999999999,-0.143474,0.4559715,0.047846,-0.22382400000000002,0.6442515000000001,0.015281000000000001,0.14224599999999998,0.4479015,0.03705,0.237006,0.6297415000000001,-0.003521999999999999,-0.269254,0.8431415000000001,0.018389000000000003,0.283576,0.8131615000000001,-0.033289,-0.061434,-0.0016324999999999985,0.006763000000000001,0.061434,0.0016324999999999985,-0.006763,-0.11945399999999999,-0.36158850000000003,-0.037956000000000004,0.12378600000000001,-0.3582485,-0.030066000000000002,-0.192224,-0.7917985,-0.039574,0.181886,-0.8079685,-0.024256
142,-0.008765,0.60981,0.07016599999999999,-0.143205,0.4554,0.048514,-0.22381500000000001,0.64359,0.016112,0.14232499999999998,0.4479,0.037038,0.233685,0.63159,-0.0022839999999999996,-0.26807499999999995,0.84254,0.021700999999999998,0.282825,0.81258,-0.031548,-0.061438,-0.0016559999999999978,0.0068189999999999995,0.061438,0.0016560000000000012,-0.006819,-0.11940500000000001,-0.36162,-0.037947,0.12376499999999999,-0.35822,-0.029951,-0.19326500000000002,-0.79934,-0.040532,0.182135,-0.8090900000000001,-0.023925000000000002
143,-0.008809499999999998,0.609679,0.0701065,-0.1430195,0.456799,0.0497335,-0.22468950000000001,0.644479,0.0169505,0.1424205,0.447699,0.0370225,0.2332905,0.631769,-0.0010695000000000001,-0.27050949999999996,0.843039,0.0228605,0.28256050000000005,0.8125290000000001,-0.0299325,-0.061394500000000005,-0.001681000000000002,0.0068284999999999995,0.061394500000000005,0.0016809999999999985,-0.0068284999999999995,-0.11928949999999999,-0.36166099999999995,-0.0378655,0.1237605,-0.358191,-0.0299095,-0.1942895,-0.805501,-0.0404535,0.1822805,-0.809431,-0.024328500000000003
144,-0.009013999999999998,0.609482,0.07002799999999999,-0.14297200000000002,0.457512,0.050277,-0.222472,0.646322,0.019971000000000003,0.142428,0.44768199999999997,0.037018999999999996,0.237758,0.629692,0.0005250000000000003,-0.269032,0.844552,0.027363000000000002,0.282048,0.812202,-0.028146,-0.061389,-0.0016819999999999995,0.0068330000000000005,0.061389,0.0016819999999999995,-0.0068330000000000005,-0.11928199999999999,-0.36165800000000004,-0.037926,0.12374800000000001,-0.358198,-0.029918999999999998,-0.194452,-0.807928,-0.041281,0.18231799999999998,-0.809358,-0.024419
145,-0.009046,0.609397,0.06996250000000001,-0.142867,0.458007,0.0507805,-0.22414699999999999,0.646037,0.0203705,0.142483,0.44755700000000004,0.0369925,0.235293,0.631057,0.0026145000000000005,-0.27260700000000004,0.844017,0.025440499999999998,0.28169299999999997,0.8117570000000001,-0.026384499999999998,-0.061348,-0.001733000000000002,0.0068325,0.061348,0.0017329999999999984,-0.0068325,-0.11919700000000001,-0.36172299999999996,-0.037977500000000004,0.123763,-0.358133,-0.0299245,-0.19469699999999998,-0.810173,-0.0411425,0.182213,-0.809283,-0.024321500000000003
146,-0.009165499999999995,0.609352,0.0698115,-0.1427075,0.458772,0.0510545,-0.22321749999999999,0.647172,0.0213465,0.1429225,0.447272,0.037000500000000006,0.23480250000000003,0.631282,0.0031025000000000007,-0.2730075,0.844872,0.0256295,0.28126249999999997,0.812732,-0.0244335,-0.061311500000000005,-0.0017290000000000014,0.006852500000000001,0.061311500000000005,0.001728999999999998,-0.0068525,-0.1191175,-0.361728,-0.03796649999999999,0.1237525,-0.358138,-0.030056500000000003,-0.19459749999999998,-0.810498,-0.041353499999999994,0.1821125,-0.808918,-0.0242375
147,-0.0094585,0.6093175,0.0693625,-0.14265450000000002,0.4594975,0.0510435,-0.22308450000000002,0.6479875,0.0225455,0.14292549999999998,0.4467675,0.0367565,0.23517549999999998,0.6308075,0.0056325,-0.2740745,0.8454675,0.0256995,0.28085550000000004,0.8137075,-0.021621500000000002,-0.0612505,-0.0017165000000000027,0.007147499999999999,0.0612505,0.0017164999999999993,-0.007147499999999999,-0.1190345,-0.3617125,-0.0383725,0.12374550000000001,-0.3581525,-0.0304805,-0.19122450000000002,-0.7956825,-0.0419505,0.1820755,-0.8089125,-0.0248815
