FrameNo,nose_3d_x,nose_3d_y,nose_3d_z,left_shoulder_3d_x,left_shoulder_3d_y,left_shoulder_3d_z,left_elbow_3d_x,left_elbow_3d_y,left_elbow_3d_z,right_shoulder_3d_x,right_shoulder_3d_y,right_shoulder_3d_z,right_elbow_3d_x,right_elbow_3d_y,right_elbow_3d_z,left_wrist_3d_x,left_wrist_3d_y,left_wrist_3d_z,right_wrist_3d_x,right_wrist_3d_y,right_wrist_3d_z,left_hip_3d_x,left_hip_3d_y,left_hip_3d_z,right_hip_3d_x,right_hip_3d_y,right_hip_3d_z,left_knee_3d_x,left_knee_3d_y,left_knee_3d_z,right_knee_3d_x,right_knee_3d_y,right_knee_3d_z,left_ankle_3d_x,left_ankle_3d_y,left_ankle_3d_z,right_ankle_3d_x,right_ankle_3d_y,right_ankle_3d_z,activity_label
0,1.034848,0.810931,0.0848635,0.846755,0.530481,-0.0017965,0.751555,0.311061,-0.0441865,1.186425,0.523951,-0.0017725,1.261885,0.311301,-0.0520635,0.756605,0.150351,-0.2000545,1.222805,0.139201,-0.2626745,0.925956,0.001981,-3.150000000000375e-05,1.074044,-0.001981,3.149999999999681e-05,0.871355,-0.547709,0.0109944999999999,1.129585,-0.560299,0.0112824999999999,0.854575,-0.883629,-0.0478105,1.156735,-0.8918590000000001,-0.0543875,0
1,1.0356715,0.8111170000000001,0.085045,0.8474555,0.5308670000000001,-0.0020789999999999,0.7527555,0.312307,-0.046917,1.1872555,0.523947,-0.0020669999999999,1.2626555,0.312517,-0.054055,0.7566455,0.1496769999999999,-0.203455,1.2434055,0.1659169999999999,-0.216165,0.9258055,0.0017369999999999,0.000321,1.0741945,-0.0017369999999999,-0.000321,0.8704355,-0.555043,0.01284,1.1302655,-0.5588329999999999,0.0106699999999999,0.8554655,-0.8844329999999999,-0.050985,1.1579155,-0.887563,-0.052332,0
2,1.037308,0.8112975,0.0857449999999999,0.84912,0.5311375,-0.002141,0.75452,0.3125675,-0.049293,1.18865,0.5240875,-0.001279,1.26554,0.3103075,-0.054958,0.7572099999999999,0.1422275,-0.20377,1.2314699999999998,0.1248275,-0.23326,0.926054,0.0016055,0.0013509999999999,1.073946,-0.0016055,-0.001351,0.87191,-0.5567025,0.0139399999999999,1.13157,-0.5587625,0.0113699999999999,0.85785,-0.8818025,-0.044967,1.15949,-0.8998925,-0.056256,0
3,1.037863,0.8116345,0.085556,0.8495960000000001,0.5313045,-0.0029239999999999,0.7542660000000001,0.3092645,-0.0510989999999999,1.189246,0.5242045,-0.0022089999999999,1.266016,0.3069545,-0.0557499999999999,0.7561860000000001,0.1341445,-0.200144,1.241366,0.1331645,-0.200264,0.926143,0.0019415,0.001389,1.073857,-0.0019415,-0.0013889999999999,0.872126,-0.5569554999999999,0.014247,1.131706,-0.5603855,0.011249,0.8577060000000001,-0.8802955,-0.0444539999999999,1.159216,-0.8952955,-0.053594,0
4,1.0386795,0.8112585,0.085061,0.8499305,0.5308485000000001,-0.003476,0.7539205,0.3055985,-0.0494379999999999,1.1895705,0.5240985,-0.003471,1.2683005,0.3028185,-0.053921,0.7617705,0.0818724999999999,-0.200527,1.2369505,0.1117985,-0.197697,0.9261175,0.0017825,0.001624,1.0738825,-0.0017825,-0.001624,0.8727505,-0.5568015,0.0152559999999999,1.1320505,-0.5595715,0.011695,0.8582505,-0.8797115,-0.0410269999999999,1.1583405,-0.8942114999999999,-0.04983,0
5,1.039438,0.8113275,0.085401,0.850618,0.5312975,-0.0032699999999999,0.754008,0.2984475,-0.044699,1.189898,0.5239175,-0.0056189999999999,1.269088,0.2984374999999999,-0.050594,0.7631479999999999,0.0806875,-0.18019,1.236798,0.0914305,-0.18256,0.926018,0.0020945,0.001916,1.073982,-0.0020945,-0.0019159999999999,0.873228,-0.5593325,0.016591,1.132708,-0.5595825,0.012412,0.8527880000000001,-0.8966725,-0.05753,1.157618,-0.8965925,-0.0532339999999999,0
6,1.0399005,0.811408,0.0853045,0.8504754999999999,0.5318980000000001,-0.0030954999999999,0.7533655,0.291028,-0.0371794999999999,1.1899655,0.5234880000000001,-0.0076224999999999,1.2709454999999998,0.289638,-0.0450175,0.7641655,0.073379,-0.1541084999999999,1.2387755,0.0682079999999999,-0.1484285,0.9259705,0.002317,0.0019345,1.0740295,-0.002317,-0.0019344999999999,0.8736955,-0.558792,0.0173015,1.1331455,-0.559832,0.0129325,0.8552355,-0.880092,-0.0368614999999999,1.1584855,-0.896762,-0.0505225,0
7,1.038638,0.810381,0.081717,0.8501850000000001,0.5316609999999999,-0.0026729999999999,0.760455,0.2877909999999999,-0.0249239999999999,1.190415,0.523261,-0.0080299999999999,1.266925,0.283151,-0.0370529999999999,0.7651749999999999,0.066148,-0.1318679999999999,1.247135,0.0621759999999999,-0.1305879999999999,0.926164,0.002171,0.001752,1.073836,-0.002171,-0.0017519999999999,0.8731550000000001,-0.557499,0.017206,1.1323249999999998,-0.558639,0.012813,0.857745,-0.880409,-0.0418459999999999,1.159405,-0.8909590000000001,-0.0489099999999999,0
8,1.0386235,0.810072,0.0802765,0.8502535000000001,0.531712,-0.0024754999999999,0.7629635000000001,0.283862,-0.0196785,1.1906135,0.523192,-0.0090745,1.2661435,0.278362,-0.0327544999999999,0.7665935,0.054515,-0.1145845,1.2492335,0.050119,-0.1131945,0.9261835,0.00224,0.0017795,1.0738165,-0.00224,-0.0017794999999999,0.8732235,-0.557678,0.0179395,1.1323535,-0.558568,0.0132535,0.8577935000000001,-0.879848,-0.0412115,1.1592835,-0.890578,-0.0479695,0
9,1.0385425,0.809781,0.078412,0.8502565000000001,0.531691,-0.0021749999999999,0.7655065,0.280281,-0.0139859999999999,1.1907765,0.523061,-0.0099989999999999,1.2651865,0.274071,-0.0279559999999999,0.7677965000000001,0.048646,-0.0963959999999999,1.2501065,0.039684,-0.095506,0.9261835,0.002369,0.001787,1.0738165,-0.002369,-0.0017869999999999,0.8732965,-0.557809,0.018352,1.1323565,-0.558679,0.013699,0.8575365,-0.879979,-0.0405019999999999,1.1590665,-0.890739,-0.047209,0
10,1.0384544999999998,0.8093615000000001,0.0763105,0.8502595,0.5315915,-0.0018934999999999,0.7681895,0.2774215,-0.0080804999999999,1.1910995,0.5229115000000001,-0.0106914999999999,1.2640495,0.2702815,-0.0228145,0.7689395,0.0428394999999999,-0.0811464999999999,1.2517495,0.0315805,-0.0797364999999999,0.9261835,0.0025104999999999,0.0017875,1.0738165,-0.0025104999999999,-0.0017874999999999,0.8733995,-0.5575285,0.0187655,1.1322694999999998,-0.5581885,0.0140985,0.8575295000000001,-0.8801684999999999,-0.0400934999999999,1.1588195,-0.8898685,-0.0461914999999999,0
11,1.0383585,0.808899,0.0741495,0.8502625,0.5313990000000001,-0.0016185,0.7709125,0.275329,-0.0034125,1.1914924999999998,0.522769,-0.0111205,1.2629725,0.267429,-0.0181255,0.7700225,0.0377889999999999,-0.0707325,1.2526725,0.026412,-0.0688825,0.9261835,0.002582,0.0018014999999999,1.0738165,-0.002582,-0.0018015,0.8735525,-0.557211,0.0191454999999999,1.1322525,-0.5573509999999999,0.0144784999999999,0.8575325,-0.880161,-0.0394545,1.1586625,-0.889111,-0.0448825,0
12,1.03822,0.808403,0.0720885,0.850225,0.531153,-0.0012805,0.7736350000000001,0.274093,-0.0003845,1.192025,0.5227529999999999,-0.0112565,1.261855,0.265363,-0.0144805,0.771105,0.03374,-0.0643065,1.253225,0.022886,-0.0631865,0.926206,0.002636,0.0018364999999999,1.073794,-0.002636,-0.0018365,0.873795,-0.5571670000000001,0.0194344999999999,1.132195,-0.5565770000000001,0.0148964999999999,0.857485,-0.880167,-0.0389995,1.158685,-0.8884470000000001,-0.0438195,0
13,1.037995,0.807894,0.0701265,0.850063,0.530864,-0.0008374999999999,0.775733,0.273204,0.0011784999999999,1.192503,0.522794,-0.0111524999999999,1.260673,0.264024,-0.0119924999999999,0.771713,0.0307849999999999,-0.0613285,1.253023,0.020763,-0.0603384999999999,0.926237,0.002647,0.0018955,1.073763,-0.002647,-0.0018955,0.873923,-0.556606,0.0197285,1.131983,-0.555996,0.0153355,0.857463,-0.879896,-0.0378045,1.158723,-0.888456,-0.0424385,0
14,1.037656,0.8072585,0.068288,0.849866,0.5305885,-0.0004419999999999,0.777226,0.2724585,0.0019699999999999,1.192896,0.5228984999999999,-0.0109309999999999,1.259286,0.2632885,-0.0109659999999999,0.7724260000000001,0.0290975,-0.0605389999999999,1.252696,0.0204875,-0.0595389999999999,0.926276,0.0026725,0.001918,1.073724,-0.0026725,-0.0019179999999999,0.873946,-0.5561315,0.020011,1.131656,-0.5558215,0.015845,0.8573459999999999,-0.8798315,-0.037274,1.158606,-0.8884515000000001,-0.0413299999999999,0
15,1.0372519999999998,0.806594,0.066842,0.849653,0.530244,-2.4999999999997247e-05,0.7779929999999999,0.271844,0.002783,1.193213,0.522984,-0.010331,1.258163,0.262884,-0.010145,0.773293,0.028737,-0.0597209999999999,1.252303,0.020193,-0.0587209999999999,0.926314,0.002701,0.0019139999999999,1.073686,-0.002701,-0.0019139999999999,0.873953,-0.555636,0.020309,1.1312829999999998,-0.555816,0.016384,0.857153,-0.879816,-0.036457,1.158343,-0.888326,-0.040378,0
16,1.036847,0.8059825,0.0655775,0.849485,0.5299025,0.0003174999999999,0.778385,0.2713025,0.0035135,1.193495,0.5231325,-0.0096844999999999,1.257715,0.2626325,-0.0094105,0.774245,0.0284855,-0.0589964999999999,1.251595,0.0199415,-0.0579864999999999,0.926324,0.0027045,0.0019614999999999,1.073676,-0.0027045,-0.0019614999999999,0.8740749999999999,-0.5551875,0.0204085,1.130925,-0.5560075,0.0169375,0.856845,-0.8800275,-0.0357225,1.158015,-0.8881975,-0.0394795,0
17,1.03645,0.805266,0.0644775,0.84924,0.529606,0.0005894999999999,0.7783599999999999,0.2710059999999999,0.0029444999999999,1.19374,0.523296,-0.0089985,1.25701,0.262416,-0.0087205,0.77573,0.028269,-0.0607875,1.24937,0.02008,-0.0603575,0.926327,0.002675,0.0019694999999999,1.073673,-0.002675,-0.0019695,0.87412,-0.554764,0.0204834999999999,1.13063,-0.557024,0.0174444999999999,0.85646,-0.880344,-0.0350345,1.15764,-0.888414,-0.0387905,0
18,1.0360765,0.8045935000000001,0.0638575,0.8490205,0.5293635,0.0009354999999999,0.7783205,0.2708434999999999,0.0012604999999999,1.1940505,0.5234435000000001,-0.0083775,1.2562105,0.2623735,-0.0090215,0.7776305,0.0281065,-0.0667225,1.2465805,0.0224585,-0.0658325,0.9263335,0.0026215,0.0019694999999999,1.0736665,-0.0026214999999999,-0.0019695,0.8739805,-0.5545565,0.0207424999999999,1.1303505,-0.5580065,0.0178824999999999,0.8559805,-0.8804965,-0.0342675,1.1573205,-0.8885765,-0.0381665,0
19,1.035616,0.804009,0.0635545,0.848806,0.5292389999999999,0.0014285,0.7784060000000002,0.270719,-0.0013744999999999,1.194206,0.5235789999999999,-0.0078024999999999,1.255316,0.262849,-0.0109554999999999,0.780176,0.0296689999999999,-0.0756444999999999,1.243416,0.026347,-0.0751744999999999,0.926307,0.002563,0.0019465,1.073693,-0.002563,-0.0019464999999999,0.873776,-0.5545910000000001,0.0210325,1.130056,-0.558771,0.0183725,0.8554560000000001,-0.8804810000000001,-0.0333514999999999,1.156926,-0.888911,-0.0377825,0
20,1.035217,0.803443,0.0633605,0.8486279999999999,0.5291429999999999,0.0019994999999999,0.778958,0.270623,-0.0050545,1.194318,0.523713,-0.0071835,1.254618,0.263823,-0.0139905,0.783418,0.031878,-0.0875615,1.240108,0.03097,-0.0869915,0.926296,0.002514,0.0018794999999999,1.073704,-0.002514,-0.0018795,0.873488,-0.554637,0.0212954999999999,1.129678,-0.559137,0.0188645,0.854888,-0.880397,-0.0323495,1.156258,-0.8897970000000001,-0.0380095,0
21,1.0347755,0.8028865000000001,0.0634185,0.8485475,0.5290965,0.0024565,0.7796775,0.2706865,-0.0094194999999999,1.1942275,0.5237465,-0.0064794999999999,1.2540275,0.2652465,-0.0178635,0.7871775,0.0351075,-0.1014605,1.2364175,0.0363585,-0.1010605,0.9262745,0.0024725,0.0018104999999999,1.0737255,-0.0024725,-0.0018104999999999,0.8728675,-0.5550335,0.0217055,1.1291775,-0.5594735,0.0193665,0.8541775,-0.8804434999999999,-0.0318915,1.1552875,-0.8905935,-0.0380024999999999,0
22,1.0345425,0.8022965,0.063527,0.8486975,0.5290865,0.002625,0.7806474999999999,0.2716465,-0.0143039999999999,1.1941775,0.5237665,-0.005836,1.2535575,0.2670465,-0.0228209999999999,0.7921275,0.0397065,-0.115852,1.2324175,0.0423195,-0.116022,0.9262765,0.0024725,0.0017269999999999,1.0737235,-0.0024725,-0.0017269999999999,0.8722575,-0.5552035,0.02203,1.1286975,-0.5598335,0.0197719999999999,0.8535075,-0.8805634999999999,-0.0316179999999999,1.1543575,-0.8910435,-0.037467,0
23,1.0344595,0.8018265,0.0637115,0.8490125,0.5290965,0.0027114999999999,0.7817324999999999,0.2726365,-0.0187795,1.1942225,0.5237665,-0.0052165,1.2531525,0.2688565,-0.0281355,0.7972625,0.0447495,-0.1289965,1.2283625,0.0485895,-0.1306865,0.9263635,0.0024725,0.0016554999999999,1.0736365,-0.0024725,-0.0016555,0.8717625,-0.5552035,0.0223294999999999,1.1283625,-0.5601535,0.0201314999999999,0.8529125000000001,-0.8807834999999999,-0.0311784999999999,1.1538025,-0.8916835,-0.0375085,0
24,1.034552,0.8013465,0.0638855,0.849451,0.5291265,0.0027024999999999,0.782931,0.2737565,-0.0226215,1.194361,0.5237665,-0.0046995,1.252761,0.2707765,-0.0331805,0.802541,0.0501555,-0.1406505,1.224541,0.0547394999999999,-0.1432105,0.926423,0.0024725,0.0015984999999999,1.073577,-0.0024725,-0.0015985,0.871271,-0.5555835,0.0225705,1.128051,-0.5605034999999999,0.0204224999999999,0.852501,-0.8805634999999999,-0.0302955,1.153231,-0.8919135,-0.0375385,0
25,1.0346285,0.8008974999999999,0.064086,0.8499175,0.5291775,0.002728,0.7840675,0.2750475,-0.025714,1.1944975,0.5237474999999999,-0.004186,1.2523675,0.2727874999999999,-0.037515,0.8076675,0.0556295,-0.150177,1.2208975,0.0605095,-0.153627,0.9264535,0.0024255,0.001556,1.0735465,-0.0024255,-0.001556,0.8707775,-0.5556125000000001,0.022876,1.1277575,-0.5617225,0.020835,0.8519675,-0.8803725,-0.0294499999999999,1.1527275,-0.8923525,-0.037494,0
26,1.034775,0.8005895,0.064233,0.850388,0.5292494999999999,0.002694,0.785038,0.2763095,-0.0275349999999999,1.194658,0.5236995,-0.0037489999999999,1.251958,0.2747095,-0.04076,0.8120980000000001,0.0603304999999999,-0.156545,1.217618,0.0656235,-0.161005,0.926485,0.0023815,0.0015529999999999,1.073515,-0.0023815,-0.0015529999999999,0.870358,-0.5556905,0.023118,1.127478,-0.5624905,0.02114,0.851448,-0.8801105,-0.028831,1.152298,-0.8933905,-0.0386,0
27,1.0350015,0.8002875,0.0644305,0.8508344999999999,0.5293775000000001,0.0027205,0.7855645,0.2775074999999999,-0.0280885,1.1947645,0.5237375000000001,-0.0034404999999999,1.2515545,0.2763575,-0.0426495,0.8151545,0.0639695,-0.1594645,1.2149345,0.0690335,-0.1651945,0.9264975,0.0023485,0.0015784999999999,1.0735025,-0.0023485,-0.0015785,0.8699745,-0.5556325,0.0234185,1.1271745,-0.5631324999999999,0.0214965,0.8509345,-0.8792224999999999,-0.0280905,1.1517545,-0.8941224999999999,-0.0395795,0
28,1.035139,0.7998985,0.064867,0.851102,0.5295084999999999,0.003043,0.785242,0.2785785,-0.0274999999999999,1.194762,0.5237584999999999,-0.0028539999999999,1.251102,0.2768585,-0.042157,0.8162920000000001,0.0665025,-0.158886,1.213252,0.0707355,-0.165566,0.926392,0.0023204999999999,0.001738,1.073608,-0.0023205,-0.0017379999999999,0.869322,-0.5557915,0.024074,1.126712,-0.5635515000000001,0.022084,0.8503620000000001,-0.8786315,-0.0271499999999999,1.151002,-0.8948715,-0.0397309999999999,0
29,1.035333,0.799674,0.065288,0.851338,0.529644,0.003415,0.784838,0.279064,-0.026937,1.194778,0.523744,-0.002293,1.250698,0.276844,-0.041594,0.815888,0.067897,-0.158323,1.212798,0.070993,-0.165003,0.926285,0.002265,0.0018999999999999,1.073715,-0.002265,-0.0018999999999999,0.8689180000000001,-0.5558059999999999,0.024637,1.126358,-0.563986,0.022647,0.8498180000000001,-0.8780359999999999,-0.02623,1.150268,-0.894976,-0.0395429999999999,0
30,1.035583,0.7995865,0.065501,0.8514240000000001,0.5297565000000001,0.0036809999999999,0.784524,0.2792065,-0.026495,1.194884,0.5237065,-0.001865,1.250384,0.2768065,-0.041152,0.8155740000000001,0.0678595,-0.157881,1.212484,0.0709555,-0.164561,0.926132,0.0022275,0.0020389999999999,1.0738679999999998,-0.0022275,-0.0020389999999999,0.8686040000000002,-0.5558434999999999,0.02506,1.126074,-0.5641035,0.023089,0.849334,-0.8777935,-0.025902,1.149644,-0.8950135,-0.039426,0
31,1.0358105,0.7995439999999999,0.0654595,0.8513805,0.529864,0.0038925,0.7843005000000001,0.279384,-0.0255545,1.1950305,0.5236639999999999,-0.0015414999999999,1.2504905,0.276764,-0.0407245,0.8153505,0.067817,-0.1572424999999999,1.2122605,0.070913,-0.1641325,0.9259935,0.002185,0.0021504999999999,1.0740065,-0.002185,-0.0021504999999999,0.8682605,-0.5562360000000001,0.0254775,1.1258605,-0.564146,0.0234745,0.8489705,-0.8777360000000001,-0.0256424999999999,1.1492305,-0.8950560000000001,-0.0394315,0
32,1.0361575,0.799507,0.065252,0.8513835000000001,0.529957,0.0040499999999999,0.7833035,0.279677,-0.0230789999999999,1.1952035,0.5236770000000001,-0.001306,1.2512235,0.276367,-0.0383699999999999,0.8146235,0.0677799999999999,-0.152452,1.2121135,0.070876,-0.1605919999999999,0.9258855,0.002148,0.002242,1.0741145,-0.002148,-0.002242,0.8680135,-0.5565829999999999,0.025856,1.1257135,-0.564183,0.023835,0.8486635000000001,-0.877793,-0.0257859999999999,1.1490735,-0.894613,-0.038268,0
33,1.0363785,0.799437,0.064662,0.8512665,0.530037,0.0036549999999999,0.7817864999999999,0.280047,-0.01971,1.1953565,0.523707,-0.0012549999999999,1.2525065,0.275537,-0.034456,0.8118965,0.066796,-0.144704,1.2133765,0.0692039999999999,-0.152674,0.9257925,0.002107,0.002305,1.0742075,-0.002107,-0.002305,0.8677064999999999,-0.556883,0.026094,1.1255365,-0.564253,0.0240159999999999,0.8483165,-0.878033,-0.0261319999999999,1.1489165,-0.894053,-0.036907,0
34,1.036622,0.799473,0.06369,0.851194,0.530113,0.003146,0.779714,0.280193,-0.0154909999999999,1.195574,0.523663,-0.0013309999999999,1.254614,0.274373,-0.0287039999999999,0.806434,0.063786,-0.133697,1.216674,0.06576,-0.141757,0.925695,0.002074,0.002315,1.074305,-0.002074,-0.0023149999999999,0.867414,-0.5571170000000001,0.0262,1.125374,-0.5642170000000001,0.024065,0.848064,-0.8778670000000001,-0.025755,1.148754,-0.893687,-0.0359309999999999,0
35,1.0369035,0.7996145,0.0624325,0.8511225,0.5301645,0.0023895,0.7772425000000001,0.2803345,-0.0107614999999999,1.1959025,0.5235745,-0.0015344999999999,1.2569425,0.2730444999999999,-0.0224024999999999,0.7991425,0.0593924999999999,-0.1191115,1.2217625,0.0608035,-0.1277415,0.9255995,0.0020495,0.0023085,1.0744005,-0.0020495,-0.0023084999999999,0.8671925,-0.5574355,0.0262885,1.1252125,-0.5640655,0.0240455,0.8477825000000001,-0.8774455,-0.0258854999999999,1.1485925,-0.8934755,-0.0351404999999999,0
36,1.037104,0.799896,0.060933,0.851016,0.530186,0.001381,0.7743960000000001,0.280376,-0.0064049999999999,1.196276,0.523506,-0.001853,1.259396,0.271526,-0.0161499999999999,0.7898260000000001,0.053679,-0.102569,1.228456,0.054792,-0.110899,0.925488,0.002032,0.002297,1.074512,-0.002032,-0.002297,0.866896,-0.5579339999999999,0.02625,1.125066,-0.564004,0.023955,0.8475360000000001,-0.8773639999999999,-0.0254549999999999,1.148606,-0.893354,-0.0345999999999999,0
37,1.037331,0.8003570000000001,0.059292,0.851025,0.530277,3.600000000000131e-05,0.771585,0.280267,-0.003082,1.196835,0.5234570000000001,-0.0023199999999999,1.262005,0.269907,-0.0105029999999999,0.7793950000000001,0.04777,-0.0857589999999999,1.236705,0.048694,-0.093179,0.925497,0.002092,0.002297,1.074503,-0.002092,-0.002297,0.866885,-0.557693,0.02625,1.125055,-0.563913,0.023864,0.8476049999999999,-0.8774829999999999,-0.0249879999999999,1.148865,-0.8933629999999999,-0.034635,0
38,1.0375385,0.800878,0.057624,0.8510395,0.5303779999999999,-0.0016699999999999,0.7688295,0.280148,-0.003061,1.1974195,0.523438,-0.0029479999999999,1.2645995,0.268458,-0.0074069999999999,0.7682295,0.042844,-0.075209,1.2455795,0.044206,-0.081619,0.9255325,0.0021609999999999,0.002297,1.0744675,-0.0021609999999999,-0.002297,0.8670095000000001,-0.5568420000000001,0.026249,1.1250395,-0.5640320000000001,0.023864,0.8476695000000001,-0.8775620000000001,-0.0248779999999999,1.1490495,-0.8933420000000001,-0.0346839999999999,0
39,1.037766,0.801553,0.056156,0.851054,0.530513,-0.0036069999999999,0.766304,0.280053,-0.0031009999999999,1.197924,0.523413,-0.0036289999999999,1.267194,0.267723,-0.0074699999999999,0.756644,0.039648,-0.0727699999999999,1.254624,0.041315,-0.0776799999999999,0.925557,0.002248,0.002245,1.074443,-0.0022479999999999,-0.0022449999999999,0.867104,-0.556157,0.026198,1.125014,-0.564127,0.023813,0.847604,-0.878447,-0.0254049999999999,1.149204,-0.893527,-0.035441,0
40,1.0379735,0.8023399999999999,0.0549089999999999,0.8510745,0.5306299999999999,-0.006081,0.7640445,0.28004,-0.003615,1.1982845,0.5234099999999999,-0.004774,1.2694245,0.26764,-0.008004,0.7446745,0.038897,-0.073244,1.2634945,0.03952,-0.078244,0.9256175,0.002323,0.0020089999999999,1.0743824999999998,-0.0023229999999999,-0.002009,0.8672145,-0.5559000000000001,0.025733,1.1250245,-0.5639900000000001,0.0232879999999999,0.8475745,-0.87922,-0.026331,1.1494745,-0.8935000000000001,-0.036713,0
41,1.038033,0.802977,0.053852,0.851141,0.530747,-0.009057,0.761321,0.280197,-0.004461,1.198411,0.523327,-0.006233,1.272041,0.267557,-0.008876,0.7321610000000001,0.038814,-0.074043,1.273211,0.039437,-0.079153,0.925675,0.002406,0.0017059999999999,1.074325,-0.002406,-0.001706,0.867331,-0.555463,0.0249889999999999,1.125001,-0.563913,0.0225389999999999,0.847521,-0.880043,-0.027561,1.149771,-0.893583,-0.0375739999999999,0
42,1.0380065,0.8036165000000001,0.0526915,0.8513305,0.5308665,-0.0122484999999999,0.7582605,0.2808064999999999,-0.0083344999999999,1.1983505,0.5232765,-0.0079774999999999,1.2751605,0.2674864999999999,-0.0105414999999999,0.7195305000000001,0.0387435,-0.0751434999999999,1.2827905,0.0393665,-0.0803535,0.9257495,0.0024774999999999,0.0014755,1.0742505,-0.0024775,-0.0014754999999999,0.8674005,-0.5549934999999999,0.0239595,1.1250105,-0.5637835,0.0215325,0.8474905,-0.8808535,-0.0291845,1.1501505,-0.8936535,-0.0386585,0
43,1.037925,0.804223,0.051229,0.851662,0.530993,-0.015361,0.754352,0.282603,-0.016881,1.198262,0.523263,-0.0098779999999999,1.278172,0.268573,-0.016689,0.7073119999999999,0.03868,-0.083576,1.292162,0.039303,-0.087006,0.925831,0.002541,0.0013099999999999,1.074169,-0.002541,-0.00131,0.867402,-0.555387,0.0226719999999999,1.125032,-0.5638369999999999,0.02037,0.847552,-0.8814569999999999,-0.030811,1.150462,-0.893737,-0.040204,0
44,1.037823,0.8047964999999999,0.0495535,0.8521500000000001,0.5311265,-0.0180875,0.75072,0.2857365,-0.0300455,1.19816,0.5232564999999999,-0.0116425,1.2816,0.2727265,-0.0292584999999999,0.69782,0.0424625,-0.1023115,1.30181,0.0411575,-0.1034615,0.92591,0.0025845,0.0012015,1.07409,-0.0025845,-0.0012015,0.8671900000000001,-0.5564735000000001,0.0213145,1.12504,-0.5639035,0.0190045,0.8475900000000001,-0.8819035000000001,-0.0326454999999999,1.15072,-0.8938735000000001,-0.0423334999999999,0
45,1.037604,0.805381,0.0486465,0.852627,0.531251,-0.0202564999999999,0.747227,0.294701,-0.0462245,1.197937,0.523231,-0.0134314999999999,1.284957,0.281391,-0.0447245,0.688597,0.057086,-0.1295105,1.311087,0.053219,-0.1276105,0.925919,0.002599,0.0010715,1.074081,-0.002599,-0.0010714999999999,0.8668870000000001,-0.5574089999999999,0.0199335,1.124927,-0.564009,0.0176295,0.847557,-0.882429,-0.0349514999999999,1.150717,-0.893939,-0.0441145,0
46,1.0373515,0.8058105000000001,0.048306,0.8531465,0.5315205000000001,-0.022219,0.7437065,0.3058504999999999,-0.064269,1.1973865,0.5232105,-0.015389,1.2882465,0.2936304999999999,-0.064119,0.6803565,0.0823185,-0.160949,1.3197065,0.0782415,-0.156269,0.9258835,0.0026214999999999,0.0009609999999999,1.0741165,-0.0026214999999999,-0.000961,0.8666765000000001,-0.5577694999999999,0.018564,1.1248565,-0.5641094999999999,0.016222,0.8474665,-0.8830895,-0.037386,1.1506165,-0.8939995,-0.04573,0
47,1.0369665,0.8063275000000001,0.0489944999999999,0.8537995,0.5321475,-0.0242525,0.7402095,0.3238775,-0.0842685,1.1964795,0.5232475,-0.0174155,1.2918595,0.3114575,-0.0842385,0.6721095,0.1204275,-0.1970485,1.3284895,0.1119075,-0.1911085,0.9257825,0.0026505,0.0008404999999999,1.0742174999999998,-0.0026505,-0.0008405,0.8665195,-0.5582125,0.0171244999999999,1.1248295,-0.5641925,0.0148234999999999,0.8474395,-0.8833325,-0.0394165,1.1506595,-0.8942325,-0.0476945,0
48,1.036469,0.806786,0.0504055,0.854405,0.533266,-0.0261554999999999,0.736785,0.345066,-0.1049275,1.195235,0.523426,-0.0192385,1.295705,0.331906,-0.1046475,0.665665,0.166766,-0.2361875,1.337245,0.1549859999999999,-0.2283174999999999,0.925674,0.0027,0.0007544999999999,1.074326,-0.0026999999999999,-0.0007545,0.866485,-0.558324,0.0158215,1.124795,-0.564294,0.0135194999999999,0.847405,-0.883254,-0.0411985,1.150615,-0.894344,-0.0495945,0
49,1.0360075,0.8070299999999999,0.0525655,0.8548305,0.5346299999999999,-0.0272234999999999,0.7333704999999999,0.3721,-0.1251475,1.1935305,0.5242199999999999,-0.0201594999999999,1.3003405,0.35702,-0.1245375,0.6609205,0.2222799999999999,-0.2760475,1.3469105,0.20537,-0.2668475,0.9255235,0.002759,0.0006845,1.0744765,-0.0027589999999999,-0.0006844999999999,0.8663805,-0.5586300000000001,0.0147705,1.1248005,-0.56464,0.0125975,0.8474105000000001,-0.88393,-0.0431594999999999,1.1504905,-0.8945700000000001,-0.0511144999999999,0
50,1.035473,0.80716,0.0553755,0.855051,0.53663,-0.0269244999999999,0.730091,0.40374,-0.1430505,1.191781,0.5250400000000001,-0.0199554999999999,1.304261,0.38693,-0.1418505,0.659751,0.2878799999999999,-0.3101505,1.355131,0.2622699999999999,-0.3006505,0.925384,0.0028539999999999,0.0007305,1.0746159999999998,-0.002854,-0.0007305,0.866301,-0.55929,0.0140635,1.1248209999999998,-0.56526,0.0119065,0.847471,-0.88473,-0.0442404999999999,1.150511,-0.89486,-0.0522695,0
51,1.0348795,0.8069305,0.0582955,0.8550015,0.5386504999999999,-0.0256824999999999,0.7262515,0.4398605,-0.1560415,1.1902515,0.5258005,-0.0190984999999999,1.3086115,0.4210405,-0.1550015,0.6594115,0.3609605,-0.3359115,1.3634915,0.3277405,-0.3262414999999999,0.9252805,0.0028485,0.0006765,1.0747195,-0.0028485,-0.0006764999999999,0.8661615,-0.5602195000000001,0.0138165,1.1247615,-0.5661795000000001,0.0116905,0.8475415,-0.8857695000000001,-0.0448294999999999,1.1505015,-0.8954195,-0.0528214999999999,0
52,1.0342685,0.8058695,0.0607705,0.8548275000000001,0.5411295,-0.0232934999999999,0.7234075,0.4803195,-0.1633335,1.1889075,0.5270295,-0.0175135,1.3136275,0.4590295,-0.1622934999999999,0.6591575000000001,0.4415195,-0.3494735,1.3710874999999998,0.4030694999999999,-0.3404335,0.9251865,0.0029274999999999,0.0006735,1.0748135,-0.0029275,-0.0006735,0.8659675,-0.5627705,0.0139565,1.1247575,-0.5676605,0.0117405,0.8475975,-0.8874205,-0.0449134999999999,1.1505675,-0.8967904999999999,-0.0527804999999999,0
53,1.0336205,0.804341,0.062128,0.8546505,0.543761,-0.020425,0.7216705,0.5226310000000001,-0.164113,1.1878004999999998,0.528061,-0.0158159999999999,1.3179005,0.498851,-0.162643,0.6589705,0.523111,-0.3496629999999999,1.3759805,0.484401,-0.342263,0.9251115,0.0029569999999999,0.000674,1.0748885,-0.002957,-0.000674,0.8657905,-0.5656789999999999,0.014039,1.1248105,-0.569219,0.011739,0.8476405,-0.889429,-0.044988,1.1506205,-0.898589,-0.0529069999999999,0
54,1.032983,0.8023925,0.0621315,0.854538,0.5462925,-0.0173795,0.720308,0.5625625,-0.1641125,1.187288,0.5287824999999999,-0.0141094999999999,1.322338,0.5360425,-0.1626625,0.659768,0.6029724999999999,-0.3496725,1.379818,0.5618025,-0.3422825,0.925115,0.0029645,0.0006735,1.074885,-0.0029645,-0.0006735,0.865698,-0.5690575,0.0140385,1.124978,-0.5713275000000001,0.0117385,0.847728,-0.8921675,-0.0452474999999999,1.150498,-0.9006975,-0.0529064999999999,0
55,1.032111,0.8001085,0.0621855,0.854237,0.5492085,-0.0143795,0.719417,0.6017485,-0.1640615,1.186977,0.5304385,-0.0124015,1.326227,0.5726185,-0.1626215,0.662527,0.6781185,-0.3496315,1.382617,0.6330685,-0.3422415,0.92521,0.0028224999999999,0.0006234999999999,1.07479,-0.0028225,-0.0006235,0.865677,-0.5713415,0.0140894999999999,1.125137,-0.5741615,0.0117884999999999,0.8478870000000001,-0.8950715,-0.0454705,1.150317,-0.9033815,-0.0530685,0
56,1.0313155,0.797716,0.0625965,0.8537975000000001,0.551646,-0.0114854999999999,0.7190475000000001,0.636716,-0.1636535,1.1868075,0.531926,-0.0110004999999999,1.3299275,0.605456,-0.1622335,0.6670375,0.745646,-0.3492435,1.3851874999999998,0.700436,-0.3418434999999999,0.9253235,0.002741,0.0004774999999999,1.0746765,-0.002741,-0.0004774999999999,0.8656775000000001,-0.573734,0.0144965,1.1253575,-0.577484,0.0121035,0.8480575000000001,-0.897884,-0.0453065,1.1501975,-0.905994,-0.0528255,0
57,1.030601,0.7949335,0.063025,0.8532649999999999,0.5539835,-0.008653,0.718445,0.6698135000000001,-0.159758,1.186635,0.5339935,-0.009457,1.333925,0.6373835000000001,-0.158368,0.6715250000000001,0.8090634999999999,-0.337138,1.386885,0.7623035,-0.333658,0.925437,0.0027695,0.000467,1.074563,-0.0027694999999999,-0.000467,0.865735,-0.5764164999999999,0.015233,1.125585,-0.5801665,0.012785,0.8482350000000001,-0.9010465,-0.0445799999999999,1.150235,-0.9092565,-0.052179,0
58,1.0298355,0.7921050000000001,0.062592,0.8526015,0.555855,-0.00588,0.7179415,0.6977450000000001,-0.152748,1.1864315,0.535265,-0.007934,1.3367815,0.665365,-0.1500079999999999,0.6760714999999999,0.8650150000000001,-0.315568,1.3869315,0.8189350000000001,-0.318578,0.9255815,0.002868,0.000528,1.0744185,-0.0028679999999999,-0.000528,0.8661715,-0.5787049999999999,0.0155749999999999,1.1257915,-0.5827049999999999,0.013703,0.8483615,-0.904315,-0.043752,1.1501315,-0.912115,-0.050248,0
59,1.0289805,0.7886735,0.0603475,0.8516635000000001,0.5578035,-0.0032194999999999,0.7176235,0.7223235,-0.1425975,1.1865835,0.5375035,-0.0062964999999999,1.3396435,0.6900335,-0.1401875,0.6797535,0.9125035,-0.2922875,1.3867235,0.8703135,-0.2947975,0.9257155,0.0028245,0.0007385,1.0742845,-0.0028245,-0.0007384999999999,0.8665035,-0.5809665,0.0164385,1.1258535,-0.5853765,0.0148325,0.8481135000000001,-0.9070365,-0.0418085,1.1498935,-0.9149565,-0.0479484999999999,0
60,1.028043,0.7849265000000001,0.0571385,0.850663,0.5597265,-0.0006364999999999,0.716893,0.7423665,-0.1302215,1.186943,0.5397065000000001,-0.0045344999999999,1.341053,0.7103465000000001,-0.1284515,0.684833,0.9518765,-0.2634615,1.3864329999999998,0.9121565,-0.2671415,0.925909,0.0030764999999999,0.0009214999999999,1.074091,-0.0030764999999999,-0.0009214999999999,0.866743,-0.5834134999999999,0.0174245,1.125873,-0.5882035,0.0157905,0.8478230000000001,-0.9099835,-0.0397684999999999,1.149653,-0.9181835,-0.0459285,0
61,1.0270855,0.7815325000000001,0.052828,0.8499035,0.5611625,0.0014079999999999,0.7163535,0.7573225,-0.11613,1.1877335,0.5416425,-0.0028979999999999,1.3414935,0.7261425,-0.11599,0.6898735,0.9818225,-0.23125,1.3861635,0.9443325,-0.2371599999999999,0.9261095,0.0031955,0.001174,1.0738905,-0.0031955,-0.001174,0.8669435,-0.5852775,0.018371,1.1259635,-0.5915275,0.016737,0.8475835,-0.9122175,-0.037835,1.1493335,-0.9209075,-0.044186,0
62,1.0260285,0.7782245,0.0479115,0.8491675,0.5624345,0.0031865,0.7162375000000001,0.7692745,-0.1003594999999999,1.1884175,0.5440445,-0.0017655,1.3416875,0.7376845,-0.1026795,0.6933374999999999,1.0071045,-0.1972895,1.3856375,0.9671945,-0.2058595,0.9263065,0.0032534999999999,0.0014115,1.0736935,-0.0032535,-0.0014115,0.8670375000000001,-0.5872755000000001,0.0193775,1.1259175,-0.5947655000000001,0.0176404999999999,0.8470975000000001,-0.9149955,-0.0363145,1.1490275,-0.9234355,-0.0427895,0
63,1.024921,0.775212,0.0424069999999999,0.84857,0.563532,0.0045889999999999,0.71748,0.7776120000000001,-0.0862479999999999,1.18892,0.546772,-0.000597,1.34172,0.7475620000000001,-0.089808,0.69589,1.024612,-0.163728,1.38419,0.984712,-0.174498,0.926437,0.0031839999999999,0.0017029999999999,1.0735629999999998,-0.0031839999999999,-0.001703,0.8671,-0.588888,0.0201949999999999,1.12586,-0.597468,0.018323,0.84662,-0.917518,-0.035075,1.14855,-0.925288,-0.041433,0
64,1.024069,0.772441,0.036856,0.8481610000000002,0.564161,0.005652,0.7190909999999999,0.784441,-0.07352,1.189451,0.548671,0.000389,1.341861,0.754471,-0.07912,0.6982010000000001,1.037001,-0.1339199999999999,1.382281,0.996901,-0.14672,0.926514,0.003255,0.001968,1.073486,-0.003255,-0.0019679999999999,0.867111,-0.5901689999999999,0.02081,1.125791,-0.599919,0.018826,0.846371,-0.919659,-0.0338329999999999,1.148151,-0.927019,-0.0403989999999999,0
65,1.023225,0.769905,0.0316464999999999,0.8477380000000001,0.564695,0.0065164999999999,0.719708,0.7885949999999999,-0.0636205,1.189978,0.5506449999999999,0.0009554999999999,1.341338,0.759655,-0.0704405,0.699388,1.0451750000000002,-0.1088005,1.381128,1.005675,-0.1238905,0.926581,0.0031689999999999,0.0023114999999999,1.073419,-0.003169,-0.0023115,0.867098,-0.591245,0.0212484999999999,1.125618,-0.601145,0.0193305,0.8461280000000001,-0.922105,-0.0336515,1.148098,-0.928965,-0.0409725,0
66,1.0224135,0.7676855,0.0270399999999999,0.8473355000000001,0.5646355,0.007168,0.7204555,0.7914155,-0.054634,1.1901155,0.5517455,0.0013519999999999,1.3407755,0.7629454999999999,-0.063544,0.7001755000000001,1.0502655,-0.088854,1.3800355,1.0115655,-0.1066339999999999,0.9266085,0.0030154999999999,0.002569,1.0733915,-0.0030155,-0.002569,0.8672555,-0.5901245,0.0214229999999999,1.1254655,-0.6019545000000001,0.019739,0.8459355,-0.9237345,-0.033172,1.1479355,-0.9301945,-0.0414719999999999,0
67,1.02165,0.765741,0.022894,0.84703,0.5648310000000001,0.007411,0.7209,0.793601,-0.047531,1.1903,0.5530010000000001,0.001527,1.34013,0.7655209999999999,-0.058531,0.70075,1.053851,-0.0724509999999999,1.37888,1.015751,-0.094421,0.926618,0.0027799999999999,0.00275,1.073382,-0.0027799999999999,-0.0027499999999999,0.86685,-0.5909390000000001,0.021606,1.12529,-0.601809,0.019905,0.84553,-0.924419,-0.032989,1.14762,-0.931019,-0.042078,0
68,1.021111,0.7642825,0.019885,0.846823,0.5643425,0.00745,0.721603,0.7943724999999999,-0.0420139999999999,1.190223,0.5533425,0.001528,1.339993,0.7667525,-0.0544589999999999,0.7012929999999999,1.0551925,-0.0606489999999999,1.378083,1.0172925,-0.0870789999999999,0.926643,0.0027555,0.00275,1.073357,-0.0027555,-0.0027499999999999,0.866533,-0.5913475,0.021608,1.125213,-0.6010475000000001,0.019906,0.845143,-0.9261675,-0.034455,1.147313,-0.9316575,-0.0425109999999999,0
69,1.0206915,0.7632695,0.017532,0.8466925,0.5640695,0.007528,0.7224325,0.7948095000000001,-0.0375429999999999,1.1902125,0.5534895000000001,0.001528,1.3397025,0.7675595000000001,-0.051218,0.7021525,1.0557095,-0.052648,1.3772125,1.0189095,-0.082488,0.9266065,0.0026595,0.00275,1.0733935,-0.0026595,-0.0027499999999999,0.8662725,-0.5918304999999999,0.021609,1.1251025,-0.6005904999999999,0.019906,0.8449025,-0.9274505,-0.0354009999999999,1.1467824999999998,-0.9314105,-0.041849,0
70,1.0203954999999998,0.762409,0.0158875,0.8465695,0.563759,0.0075505,0.7233495000000001,0.794979,-0.0341404999999999,1.1902295,0.553409,0.0014705,1.3394795,0.7679090000000001,-0.0492544999999999,0.7028995,1.056029,-0.0471844999999999,1.3763595,1.020129,-0.0809545,0.9265755,0.0026279999999999,0.0028075,1.0734245,-0.0026279999999999,-0.0028074999999999,0.8656395,-0.593981,0.0224705,1.1249094999999998,-0.6000409999999999,0.0198545,0.8444795,-0.927781,-0.0353674999999999,1.1462994999999998,-0.931211,-0.0417285,0
71,1.0201669999999998,0.7616815,0.0143285,0.846581,0.5635015,0.0075175,0.724351,0.7949815,-0.0316904999999999,1.190261,0.5535115,0.0015405,1.339311,0.7680815,-0.0481584999999999,0.7039610000000001,1.0559715,-0.0438205,1.375511,1.0212715,-0.0811485,0.926565,0.0026645,0.0029125,1.073435,-0.0026645,-0.0029124999999999,0.865131,-0.5950084999999999,0.0231045,1.124721,-0.5995585,0.0199125,0.844081,-0.9281085,-0.0354825,1.145831,-0.9309085,-0.0417074999999999,0
72,1.020019,0.7612329999999999,0.0130655,0.8466520000000001,0.562973,0.0071654999999999,0.7254419999999999,0.794963,-0.0305805,1.190412,0.553723,0.0014634999999999,1.3392019999999998,0.768343,-0.0477934999999999,0.7049719999999999,1.056013,-0.0423215,1.374742,1.022313,-0.0816035,0.926561,0.002701,0.0030345,1.073439,-0.0027009999999999,-0.0030345,0.864722,-0.5957870000000001,0.0235615,1.124602,-0.600337,0.0200974999999999,0.8437920000000001,-0.928097,-0.0358734999999999,1.145492,-0.930517,-0.0417875,0
73,1.0198895,0.760937,0.0118745,0.8467775,0.5624669999999999,0.0066365,0.7265075000000001,0.794947,-0.0301905,1.1905675,0.554097,0.0012365,1.3391075,0.7687069999999999,-0.0480865,0.7062575000000001,1.056047,-0.0418944999999999,1.3739675,1.023047,-0.0821764999999999,0.9265385,0.0026909999999999,0.0030825,1.0734615,-0.0026909999999999,-0.0030825,0.8642974999999999,-0.596623,0.0237165,1.1244975,-0.6005330000000001,0.0200335,0.8435375,-0.927103,-0.0351015,1.1452874999999998,-0.930063,-0.0417865,0
74,1.0197615,0.760685,0.0106995,0.8469535,0.561765,0.0059454999999999,0.7277435000000001,0.794925,-0.0304134999999999,1.1907535,0.554395,0.0007524999999999,1.3389135,0.7690549999999999,-0.0487765,0.7077235,1.056025,-0.0425915,1.3733335,1.023125,-0.0831964999999999,0.9265165,0.0026769999999999,0.0031484999999999,1.0734835,-0.002677,-0.0031485,0.8642434999999999,-0.596645,0.0230265,1.1244435,-0.600655,0.0198324999999999,0.8434735,-0.927845,-0.0365545,1.1451535,-0.929665,-0.0422315,0
75,1.0197175,0.7604355,0.009491,0.8471605,0.5611755,0.0052239999999999,0.7285604999999999,0.7950155,-0.031138,1.1910204999999998,0.5541455000000001,5.499999999999949e-05,1.3387105,0.7692655,-0.049497,0.7088805,1.0561055,-0.043317,1.3726005,1.0231055,-0.085407,0.9265165,0.0026965,0.0031959999999999,1.0734835,-0.0026964999999999,-0.003196,0.8641605,-0.5966644999999999,0.022306,1.1244005,-0.6008144999999999,0.0193549999999999,0.8433605,-0.9284645,-0.037815,1.1453704999999998,-0.9292245,-0.043452,0
76,1.0196695,0.7602285,0.008075,0.8472965,0.5607185,0.004368,0.7292365000000001,0.7949185000000001,-0.031996,1.1911565,0.5537085,-0.0008009999999999,1.3383765,0.7690585,-0.0503519999999999,0.7098465,1.0559285,-0.0441769999999999,1.3716965,1.0231285,-0.088362,0.9265165,0.0027054999999999,0.003198,1.0734835,-0.0027054999999999,-0.0031979999999999,0.8641565,-0.5960814999999999,0.021451,1.1242765,-0.5994515,0.0185,0.8432165,-0.9286415,-0.0386689999999999,1.1455965,-0.9290715,-0.04525,0
77,1.019625,0.760177,0.006435,0.847372,0.560497,0.003321,0.7292720000000001,0.795017,-0.032926,1.191182,0.553467,-0.0017309999999999,1.338062,0.768847,-0.0515419999999999,0.7098420000000001,1.056057,-0.0453679999999999,1.370622,1.023357,-0.0919719999999999,0.926516,0.0026429999999999,0.003143,1.073484,-0.0026429999999999,-0.003143,0.8641719999999999,-0.593603,0.019932,1.124092,-0.598503,0.017571,0.843392,-0.927423,-0.0383509999999999,1.145662,-0.928723,-0.046553,0
78,1.019669,0.759834,0.0041414999999999,0.8474619999999999,0.560184,0.0014954999999999,0.7293419999999999,0.7948540000000001,-0.0348335,1.191252,0.553284,-0.0028765,1.337822,0.768864,-0.0538075,0.709902,1.055974,-0.0478085,1.369862,1.0228739999999998,-0.0955575,0.926498,0.0026619999999999,0.0030214999999999,1.073502,-0.0026619999999999,-0.0030215,0.864232,-0.589336,0.0172344999999999,1.1239519999999998,-0.597526,0.0164264999999999,0.843532,-0.926806,-0.0385295,1.145922,-0.928516,-0.0487655,1
79,1.019701,0.7591805,0.0011539999999999,0.847642,0.5599004999999999,-0.000662,0.729522,0.7946405000000001,-0.037756,1.191382,0.5529105000000001,-0.004434,1.337632,0.7686204999999999,-0.056802,0.710072,1.0557505,-0.051711,1.369352,1.0221505,-0.0995819999999999,0.926524,0.0026554999999999,0.0027639999999999,1.073476,-0.0026555,-0.002764,0.864422,-0.5847294999999999,0.0121539999999999,1.124122,-0.5964395,0.0139489999999999,0.843542,-0.9265795,-0.040012,1.146212,-0.9280395,-0.050572,1
80,1.019815,0.7577499999999999,-0.0028414999999999,0.848033,0.55934,-0.0036394999999999,0.729903,0.7937399999999999,-0.0421024999999999,1.191703,0.5521499999999999,-0.0068804999999999,1.337673,0.76776,-0.0614484999999999,0.710313,1.05478,-0.0581584999999999,1.368973,1.02098,-0.1048484999999999,0.926563,0.0026969999999999,0.0026165,1.073437,-0.0026969999999999,-0.0026165,0.864483,-0.57999,0.0058735,1.124503,-0.59328,0.0083245,0.843813,-0.92576,-0.0419805,1.146453,-0.92743,-0.0524414999999999,1
81,1.019828,0.7548605,-0.008682,0.848526,0.5588705,-0.0077629999999999,0.7298560000000001,0.7927205,-0.0485679999999999,1.1918959999999998,0.5514605,-0.010601,1.337886,0.7666705,-0.0677079999999999,0.710666,1.0536805,-0.0659579999999999,1.368576,1.0196805,-0.111498,0.926654,0.0028364999999999,0.00225,1.073346,-0.0028364999999999,-0.00225,0.864626,-0.5790495,-0.0029119999999999,1.125006,-0.5885695,0.0006589999999999,0.844326,-0.9246695,-0.045936,1.146756,-0.9263195,-0.05551,1
82,1.0200545,0.7510195,-0.0158755,0.8492765,0.5567695,-0.0145295,0.7301365,0.7902295,-0.0568545,1.1919865,0.5475995,-0.0168445,1.3380265,0.7628495,-0.0751905,0.7118964999999999,1.0511695,-0.0763305,1.3677565,1.0157695,-0.1191604999999999,0.9266925,0.0027405,0.0018685,1.0733075,-0.0027405,-0.0018685,0.8652865000000001,-0.5710205,-0.0153374999999999,1.1261365,-0.5794205,-0.0106744999999999,0.8450664999999999,-0.9228605,-0.0506994999999999,1.1475565,-0.9227405,-0.0591975,1
83,1.020344,0.7457794999999999,-0.0238125,0.850049,0.5556795,-0.0218795,0.7302489999999999,0.7883795,-0.0660595,1.192159,0.5442294999999999,-0.0239195,1.338169,0.7590895,-0.0840895,0.713199,1.0492495000000002,-0.0870795,1.366989,1.0125495,-0.1275795,0.926731,0.0027934999999999,0.0013694999999999,1.073269,-0.0027934999999999,-0.0013695,0.866089,-0.5612005,-0.0306705,1.127659,-0.5702505,-0.0229085,0.8459090000000001,-0.9176105,-0.0545174999999999,1.148639,-0.9188805,-0.0633875,1
84,1.02086,0.740376,-0.0322524999999999,0.85063,0.553256,-0.0300935,0.73038,0.785006,-0.0769195,1.1926199999999998,0.539866,-0.0309734999999999,1.33853,0.754596,-0.0935594999999999,0.71467,1.045966,-0.0984295,1.36571,1.008666,-0.1366895,0.926641,0.002707,0.0008424999999999,1.073359,-0.0027069999999999,-0.0008425,0.86707,-0.550774,-0.0476674999999999,1.12992,-0.559324,-0.0373795,0.84704,-0.911994,-0.0594745,1.15007,-0.913304,-0.0673884999999999,1
85,1.0216135,0.734402,-0.041024,0.8512554999999999,0.5488419999999999,-0.039062,0.7307155000000001,0.7803319999999999,-0.08784,1.1930755,0.536082,-0.03795,1.3391355,0.750332,-0.1032899999999999,0.7163855,1.041432,-0.1104999999999999,1.3642655,1.005232,-0.14624,0.9265285,0.002921,0.0002059999999999,1.0734715,-0.002921,-0.000206,0.8682055000000001,-0.5404380000000001,-0.065729,1.1330355,-0.548768,-0.052223,0.8485155,-0.904908,-0.065341,1.1518755,-0.905918,-0.071156,1
86,1.0226855,0.728004,-0.050219,0.8521145,0.544884,-0.048338,0.7311345,0.775684,-0.0999009999999999,1.1937045,0.5315840000000001,-0.0450739999999999,1.3398945,0.745304,-0.113431,0.7183444999999999,1.036834,-0.1235409999999999,1.3627845,1.001234,-0.157601,0.9264045,0.0029309999999999,-0.000469,1.0735955,-0.0029309999999999,0.0004689999999999,0.8691345,-0.530236,-0.084551,1.1372145,-0.536806,-0.068673,0.8501445,-0.895186,-0.071945,1.1542245,-0.895836,-0.0750609999999999,1
87,1.0240209999999998,0.721957,-0.0592954999999999,0.853401,0.540997,-0.0571984999999999,0.7318710000000002,0.771257,-0.1120015,1.194791,0.525447,-0.0526425,1.341371,0.7386469999999999,-0.1230715,0.720541,1.032487,-0.1371315,1.361491,0.995477,-0.1690915,0.926104,0.0028129999999999,-0.0010354999999999,1.073896,-0.002813,0.0010355,0.869981,-0.517283,-0.1035214999999999,1.143211,-0.523853,-0.0878515,0.851761,-0.882793,-0.0786814999999999,1.157311,-0.882813,-0.0799815,1
88,1.02539,0.7160245000000001,-0.0684045,0.8545910000000001,0.5363945,-0.0667305,0.732491,0.7662145,-0.1246115,1.195671,0.5211845,-0.0602305,1.342441,0.7335745,-0.1331715,0.7226710000000001,1.0276345,-0.1504815,1.359881,0.9915945,-0.1799715,0.925751,0.0027744999999999,-0.0013315,1.074249,-0.0027745,0.0013314999999999,0.870451,-0.5015355,-0.1224114999999999,1.149991,-0.5076855,-0.1071915,0.853291,-0.8697155,-0.0855915,1.160351,-0.8674255,-0.0852115,1
89,1.0263915,0.7098965,-0.0769435,0.8557945,0.5331165,-0.0756775,0.7330445,0.7620965,-0.1367645,1.1961045,0.5158265,-0.0677665,1.3429845,0.7278065,-0.1422344999999999,0.7243045,1.0229365,-0.1633245,1.3573944999999998,0.9863165,-0.1904245,0.9257235,0.0028105,-0.0017514999999999,1.0742765,-0.0028105,0.0017515,0.8698645,-0.4795135,-0.1422145,1.1563845,-0.4829135,-0.1258745,0.8540645,-0.8488435,-0.0921744999999999,1.1632345,-0.8476035000000001,-0.0898445,1
90,1.027428,0.7055185,-0.0842415,0.857186,0.5273384999999999,-0.0846935,0.733656,0.7563085,-0.1475635,1.196676,0.5112785,-0.0746275,1.343406,0.7215985,-0.1507435,0.726296,1.0173385,-0.1749235,1.354816,0.9804185,-0.2001935,0.92572,0.0030485,-0.0020545,1.07428,-0.0030485,0.0020544999999999,0.869146,-0.4543315,-0.1606735,1.163436,-0.4562815,-0.1437035,0.854576,-0.8253215,-0.0991634999999999,1.166506,-0.8248915,-0.0938934999999999,1
91,1.027763,0.7028185,-0.0953135,0.857925,0.5252285,-0.0959434999999999,0.734375,0.7537185000000001,-0.1617735,1.196765,0.5095485000000001,-0.0843125,1.342915,0.7194285,-0.1631435,0.727665,1.0149385,-0.1896635,1.352015,0.9778285,-0.2156235,0.925779,0.0034394999999999,-0.0023385,1.074221,-0.0034394999999999,0.0023385,0.867465,-0.4296815,-0.1820935,1.170215,-0.4275715,-0.1655335,0.8540650000000001,-0.7994914999999999,-0.1118435,1.170245,-0.7981615,-0.1057835,1
92,1.028152,0.70419,-0.109073,0.8585690000000001,0.52348,-0.110233,0.7343390000000001,0.7515000000000001,-0.178583,1.195989,0.50807,-0.097439,1.342229,0.7184200000000001,-0.177563,0.730049,1.01228,-0.208263,1.348879,0.97659,-0.233233,0.925787,0.00358,-0.0022359999999999,1.074213,-0.00358,0.002236,0.864239,-0.40113,-0.213943,1.179289,-0.39671,-0.198213,0.852209,-0.76973,-0.134713,1.175489,-0.76702,-0.125383,1
93,1.0282939999999998,0.704185,-0.1226435,0.858828,0.522265,-0.1235035,0.733708,0.749515,-0.1938935,1.195018,0.508065,-0.1102935,1.341478,0.717875,-0.1925735,0.731718,1.010355,-0.2257935,1.345948,0.975785,-0.2512735,0.925947,0.0037949999999999,-0.0021225,1.074053,-0.0037949999999999,0.0021225,0.8607279999999999,-0.375135,-0.2441535,1.187848,-0.368825,-0.2287535,0.8499680000000001,-0.7417549999999999,-0.1555834999999999,1.180678,-0.737905,-0.1455435,1
94,1.0284384999999998,0.7045649999999999,-0.136158,0.8594094999999999,0.519975,-0.136898,0.7338495,0.746815,-0.208948,1.1942895,0.5074449999999999,-0.123998,1.3413895,0.7164949999999999,-0.2083179999999999,0.7325895,1.007685,-0.242228,1.3432495,0.974135,-0.269768,0.9260935,0.0033449999999999,-0.0020789999999999,1.0739065,-0.003345,0.002079,0.8564495,-0.3495150000000001,-0.274518,1.1965195,-0.344195,-0.260128,0.8473795,-0.7132050000000001,-0.1767979999999999,1.1861395,-0.7098550000000001,-0.167068,1
95,1.0285695,0.70471,-0.149107,0.8599365,0.5177499999999999,-0.149567,0.7335565,0.74363,-0.223187,1.1932565,0.50658,-0.137357,1.3403265,0.7148399999999999,-0.224027,0.7333765,1.00458,-0.257427,1.3407065,0.97231,-0.287117,0.9261165,0.00337,-0.0021379999999999,1.0738835,-0.0033699999999999,0.002138,0.8525265000000001,-0.32719,-0.303167,1.2053765,-0.32112,-0.290117,0.8448565,-0.6879299999999999,-0.197007,1.1921665,-0.6832199999999999,-0.188727,1
96,1.028782,0.704025,-0.1616355,0.861355,0.5171650000000001,-0.1615055,0.733905,0.741625,-0.2365755,1.1920849999999998,0.5085550000000001,-0.1497855,1.339825,0.715535,-0.2398555,0.734225,1.002695,-0.2707655,1.338445,0.972085,-0.3051355,0.926031,0.003535,-0.0020965,1.073969,-0.0035349999999999,0.0020965,0.8487750000000001,-0.305285,-0.3312555,1.213635,-0.298905,-0.3173555,0.843105,-0.663975,-0.2163755,1.198035,-0.6595949999999999,-0.2086754999999999,1
97,1.0291465,0.70474,-0.173837,0.8626225000000001,0.51537,-0.172827,0.7334825,0.73946,-0.248297,1.1910125,0.50821,-0.162407,1.3390225,0.7140299999999999,-0.255487,0.7349325,1.0005700000000002,-0.2838469999999999,1.3365325,0.97034,-0.322827,0.9259855,0.00338,-0.0018849999999999,1.0740145,-0.0033799999999999,0.001885,0.8453325,-0.2828499999999999,-0.3587869999999999,1.2214625,-0.27601,-0.3438369999999999,0.8413025000000001,-0.63893,-0.2352469999999999,1.2038525,-0.63367,-0.2275869999999999,1
98,1.028986,0.70592,-0.185391,0.8633770000000001,0.5129699999999999,-0.1838209999999999,0.7328669999999999,0.73674,-0.259751,1.189957,0.50908,-0.174601,1.3380869999999998,0.71375,-0.270681,0.735107,0.99872,-0.295311,1.334687,0.97001,-0.340321,0.926158,0.0032999999999999,-0.0016639999999999,1.073842,-0.0033,0.0016639999999999,0.841717,-0.26183,-0.384521,1.228927,-0.25321,-0.368321,0.839547,-0.6128,-0.252521,1.209117,-0.60689,-0.2465409999999999,1
99,1.0287025,0.70703,-0.196699,0.8638575,0.51278,-0.1938889999999999,0.7316374999999999,0.73585,-0.270559,1.1888175,0.50977,-0.186269,1.3377275,0.71453,-0.285359,0.7352175000000001,0.99778,-0.308019,1.3331175,0.97038,-0.357479,0.9265005,0.00311,-0.0013929999999999,1.0734995,-0.00311,0.001393,0.8376875,-0.2400899999999999,-0.409769,1.2353975,-0.22948,-0.392869,0.8379975,-0.58426,-0.267939,1.2134775,-0.57894,-0.265209,1
100,1.028376,0.70656,-0.2026995,0.864087,0.51221,-0.1987795,0.730337,0.73395,-0.2767294999999999,1.187007,0.51004,-0.1929595,1.336367,0.7131799999999999,-0.2951495,0.734667,0.99575,-0.3151795,1.331467,0.96918,-0.3680595,0.926916,0.0033299999999999,-0.0010495,1.073084,-0.0033299999999999,0.0010495,0.8334970000000002,-0.21798,-0.4294795,1.240627,-0.20546,-0.4105395,0.835947,-0.55566,-0.2784495,1.216477,-0.55311,-0.2757095,1
101,1.028281,0.703415,-0.2073189999999999,0.864286,0.508445,-0.202349,0.729576,0.729125,-0.281219,1.186476,0.509835,-0.197079,1.3349959999999998,0.710895,-0.3035589999999999,0.734506,0.991545,-0.320009,1.330576,0.966825,-0.377519,0.927023,0.0029649999999999,-0.0010499999999999,1.072977,-0.0029649999999999,0.00105,0.831496,-0.197965,-0.438699,1.243706,-0.185195,-0.4192289999999999,0.835046,-0.5351349999999999,-0.279469,1.218276,-0.5323249999999999,-0.280129,1
102,1.0277935,0.701545,-0.211557,0.8639034999999999,0.506615,-0.205697,0.7280135000000001,0.726415,-0.285367,1.1857035,0.509675,-0.201237,1.3345135,0.7086349999999999,-0.310587,0.7339035,0.988775,-0.325167,1.3296935,0.963215,-0.387737,0.9270435,0.0029449999999999,-0.0010499999999999,1.0729565,-0.002945,0.00105,0.8292035,-0.176775,-0.4482669999999999,1.2462235,-0.164005,-0.4283269999999999,0.8340335,-0.513945,-0.280647,1.2196235,-0.510825,-0.284007,1
103,1.0272845,0.70035,-0.215245,0.8635055,0.5066,-0.208015,0.7271755000000001,0.7253400000000001,-0.289345,1.1848455,0.509,-0.204445,1.3338055,0.7073100000000001,-0.3162549999999999,0.7328555,0.9871,-0.3315349999999999,1.3287955,0.96107,-0.396705,0.9270995,0.00291,-0.00105,1.0729005,-0.0029099999999999,0.00105,0.8274155,-0.1549899999999999,-0.457115,1.2479755,-0.14222,-0.4365549999999999,0.8329555000000001,-0.4921599999999999,-0.281725,1.2205055,-0.4890399999999999,-0.286895,1
104,1.02689,0.700105,-0.216499,0.863117,0.507235,-0.208119,0.725887,0.725425,-0.290939,1.184347,0.509065,-0.205139,1.333677,0.707075,-0.318779,0.7322770000000001,0.987025,-0.335409,1.327767,0.960165,-0.402079,0.927163,0.0030149999999999,-0.0007969999999999,1.072837,-0.0030149999999999,0.0007969999999999,0.825217,-0.1360249999999999,-0.463239,1.249077,-0.1211349999999999,-0.442309,0.8318570000000001,-0.468655,-0.280799,1.220767,-0.4662849999999999,-0.287729,1
105,1.0264609999999998,0.70011,-0.217021,0.862689,0.50641,-0.208251,0.724719,0.7241200000000001,-0.292641,1.183569,0.50902,-0.205721,1.333249,0.70537,-0.320321,0.731819,0.98565,-0.338971,1.327119,0.9591,-0.405421,0.927297,0.00279,-0.0005519999999999,1.072703,-0.0027899999999999,0.000552,0.822859,-0.1176699999999999,-0.468381,1.249549,-0.1011299999999999,-0.446701,0.829949,-0.44643,-0.279421,1.221039,-0.4440999999999999,-0.288841,1
106,1.026354,0.6993,-0.216508,0.862165,0.505864,-0.207758,0.723305,0.7225,-0.294048,1.183335,0.508437,-0.205328,1.333485,0.7045300000000001,-0.320648,0.731515,0.984,-0.341948,1.326875,0.95769,-0.4083679999999999,0.927344,0.00275,-0.000419,1.072656,-0.0027499999999999,0.000419,0.819925,-0.1011199999999999,-0.471408,1.250905,-0.0824099999999999,-0.449688,0.828385,-0.42577,-0.278198,1.222005,-0.42384,-0.289738,1
107,1.025716,0.6987099999999999,-0.2156885,0.8612840000000002,0.50593,-0.2067785,0.721364,0.72102,-0.2949585,1.182404,0.508307,-0.2041985,1.333104,0.70431,-0.3201985,0.7300139999999999,0.98248,-0.3442685,1.326324,0.95696,-0.4098885,0.927519,0.0028099999999999,-0.0001394999999999,1.0724809999999998,-0.00281,0.0001395,0.815094,-0.0837,-0.4738585,1.253454,-0.06371,-0.4521485,0.8261740000000001,-0.4049399999999999,-0.2769785,1.223214,-0.40393,-0.2901585,1
108,1.0249325,0.6980500000000001,-0.2138695,0.8604335,0.506131,-0.2049794999999999,0.7198235,0.72,-0.2954994999999999,1.1816535,0.507263,-0.2026295,1.3326535,0.7034400000000001,-0.3187494999999999,0.7283435,0.98151,-0.3447595,1.3259435,0.95392,-0.4103995,0.9276595,0.00268,3.550000000000081e-05,1.0723405,-0.0026799999999999,-3.549999999999387e-05,0.8099035,-0.06716,-0.4751995,1.2576735,-0.04808,-0.4533095,0.8239935,-0.3854499999999999,-0.2749295,1.2255635,-0.3876199999999999,-0.2903294999999999,1
109,1.023846,0.697425,-0.2122215,0.859593,0.505059,-0.2033714999999999,0.718073,0.718325,-0.2955015,1.180943,0.507447,-0.2006215,1.332613,0.702925,-0.3171015,0.7266630000000001,0.979965,-0.3453215,1.325333,0.952225,-0.4107715,0.927756,0.002255,0.0001184999999999,1.072244,-0.002255,-0.0001185,0.804923,-0.0512049999999999,-0.4762915,1.261363,-0.0334849999999999,-0.4540515,0.821813,-0.368175,-0.2725615,1.227523,-0.372405,-0.2905815,1
110,1.022672,0.6977949999999999,-0.2100314999999999,0.858697,0.505842,-0.2012015,0.716017,0.7185549999999999,-0.2952515,1.179787,0.506798,-0.1984314999999999,1.332507,0.7018449999999999,-0.3149115,0.724897,0.979835,-0.3464215,1.324577,0.950485,-0.4106714999999999,0.927885,0.002325,0.0002095,1.072115,-0.002325,-0.0002095,0.800257,-0.036305,-0.4762615,1.2629769999999998,-0.017685,-0.4538615,0.8192470000000001,-0.352075,-0.2707115,1.228277,-0.356465,-0.2902214999999999,1
111,1.021446,0.6988449999999999,-0.2082795,0.857742,0.506203,-0.1994595,0.714202,0.7184149999999999,-0.2950895,1.178512,0.506651,-0.1966795,1.332322,0.701815,-0.3131695,0.723202,0.979605,-0.3474795,1.323962,0.951095,-0.4089294999999999,0.928057,0.0021049999999999,0.0002825,1.071943,-0.002105,-0.0002824999999999,0.7965620000000001,-0.021765,-0.4760895,1.264122,-0.003065,-0.4533295,0.816802,-0.336025,-0.2692195,1.228922,-0.3419150000000001,-0.2902595,1
112,1.020213,0.6999899999999999,-0.206974,0.8566740000000002,0.5086489999999999,-0.198244,0.712314,0.71915,-0.295194,1.177574,0.507481,-0.1952539999999999,1.332344,0.7017199999999999,-0.311954,0.721314,0.98058,-0.3476039999999999,1.323524,0.9511,-0.4077139999999999,0.928205,0.0021899999999999,0.000459,1.071795,-0.00219,-0.0004589999999999,0.793614,-0.00936,-0.475674,1.265034,0.0092699999999998,-0.453034,0.8146840000000001,-0.32259,-0.267574,1.229454,-0.3301,-0.290524,1
113,1.0190355,0.7007699999999999,-0.2061085,0.8556805000000001,0.5096839999999999,-0.1971885,0.7104105000000001,0.71919,-0.2947085,1.1763404999999998,0.50805,-0.1942785,1.3322705,0.70087,-0.3108484999999999,0.7195805,0.98023,-0.3475285,1.3229105,0.95024,-0.4068484999999999,0.9282665,0.0019299999999999,0.0004854999999999,1.0717335,-0.00193,-0.0004854999999999,0.7913005,0.0014599999999999,-0.4756285,1.2655405,0.0202499999999999,-0.4533585,0.8129705,-0.3109200000000001,-0.2667085,1.2298305,-0.3199000000000001,-0.2912685,1
114,1.0180619999999998,0.7023550000000001,-0.2047275,0.8548420000000001,0.5103880000000001,-0.1960675,0.7088920000000001,0.719055,-0.2939275,1.175402,0.507664,-0.1932575,1.331782,0.7009350000000001,-0.3093075,0.718132,0.979965,-0.3472275,1.322342,0.950005,-0.4053175,0.928219,0.001935,0.0005695,1.071781,-0.0019349999999999,-0.0005694999999999,0.789162,0.010875,-0.4753075,1.267182,0.029665,-0.4531575,0.812522,-0.3002049999999999,-0.2659375,1.230822,-0.311635,-0.2920975,1
115,1.0171315,0.703735,-0.203894,0.8539505000000001,0.5123890000000001,-0.195164,0.7073605000000001,0.7201350000000001,-0.293634,1.1747205,0.508182,-0.192354,1.3317005,0.701395,-0.308424,0.7171105,0.980905,-0.346914,1.3218405,0.950185,-0.404374,0.9282625,0.0020150000000001,0.0007719999999999,1.0717375,-0.0020149999999999,-0.0007719999999999,0.7870505,0.018085,-0.475014,1.2690205,0.036845,-0.452844,0.8116005,-0.291875,-0.265144,1.2320305,-0.3062149999999999,-0.293794,1
116,1.016421,0.7055450000000001,-0.202891,0.853361,0.513152,-0.194431,0.706671,0.7214950000000001,-0.293561,1.174231,0.508453,-0.191611,1.331601,0.701845,-0.307531,0.716011,0.982345,-0.346851,1.321651,0.9506750000000002,-0.403791,0.92827,0.001925,0.0008339999999999,1.07173,-0.0019249999999999,-0.000834,0.784751,0.023885,-0.474941,1.272281,0.042975,-0.452041,0.810571,-0.2856649999999999,-0.264861,1.232891,-0.3025949999999999,-0.295751,1
117,1.015798,0.707425,-0.201854,0.852822,0.512532,-0.193584,0.706502,0.721525,-0.293214,1.173772,0.507821,-0.190734,1.330602,0.701935,-0.306294,0.714412,0.982345,-0.346744,1.321312,0.952275,-0.402964,0.928241,0.0018449999999999,0.0007379999999999,1.071759,-0.001845,-0.0007379999999999,0.782222,0.0266049999999998,-0.474754,1.275432,0.0455549999999999,-0.451054,0.809542,-0.2826050000000001,-0.263534,1.234202,-0.3017350000000001,-0.297614,1
118,1.015348,0.70886,-0.2003475,0.852391,0.511233,-0.1924275,0.706391,0.72175,-0.2923274999999999,1.173311,0.506398,-0.1897375,1.330201,0.70307,-0.3045974999999999,0.712071,0.98254,-0.3465975,1.321201,0.95371,-0.4020375,0.928223,0.00177,0.0006925,1.071777,-0.00177,-0.0006924999999999,0.7801310000000001,0.0280399999999999,-0.4741674999999999,1.278481,0.04685,-0.4500775,0.8084709999999999,-0.2810899999999999,-0.2624174999999999,1.235491,-0.3003,-0.2971775,1
119,1.0150795,0.70886,-0.197763,0.8523015,0.511233,-0.191173,0.7064315,0.72175,-0.290003,1.1731315,0.506398,-0.188393,1.3298715,0.70307,-0.302343,0.7100115,0.98254,-0.344033,1.3211115,0.95371,-0.399803,0.9282115,0.00177,0.000752,1.0717885,-0.00177,-0.0007519999999999,0.7784415,0.0280399999999999,-0.4730729999999999,1.2806415,0.0462599999999999,-0.4485329999999999,0.8074915,-0.2817499999999999,-0.261703,1.2368115,-0.3003,-0.296803,1
120,1.0146335,0.70886,-0.19475,0.8519025,0.511233,-0.19001,0.7060425,0.72175,-0.28714,1.1726225,0.506398,-0.18699,1.3291425,0.70307,-0.29941,0.7076724999999999,0.98254,-0.34151,1.3204725,0.95373,-0.39743,0.9282105,0.00177,0.000784,1.0717895,-0.00177,-0.000784,0.7751325,0.0281099999999999,-0.4714299999999999,1.2822725,0.04808,-0.44748,0.8057325,-0.28237,-0.26138,1.2367925,-0.29834,-0.29663,1
121,1.0142365,0.71097,-0.1909954999999999,0.8514895,0.511233,-0.1889555,0.7058595,0.72175,-0.2831455,1.1720895,0.506398,-0.1857155,1.3272995,0.70307,-0.2957455,0.7054795,0.98254,-0.3375455,1.3198195,0.95373,-0.3949155,0.9281575,0.00177,0.0008164999999999,1.0718425,-0.00177,-0.0008165,0.7707695,0.02822,-0.4693655,1.2837995,0.04929,-0.4466455,0.8036295,-0.28289,-0.2611255,1.2369995,-0.2965,-0.2955554999999999,1
122,1.0139315,0.7136499999999999,-0.1865165,0.8519315000000001,0.5133519999999999,-0.1865065,0.7060915,0.72336,-0.2797065,1.1707115,0.5086419999999999,-0.1831265,1.3258815,0.7053799999999999,-0.2922565,0.7030915,0.98452,-0.3324665,1.3187815,0.95608,-0.3913565,0.9281475,0.0018199999999999,0.0008365,1.0718525,-0.00182,-0.0008365,0.7669615,0.0260299999999998,-0.4675265,1.2849715,0.0471999999999999,-0.4458765,0.8021715,-0.2857200000000001,-0.2612164999999999,1.2371015,-0.29749,-0.2947865,1
123,1.013656,0.7162649999999999,-0.1812595,0.852464,0.5139469999999999,-0.1844394999999999,0.706934,0.7250349999999999,-0.2753995,1.169394,0.5097989999999999,-0.1806594999999999,1.323904,0.707425,-0.2882495,0.700744,0.986185,-0.3269795,1.317474,0.958125,-0.3872495,0.928117,0.0017849999999999,0.0008545,1.071883,-0.001785,-0.0008545,0.763414,0.0220249999999999,-0.4658195,1.286554,0.0426949999999999,-0.4450295,0.800724,-0.2909750000000001,-0.2614695,1.237494,-0.300935,-0.2940795,1
124,1.013553,0.71738,-0.1750854999999999,0.8533430000000001,0.513947,-0.1818555,0.708163,0.72571,-0.2709555,1.168303,0.512041,-0.1770155,1.321823,0.70993,-0.2838155,0.698473,0.98735,-0.3207855,1.316103,0.96069,-0.3823555,0.928089,0.0018,0.0008245,1.071911,-0.0018,-0.0008244999999999,0.759103,0.01414,-0.4638355,1.288993,0.03446,-0.4434555,0.7988729999999999,-0.29932,-0.2619055,1.238463,-0.30808,-0.2931654999999999,1
125,1.0133455,0.719675,-0.1686995,0.8542335,0.5137259999999999,-0.1793295,0.7096935,0.7265649999999999,-0.2667695,1.1673235,0.513509,-0.1733895,1.3192035,0.7132449999999999,-0.2785395,0.6975835,0.988535,-0.3146295,1.3142135,0.964035,-0.3766595,0.9280465,0.001765,0.0008294999999999,1.0719535,-0.001765,-0.0008295,0.7539635,0.0044049999999999,-0.4617495,1.2939735,0.023575,-0.4414395,0.7968035,-0.309725,-0.2623995,1.2406435,-0.3186150000000001,-0.2914395,1
126,1.0131359999999998,0.7222649999999999,-0.162362,0.855246,0.514308,-0.176832,0.711536,0.728165,-0.262602,1.166266,0.513647,-0.169922,1.316116,0.716045,-0.272622,0.697076,0.990175,-0.308542,1.312086,0.966985,-0.3701719999999999,0.928031,0.0019449999999999,0.000801,1.071969,-0.0019449999999999,-0.0008009999999999,0.747796,-0.0077749999999999,-0.459462,1.298696,0.011835,-0.439922,0.794146,-0.322855,-0.262982,1.242356,-0.330315,-0.289312,1
127,1.01312,0.7245900000000001,-0.156549,0.856415,0.515584,-0.174449,0.7137249999999999,0.73062,-0.258309,1.164895,0.5152770000000001,-0.166409,1.313655,0.71952,-0.266959,0.697075,0.9918,-0.302859,1.310005,0.97079,-0.363359,0.927997,0.0020499999999999,0.0007019999999999,1.072003,-0.0020499999999999,-0.000702,0.742705,-0.0183699999999999,-0.457629,1.302655,0.00038,-0.4383789999999999,0.791715,-0.3354399999999999,-0.263879,1.244095,-0.3416699999999999,-0.286469,1
128,1.0132005,0.7268749999999999,-0.151158,0.8576625,0.5163099999999999,-0.172258,0.7159325000000001,0.732685,-0.254328,1.1636525,0.516184,-0.1633079999999999,1.3116625,0.722525,-0.261218,0.6972425,0.993715,-0.297738,1.3082224999999998,0.974475,-0.354888,0.9279625,0.0020749999999999,0.000682,1.0720375,-0.002075,-0.0006819999999999,0.7391225,-0.030765,-0.455908,1.3057125,-0.0132149999999999,-0.437038,0.7898125,-0.349555,-0.265058,1.2457625,-0.354655,-0.282848,1
129,1.013232,0.728205,-0.1470445,0.858386,0.518848,-0.1703945,0.716936,0.735565,-0.2517844999999999,1.162406,0.519088,-0.1605445,1.310186,0.726575,-0.2563045,0.696736,0.996635,-0.2929245,1.306686,0.979245,-0.3472944999999999,0.928067,0.0022249999999999,0.0008005,1.071933,-0.002225,-0.0008004999999999,0.737236,-0.043375,-0.4541745,1.307316,-0.0263349999999999,-0.4353545,0.788596,-0.364375,-0.2665545,1.246736,-0.367085,-0.2793545,1
130,1.0135535,0.729345,-0.1435155,0.8592375,0.521735,-0.1684955,0.7183675,0.738245,-0.2502655,1.1614574999999998,0.522689,-0.1578755,1.3087775,0.730155,-0.2517755,0.6966475000000001,0.999355,-0.2894655,1.3058375,0.983865,-0.3390755,0.9279935,0.002215,0.0008315,1.0720065,-0.002215,-0.0008314999999999,0.7364875,-0.057265,-0.4522955,1.3094175,-0.040865,-0.4326155,0.7882075,-0.380855,-0.2682755,1.2482075,-0.3822449999999999,-0.2787055,1
131,1.0141675,0.730515,-0.1412065,0.8595995000000001,0.521201,-0.1686265,0.7198995,0.739925,-0.2487365,1.1616695,0.5232840000000001,-0.1571765,1.3077395,0.733085,-0.2474365,0.6966695,1.000895,-0.2865265,1.3060695,0.987335,-0.3325465,0.9279275,0.002165,0.0008965,1.0720725,-0.0021649999999999,-0.0008965,0.7352095000000001,-0.0695749999999999,-0.4498065,1.3119795,-0.0544549999999999,-0.4295765,0.7872695000000001,-0.396555,-0.2701765,1.2499395,-0.3965349999999999,-0.2782765,1
132,1.015014,0.73239,-0.1403695,0.8606659999999999,0.523766,-0.1687995,0.720846,0.74242,-0.2485595,1.161926,0.5246919999999999,-0.1567795,1.308536,0.7360599999999999,-0.2440695,0.6963159999999999,1.00354,-0.2849795,1.306876,0.99081,-0.3270595,0.927828,0.0021499999999999,0.0009785,1.072172,-0.0021499999999999,-0.0009785,0.734166,-0.08227,-0.4468395,1.314066,-0.06845,-0.4263495,0.786776,-0.41268,-0.2726895,1.251706,-0.41129,-0.2773395,1
133,1.015658,0.735665,-0.1401395,0.8613310000000001,0.5254449999999999,-0.1694824999999999,0.721421,0.744895,-0.2484525,1.162591,0.5230549999999999,-0.1575625,1.309641,0.737165,-0.2404025,0.695911,1.006015,-0.2835625,1.307571,0.992325,-0.3216725,0.928032,0.0026749999999999,0.0010615,1.071968,-0.002675,-0.0010615,0.733751,-0.093405,-0.4434725,1.315991,-0.080355,-0.4225224999999999,0.786641,-0.4266350000000001,-0.2745225,1.253531,-0.424925,-0.2772525,1
134,1.0161734999999998,0.73758,-0.1394969999999999,0.8615875,0.52615,-0.170605,0.7219975000000001,0.74716,-0.248495,1.1636875,0.52233,-0.158655,1.3102675,0.73828,-0.237365,0.6958175,1.00813,-0.282655,1.3081775,0.99412,-0.316165,0.9283095,0.00297,0.0009709999999999,1.0716905,-0.0029699999999999,-0.0009709999999999,0.7331275000000002,-0.10302,-0.439895,1.3176475,-0.09148,-0.417715,0.7863675,-0.43957,-0.277865,1.2554075,-0.43725,-0.275345,1
135,1.0165685,0.736875,-0.138702,0.8618625,0.526195,-0.170747,0.7219025,0.747085,-0.248557,1.1647625,0.523645,-0.158507,1.3116925,0.738415,-0.234917,0.6957225,1.008055,-0.281697,1.3096925,0.994765,-0.311087,0.9285215,0.0027949999999999,0.0007849999999999,1.0714785,-0.0027949999999999,-0.000785,0.7330025,-0.116665,-0.434737,1.3187325,-0.107395,-0.410747,0.7856925000000001,-0.4567949999999999,-0.281027,1.2567825,-0.4545949999999999,-0.272157,1
136,1.0169009999999998,0.7376199999999999,-0.137118,0.862183,0.52915,-0.170181,0.7230730000000001,0.74844,-0.249101,1.165743,0.52598,-0.157561,1.311323,0.7397,-0.232031,0.6954629999999999,1.01033,-0.280521,1.311933,0.99643,-0.306331,0.928613,0.00272,0.000889,1.071387,-0.00272,-0.0008889999999999,0.733813,-0.13279,-0.429361,1.319683,-0.12391,-0.403691,0.785423,-0.47535,-0.282961,1.258243,-0.4725399999999999,-0.268991,1
137,1.017423,0.7356450000000001,-0.1351935,0.862379,0.531375,-0.1694795,0.724839,0.749195,-0.2491494999999999,1.166739,0.527665,-0.1561294999999999,1.311409,0.740335,-0.2287995,0.695139,1.010925,-0.2807395,1.315059,0.996795,-0.3037195,0.928596,0.002895,0.0007125,1.071404,-0.0028949999999999,-0.0007124999999999,0.734379,-0.1455449999999999,-0.4243195,1.3202589999999998,-0.1401449999999999,-0.3955695,0.785059,-0.492255,-0.2863295,1.259409,-0.4913349999999999,-0.2669595,1
138,1.017455,0.73657,-0.132418,0.862206,0.5332600000000001,-0.168466,0.724646,0.7498400000000001,-0.2484259999999999,1.167546,0.5284,-0.154188,1.313206,0.7402,-0.2249759999999999,0.6941360000000001,1.01055,-0.280826,1.318256,0.99648,-0.300196,0.928613,0.00278,0.00032,1.071387,-0.00278,-0.00032,0.734416,-0.15863,-0.4194259999999999,1.320316,-0.15715,-0.386616,0.785076,-0.50927,-0.287696,1.259446,-0.51044,-0.263156,1
139,1.017405,0.7387050000000001,-0.1299285,0.861718,0.533915,-0.1672655,0.7234580000000002,0.750395,-0.2463855,1.1678579999999998,0.5276150000000001,-0.1521125,1.314408,0.739995,-0.2202855,0.6925880000000001,1.007935,-0.2799655,1.321458,0.996035,-0.2955655,0.928645,0.002985,0.0001895,1.071355,-0.0029849999999999,-0.0001895,0.735128,-0.1729949999999999,-0.4133854999999999,1.320208,-0.1750649999999999,-0.3777355,0.784918,-0.527605,-0.2877555,1.259308,-0.5308149999999999,-0.2592755,1
140,1.0174545,0.7434700000000001,-0.126714,0.8615105000000001,0.5332600000000001,-0.1662529999999999,0.7223605,0.74983,-0.243993,1.1681105,0.5254,-0.150199,1.3158705,0.73861,-0.215693,0.6890805,1.00703,-0.277613,1.3248205,0.99459,-0.290153,0.9287485,0.00278,-0.0003,1.0712515,-0.00278,0.0002999999999999,0.7372505,-0.18847,-0.408313,1.3192104999999998,-0.19356,-0.368423,0.7848105,-0.54604,-0.287543,1.2592205,-0.5513,-0.255533,1
141,1.0177495,0.74326,-0.122803,0.8615245,0.53249,-0.164617,0.7226545000000001,0.7489600000000001,-0.241427,1.1688145,0.52486,-0.146709,1.3171245,0.73765,-0.210697,0.6869845,1.00569,-0.275067,1.3283045,0.99359,-0.284617,0.9290375,0.00242,-0.001037,1.0709625,-0.00242,0.0010369999999999,0.7417545000000001,-0.2084899999999999,-0.400077,1.3150845,-0.21499,-0.3567869999999999,0.7853845,-0.56956,-0.287317,1.2587945,-0.57585,-0.252177,1
142,1.0177975,0.74147,-0.1189315,0.8613645,0.53308,-0.1632765,0.7228345,0.74904,-0.2390775,1.1696645,0.52562,-0.1434754999999999,1.3169345,0.73815,-0.2061675,0.6867945,1.00474,-0.2732675,1.3314645,0.99404,-0.2793175,0.9293125,0.00171,-0.0016954999999999,1.0706875,-0.0017099999999999,0.0016955,0.7476145000000001,-0.23097,-0.3914175,1.3087645,-0.23833,-0.3448675,0.7862845,-0.59654,-0.2876375,1.2573344999999998,-0.60293,-0.2486275,1
143,1.0177809999999998,0.739215,-0.1155595,0.8610869999999999,0.5343450000000001,-0.1616685,0.722557,0.749475,-0.2357215,1.170667,0.526635,-0.1401295,1.317627,0.738625,-0.2013415,0.686517,1.001565,-0.2716315,1.335037,0.992965,-0.2747315,0.929597,0.001055,-0.0020845,1.070403,-0.001055,0.0020845,0.755937,-0.258415,-0.3805015,1.299887,-0.265625,-0.3313914999999999,0.788987,-0.626775,-0.2860515,1.253907,-0.633165,-0.2461915,1
144,1.017924,0.73682,-0.1088959999999999,0.8613729999999999,0.5329900000000001,-0.15842,0.724173,0.74931,-0.229491,1.171713,0.5257000000000001,-0.135035,1.319313,0.7397,-0.193271,0.686693,1.0009,-0.265471,1.338133,0.99135,-0.267141,0.929711,0.0007699999999999,-0.002085,1.070289,-0.0007699999999999,0.002085,0.767213,-0.28205,-0.365081,1.2887229999999998,-0.28998,-0.314211,0.793263,-0.65362,-0.281061,1.249553,-0.66001,-0.241771,1
145,1.0175165,0.73329,-0.102851,0.8605585,0.52789,-0.155941,0.7221085,0.7481,-0.222098,1.1720285,0.5221,-0.130996,1.3207185,0.73864,-0.185448,0.6830585,0.99812,-0.258398,1.3406585,0.98927,-0.258688,0.9299715,0.0004699999999999,-0.002086,1.0700285,-0.0004699999999999,0.0020859999999999,0.7800285,-0.30784,-0.346678,1.2757885,-0.31577,-0.295948,0.7981385,-0.67941,-0.274958,1.2435485,-0.6858,-0.236178,1
146,1.015067,0.7297935,-0.0970784999999999,0.857994,0.5216335,-0.1531995,0.7169840000000001,0.7454835,-0.2152075,1.170784,0.5206635000000001,-0.1262225,1.319784,0.7387735,-0.1781375,0.6795340000000001,0.9941935,-0.2507175,1.341094,0.9895935,-0.2497174999999999,0.930141,-0.0008085,-0.0024954999999999,1.069859,0.0008085,0.0024955,0.794434,-0.3339565,-0.3177575,1.254854,-0.3418765,-0.2700475,0.803754,-0.7062965,-0.2602875,1.230434,-0.7128965,-0.2260275,1
147,1.0131935,0.7321975000000001,-0.0894234999999999,0.8553675000000001,0.5144475,-0.1482715,0.7145575,0.7419074999999999,-0.2056965,1.1696975,0.5256275,-0.1180525,1.3191875,0.7439475,-0.1691165,0.6768475,0.9900275,-0.2404665,1.3410375,0.9945775,-0.2386764999999999,0.9302005,-0.0011484999999999,-0.0021795,1.0697995,0.0011484999999999,0.0021795,0.8087975000000001,-0.3595325,-0.2835364999999999,1.2333275,-0.3674525,-0.2410965,0.8094775000000001,-0.7327325,-0.2436164999999999,1.2172975,-0.7394225000000001,-0.2144265,1
148,1.0117615,0.7332355,-0.0803505,0.8534714999999999,0.5191055,-0.1387945,0.7134214999999999,0.7441455,-0.1960434999999999,1.1700815,0.5287955,-0.1073585,1.3182615,0.7465355,-0.1599375,0.6755815000000001,0.9944555,-0.2292535,1.3402915,0.9963055,-0.2277335,0.9299775,-0.0006164999999999,-0.0025034999999999,1.0700225,0.0006164999999999,0.0025034999999999,0.8213715,-0.3923545,-0.2445435,1.2113915,-0.4048145,-0.2079835,0.8149715000000001,-0.7658945,-0.2262735,1.2039215,-0.7724245,-0.2016435,1
149,1.010613,0.7308375,-0.071471,0.8518600000000001,0.5243074999999999,-0.128559,0.71218,0.7472875,-0.186431,1.17051,0.5332675,-0.096285,1.31808,0.7498975,-0.150399,0.6750700000000001,0.9967275,-0.218661,1.33933,0.9988875,-0.217111,0.929813,0.0003024999999999,-0.002901,1.070187,-0.0003025,0.002901,0.83263,-0.4313225,-0.204721,1.19051,-0.4426525,-0.175171,0.82077,-0.8018225,-0.206671,1.19026,-0.8067625,-0.188511,1
150,1.009732,0.732514,-0.063092,0.850348,0.527334,-0.119522,0.710588,0.749664,-0.176705,1.170748,0.535654,-0.087213,1.317618,0.752564,-0.141747,0.675268,0.998144,-0.208215,1.338098,1.000944,-0.206615,0.929691,0.001248,-0.0031479999999999,1.070309,-0.001248,0.0031479999999999,0.841958,-0.4637759999999999,-0.169235,1.172398,-0.4744859999999999,-0.145295,0.825608,-0.8308960000000001,-0.188555,1.177458,-0.834856,-0.176325,1
151,1.008932,0.7353725000000001,-0.0547104999999999,0.8488249999999999,0.5302725,-0.1103524999999999,0.7082050000000001,0.7518525,-0.1670165,1.170855,0.5384425,-0.0782295,1.318375,0.7548925000000001,-0.1335115,0.675945,0.9998325,-0.1980765,1.336675,1.0029325,-0.1962765,0.929584,0.0020375,-0.0036164999999999,1.070416,-0.0020374999999999,0.0036165,0.8497250000000001,-0.4937775,-0.1350434999999999,1.155805,-0.5046875,-0.1167484999999999,0.829895,-0.8571875,-0.1704365,1.165165,-0.8609475,-0.1649965,1
152,1.008403,0.738987,-0.0460045,0.847422,0.533357,-0.0998825,0.705272,0.753227,-0.1583264999999999,1.171312,0.541017,-0.0692165,1.319252,0.756747,-0.1260675,0.675522,1.0037470000000002,-0.1877365,1.335242,1.0058470000000002,-0.1862865,0.929403,0.0030029999999999,-0.0037165,1.070597,-0.0030029999999999,0.0037164999999999,0.855842,-0.521513,-0.1034375,1.141472,-0.5318130000000001,-0.0906125,0.833172,-0.880463,-0.1536165,1.154482,-0.883463,-0.1533165,1
153,1.0079015,0.7447905,-0.0378205,0.8460145,0.5395205000000001,-0.0886795,0.7038344999999999,0.7573205000000001,-0.1499154999999999,1.1720645,0.5447705,-0.0589144999999999,1.3194845,0.7593405,-0.1192715,0.6762345000000001,1.0071705,-0.1793655,1.3339045,1.0108705,-0.1771154999999999,0.9291555,0.0037885,-0.0034145,1.0708445,-0.0037885,0.0034145,0.8592845,-0.5466295,-0.0755735,1.1295445,-0.5576995,-0.0677475,0.8350445,-0.9006995,-0.1383925,1.1447545,-0.9039995,-0.1419755,0
154,1.0074904999999998,0.7501844999999999,-0.0292545,0.8446045,0.5462745,-0.0766505,0.7021445,0.7597744999999999,-0.1423735,1.1729245,0.5489545,-0.0478545,1.3204745,0.7618045,-0.1125625,0.6760145,1.0104745000000002,-0.1717435,1.3326145,1.0144745000000002,-0.1686734999999999,0.9289285,0.0045704999999999,-0.0031925,1.0710715,-0.0045704999999999,0.0031925,0.8606245000000001,-0.5701555,-0.0506955,1.1190645,-0.5832455000000001,-0.0462604999999999,0.8356345000000001,-0.9181755,-0.1243115,1.1360945,-0.9227555,-0.1324465,0
155,1.0088345,0.7580925,-0.020435,0.8447035,0.5553125,-0.06428,0.7016935,0.7641325,-0.134489,1.1750235,0.5522625,-0.0373519999999999,1.3230235,0.7635025,-0.106112,0.6762535000000001,1.0157925,-0.164839,1.3328035,1.0163925,-0.161219,0.9287775,0.0061314999999999,-0.002949,1.0712225,-0.0061315,0.002949,0.8602235,-0.5894475,-0.036263,1.1165735,-0.6041175,-0.033726,0.8352835000000001,-0.9312675,-0.1182729999999999,1.1342435,-0.9368475,-0.127491,0
156,1.0101025,0.7576625,-0.015949,0.8446495,0.5653024999999999,-0.056397,0.6998495,0.7691625,-0.131686,1.1770795,0.5493025,-0.033042,1.3238995,0.7601424999999999,-0.104619,0.6760395,1.0220325,-0.163066,1.3324295,1.0135325000000002,-0.159006,0.9286325,0.0069725,-0.002949,1.0713675,-0.0069724999999999,0.002949,0.8597595,-0.6059575,-0.030246,1.1151095,-0.6228275,-0.02821,0.8349095,-0.9415375,-0.117512,1.1328494999999998,-0.9487675,-0.12723,0
157,1.0112565,0.7576824999999999,-0.0109674999999999,0.8445845,0.5653024999999999,-0.0513775,0.6987445,0.7691625,-0.1282165,1.1779945,0.5493525,-0.0296915,1.3244145,0.7601424999999999,-0.1031495,0.6747245,1.0220325,-0.1614625,1.3317545,1.0135325000000002,-0.1573125,0.9283925,0.0069725,-0.0029474999999999,1.0716075,-0.0069724999999999,0.0029474999999999,0.8592145,-0.6097275,-0.0292135,1.1144145,-0.6228275,-0.0265854999999999,0.8344545,-0.9424975,-0.1173115,1.1316245,-0.9515375,-0.1267285,0
158,1.0129395,0.7577125,-0.0061825,0.8449945,0.5653024999999999,-0.0462225,0.6977344999999999,0.7691625,-0.1244765,1.1797845,0.5493525,-0.0258955,1.3257745,0.7601424999999999,-0.1018835,0.6740245,1.0220325,-0.1601725,1.3325945,1.0135325000000002,-0.1564924999999999,0.9283925,0.0069725,-0.0029474999999999,1.0716075,-0.0069724999999999,0.0029474999999999,0.8587644999999999,-0.6112875,-0.0284715,1.1144245,-0.6249875,-0.0252725,0.8347045,-0.9428475,-0.1170235,1.1314845,-0.9520575,-0.1267275,0
159,1.0147415,0.7577625,-0.001641,0.8450135,0.5653024999999999,-0.041301,0.6966735,0.7691625,-0.1211199999999999,1.1816635,0.5493525,-0.022371,1.3277135,0.7601424999999999,-0.10076,0.6731535,1.0220325,-0.159047,1.3327635,1.0135325000000002,-0.156797,0.9283915,0.0069725,-0.0032009999999999,1.0716085,-0.0069724999999999,0.003201,0.8585135,-0.6125075,-0.02803,1.1144235,-0.6261675,-0.0248579999999999,0.8347035,-0.9432275,-0.117618,1.1313535,-0.9522975,-0.1270319999999999,0
160,1.0159405,0.756985,0.0008415,0.8456875,0.5639550000000001,-0.0374785,0.6961875,0.767695,-0.1190364999999999,1.1825775,0.549265,-0.0202965,1.3290775,0.7588250000000001,-0.1013545,0.6726475000000001,1.021365,-0.1608185,1.3333875,1.0133649999999998,-0.1585685,0.9278955,0.00673,-0.0028535,1.0721045,-0.00673,0.0028535,0.8578875,-0.6129549999999999,-0.0291085,1.1142575,-0.626625,-0.0259335,0.8343175,-0.942895,-0.1191965,1.1308375,-0.952245,-0.1294275,0
161,1.0170265,0.756941,0.002878,0.8459405,0.563401,-0.0346089999999999,0.6944905,0.7654610000000001,-0.1164839999999999,1.1841305,0.549291,-0.0179499999999999,1.3322405,0.756791,-0.102562,0.6712505,1.0199809999999998,-0.162932,1.3357405,1.012381,-0.160352,0.9275165,0.0064849999999999,-0.0024859999999999,1.0724835,-0.0064849999999999,0.002486,0.8572805,-0.613089,-0.0301289999999999,1.1140805,-0.627359,-0.0270049999999999,0.8339305,-0.942599,-0.120972,1.1301505,-0.952049,-0.131241,0
162,1.018115,0.7568195,0.00486,0.846156,0.5627994999999999,-0.0322449999999999,0.690436,0.7616795000000001,-0.1137489999999999,1.184866,0.5492995,-0.0168799999999999,1.337116,0.7518994999999999,-0.103448,0.668346,1.0168395,-0.1644939999999999,1.340826,1.0077395,-0.1629339999999999,0.927312,0.0064154999999999,-0.0022389999999999,1.072688,-0.0064155,0.002239,0.856716,-0.6132705,-0.0309869999999999,1.113946,-0.6281505000000001,-0.0280659999999999,0.8335859999999999,-0.9424405,-0.122906,1.129466,-0.9519505,-0.13277,0
163,1.0193485,0.75675,0.0069009999999999,0.8465875,0.56212,-0.029857,0.6840775,0.7532099999999999,-0.110238,1.1855575,0.54871,-0.015892,1.3434375,0.74484,-0.103961,0.6623574999999999,1.00841,-0.166264,1.3483675,1.00041,-0.1676639999999999,0.9272315,0.0062419999999999,-0.001868,1.0727685,-0.006242,0.001868,0.8562175,-0.61342,-0.031679,1.1137675,-0.62876,-0.029195,0.8331775000000001,-0.94197,-0.124217,1.1288875,-0.95249,-0.133968,0
164,1.020599,0.756911,0.0086725,0.847269,0.561211,-0.0273665,0.676499,0.7402409999999999,-0.1062635,1.186319,0.5480809999999999,-0.0147354999999999,1.352219,0.732771,-0.1042454999999999,0.6533089999999999,0.993451,-0.1692715,1.358629,0.987251,-0.1747215,0.927253,0.0061739999999999,-0.0014884999999999,1.072747,-0.0061739999999999,0.0014884999999999,0.855989,-0.612579,-0.0323325,1.113539,-0.6279790000000001,-0.0301735,0.832959,-0.941129,-0.1245925,1.128409,-0.952419,-0.1346875,0
165,1.021777,0.757305,0.0104929999999999,0.847948,0.5602750000000001,-0.02481,0.668928,0.722995,-0.101968,1.187048,0.5469050000000001,-0.013155,1.359778,0.7160150000000001,-0.103991,0.642298,0.971025,-0.173018,1.371058,0.965125,-0.182058,0.927332,0.0062699999999999,-0.001153,1.072668,-0.00627,0.001153,0.855808,-0.6110049999999999,-0.032647,1.113348,-0.626605,-0.03064,0.832798,-0.940325,-0.12449,1.1277879999999998,-0.951495,-0.134811,0
166,1.0229549999999998,0.758374,0.0123954999999999,0.848695,0.558424,-0.0226155,0.662515,0.699384,-0.0970895,1.1877049999999998,0.545514,-0.0112315,1.364805,0.6925140000000001,-0.1029255,0.629305,0.940344,-0.1787824999999999,1.385775,0.935584,-0.1912225,0.927321,0.006363,-0.0010474999999999,1.072679,-0.006363,0.0010474999999999,0.855715,-0.609026,-0.0327515,1.113205,-0.624796,-0.0307455,0.832925,-0.938886,-0.1240864999999999,1.127205,-0.949786,-0.1342925,0
167,1.024211,0.759988,0.014411,0.849417,0.5561079999999999,-0.020923,0.6578470000000001,0.670588,-0.092145,1.188377,0.544188,-0.009455,1.367757,0.663368,-0.100998,0.6150169999999999,0.903468,-0.180642,1.399787,0.899278,-0.195642,0.927243,0.0063729999999999,-0.0010469999999999,1.072757,-0.006373,0.0010469999999999,0.8557270000000001,-0.606782,-0.032752,1.1131369999999998,-0.6225320000000001,-0.030997,0.8327869999999999,-0.936962,-0.1245,1.126797,-0.947372,-0.134105,0
168,1.0253585,0.761918,0.0161149999999999,0.8503205,0.553548,-0.019592,0.6559405,0.636358,-0.085738,1.1895305,0.5425880000000001,-0.007552,1.3693805,0.629028,-0.097261,0.6043704999999999,0.848508,-0.179942,1.4107405,0.847438,-0.198552,0.9272065,0.006336,-0.0010469999999999,1.0727935,-0.006336,0.0010469999999999,0.8558005000000001,-0.604232,-0.032752,1.1131004999999998,-0.619982,-0.03155,0.8327505,-0.935302,-0.125367,1.1264005,-0.944542,-0.133903,0
169,1.026483,0.7645814999999999,0.0179215,0.850941,0.5511315,-0.0190594999999999,0.6559810000000001,0.5970715,-0.0777845,1.190811,0.5411515,-0.0062774999999999,1.369411,0.5902014999999999,-0.0910285,0.598751,0.7816814999999999,-0.1788165,1.415761,0.7825314999999999,-0.1983765,0.927207,0.0060554999999999,-0.0009514999999999,1.072793,-0.0060554999999999,0.0009515,0.855911,-0.6010285000000001,-0.0329174999999999,1.113091,-0.6165185000000001,-0.0321464999999999,0.832801,-0.9328985,-0.1258834999999999,1.1260009999999998,-0.9408585,-0.1327984999999999,0
170,1.0274435,0.7676575,0.0201015,0.8514835000000001,0.5486975000000001,-0.0184944999999999,0.6560235,0.5553775000000001,-0.0692784999999999,1.1917035,0.5396275,-0.0055155,1.3694535,0.5496475000000001,-0.0828774999999999,0.5987635,0.7036175,-0.1772595,1.4157635,0.7071775,-0.1975895,0.9272075,0.0057284999999999,-0.0008465,1.0727925,-0.0057285,0.0008465,0.8560035,-0.5972124999999999,-0.0328004999999999,1.1130935,-0.6124925,-0.0324995,0.8328635,-0.9298025,-0.1260595,1.1256335,-0.9367325,-0.1310795,0
171,1.0283345,0.771055,0.022555,0.8519845,0.545835,-0.017466,0.6561245,0.510375,-0.060266,1.1922944999999998,0.537535,-0.004487,1.3695545,0.506235,-0.074191,0.5988344999999999,0.617445,-0.175579,1.4158345,0.624225,-0.196559,0.9272115,0.005356,-0.0007769999999999,1.0727885,-0.0053559999999999,0.0007769999999999,0.8561345,-0.593125,-0.032366,1.1131345,-0.608385,-0.032613,0.8331045,-0.926575,-0.126209,1.1253245,-0.932315,-0.129337,0
172,1.028967,0.7748955000000001,0.024718,0.852412,0.5432955,-0.0159419999999999,0.658182,0.4678255,-0.0511849999999999,1.192752,0.5356455,-0.0029629999999999,1.369082,0.4634255,-0.064424,0.599072,0.5240655000000001,-0.169524,1.416072,0.5344655,-0.191834,0.927155,0.0049955,-0.0007549999999999,1.072845,-0.0049955,0.000755,0.856402,-0.5882044999999999,-0.0315649999999999,1.113322,-0.6039045,-0.0323179999999999,0.833512,-0.9226345,-0.125017,1.125142,-0.9271745,-0.126938,0
173,1.0293675,0.7789325,0.0267354999999999,0.8527985000000001,0.5407125,-0.0145705,0.6652485,0.4281725,-0.0411785,1.1932185,0.5337525,-0.0009935,1.3640785,0.4220625,-0.0526585,0.6011085,0.4345525,-0.1548965,1.4140585,0.4427725,-0.1804765,0.9270695,0.0044835,-0.0007485,1.0729305,-0.0044835,0.0007484999999999,0.8568385000000001,-0.5834775,-0.0304945,1.1135085,-0.5992975,-0.0318495,0.8337885,-0.9186775,-0.1238715,1.1250485,-0.9220875,-0.1242615,0
174,1.029761,0.7828455,0.029278,0.853252,0.5380054999999999,-0.013242,0.678532,0.3934355,-0.027631,1.193612,0.5318554999999999,0.0006549999999999,1.352452,0.3857455,-0.038022,0.611812,0.3527455,-0.131094,1.403832,0.3598255,-0.160084,0.92696,0.0039065,-0.0006759999999999,1.07304,-0.0039065,0.0006759999999999,0.857362,-0.5793045,-0.029115,1.1136119999999998,-0.5952645000000001,-0.030868,0.8340920000000001,-0.9147645,-0.122116,1.1251719999999998,-0.9178345,-0.121088,0
175,1.0301825,0.7859970000000001,0.032056,0.8537535,0.5360670000000001,-0.0124459999999999,0.6949135,0.366177,-0.0124779999999999,1.1940235,0.530467,0.001868,1.3356735,0.357377,-0.0209689999999999,0.6266535,0.2795769999999999,-0.102827,1.3846435,0.286157,-0.130686,0.9268355,0.003253,-0.0007479999999999,1.0731645,-0.0032529999999999,0.000748,0.8579735,-0.574743,-0.0277859999999999,1.1137035,-0.5917629999999999,-0.02964,0.8344035000000001,-0.911613,-0.119721,1.1253335,-0.913293,-0.117497,0
176,1.0306105,0.7880985,0.0350625,0.8540315,0.5345985,-0.0117594999999999,0.7139415,0.3441985,0.0065405,1.1944415,0.5295685,0.0030605,1.3158715,0.3358485,-0.0015544999999999,0.6464515,0.2121185,-0.0695725,1.3613115,0.2208685,-0.0966135,0.9267055,0.0026225,-0.0006654999999999,1.0732945,-0.0026225,0.0006655,0.8586515,-0.5709415,-0.0262074999999999,1.1138015,-0.5893615,-0.0279374999999999,0.8349815,-0.9095115,-0.1159955,1.1257715,-0.9098015,-0.1139615,0
177,1.0308255,0.790242,0.0374899999999999,0.8544015,0.5333220000000001,-0.011139,0.7336615,0.327302,0.023472,1.1946715,0.529212,0.003678,1.2965915,0.320032,0.017514,0.6685015000000001,0.161292,-0.034235,1.3351115,0.171292,-0.059439,0.9266075,0.002044,-0.000746,1.0733925,-0.0020439999999999,0.000746,0.8593815,-0.567738,-0.024542,1.1138815,-0.587148,-0.025791,0.8352815,-0.907138,-0.111055,1.1259415,-0.908088,-0.110469,0
178,1.030693,0.7918335,0.0394315,0.854714,0.5321035,-0.0103355,0.751004,0.3147035,0.0368805,1.194454,0.5287934999999999,0.0034824999999999,1.280744,0.3080435,0.0322195,0.692564,0.1226334999999999,0.0037615,1.307834,0.1327035,-0.0216915,0.926535,0.0016954999999999,-0.0005725,1.073465,-0.0016955,0.0005725,0.8599140000000001,-0.5659565000000001,-0.0225645,1.113814,-0.5854265000000001,-0.0235055,0.836004,-0.9050665,-0.1057545,1.125984,-0.9060065,-0.1063825,0
179,1.0301785,0.7934805,0.040645,0.8548415,0.5306605,-0.009693,0.7656115,0.3049805,0.046446,1.1942215,0.5281905,0.0023349999999999,1.2675815,0.2971605,0.0421109999999999,0.7167915,0.0933205,0.034161,1.2811315,0.1023205,0.0099099999999999,0.9264845,0.0014505,-0.000343,1.0735155,-0.0014504999999999,0.0003429999999999,0.8602615,-0.5653095,-0.020739,1.1137115,-0.5845095,-0.02111,0.8362915,-0.9032295,-0.101687,1.1260415,-0.9046295,-0.102574,0
180,1.0293925,0.7952305,0.041195,0.8546895,0.5298904999999999,-0.009162,0.7765595000000001,0.2994205,0.052816,1.1936795,0.5279704999999999,0.000455,1.2557995,0.2911905,0.049457,0.7344695,0.0735064999999999,0.055887,1.2615995,0.0826094999999999,0.035337,0.9264515,0.0013115,-3.300000000000004e-05,1.0735485,-0.0013115,3.300000000000004e-05,0.8605795,-0.5646595000000001,-0.019108,1.1136395,-0.5833295000000001,-0.0187999999999999,0.8365495000000001,-0.9016195,-0.098288,1.1261195,-0.9034495,-0.098933,0
181,1.0284425,0.7971165,0.0411255,0.8541995,0.5294565,-0.0088985,0.7827995,0.2962965,0.0559315,1.1928595,0.5276865,-0.0011735,1.2467995,0.2872165,0.0527465,0.7446295,0.0658845,0.0653695,1.2494195,0.0708294999999999,0.0470165,0.9264915,0.0013975,0.0003294999999999,1.0735085,-0.0013974999999999,-0.0003294999999999,0.8609395,-0.5633235000000001,-0.0176735,1.1135095,-0.5819235,-0.0167345,0.8367895,-0.9001035000000001,-0.0951785,1.1262895,-0.9018835,-0.0954805,0
182,1.027366,0.799027,0.040454,0.85341,0.529167,-0.008344,0.7842,0.293047,0.058707,1.19209,0.527367,-0.002569,1.24278,0.283667,0.055546,0.74597,0.0593939999999999,0.068144,1.2445,0.063816,0.049821,0.926523,0.0014669999999999,0.0006519999999999,1.073477,-0.001467,-0.000652,0.86119,-0.561823,-0.016464,1.11337,-0.580313,-0.014861,0.83725,-0.897743,-0.0912,1.12652,-0.900733,-0.093193,0
183,1.0262485,0.8007115,0.0395705,0.8523255000000001,0.5281515,-0.0080045,0.7844055,0.2891714999999999,0.0605515,1.1915855,0.5271915,-0.0033845,1.2429855,0.2804715,0.0578935,0.7461755,0.0557665,0.0704915,1.2447055,0.0598635,0.0521685,0.9265305,0.0015234999999999,0.0009365,1.0734695,-0.0015234999999999,-0.0009365,0.8613955,-0.5604785,-0.0153895,1.1133155,-0.5786885,-0.0133025,0.8376955,-0.8955485,-0.0878195,1.1268855,-0.8996085,-0.0910315,0
184,1.025129,0.8020665,0.039187,0.851191,0.5273865,-0.0074659999999999,0.784571,0.2875965,0.062423,1.191151,0.5272865,-0.00405,1.243151,0.2805264999999999,0.059992,0.7463410000000001,0.0562315,0.07259,1.2448709999999998,0.0603285,0.0542669999999999,0.926548,0.0014764999999999,0.001258,1.073452,-0.0014764999999999,-0.001258,0.861551,-0.5597234999999999,-0.014325,1.113241,-0.5773535,-0.011954,0.837971,-0.8938335,-0.085465,1.127181,-0.8986335,-0.0891899999999999,0
185,1.023117,0.799713,0.0373465,0.849997,0.526423,-0.0058665,0.7963169999999999,0.290813,0.0930375,1.188527,0.531643,-0.0058545,1.2313569999999998,0.2920629999999999,0.0895735,0.7753270000000001,0.067383,0.1279895,1.219437,0.076028,0.1019915,0.92662,0.0006059999999999,0.0017455,1.07338,-0.000606,-0.0017454999999999,0.8617170000000001,-0.567437,-0.0138065,1.112857,-0.580047,-0.0102205,0.839317,-0.895747,-0.0750425,1.126187,-0.906337,-0.0888795,0
186,1.022861,0.8004355,0.0364209999999999,0.847445,0.5233454999999999,-0.00646,0.788795,0.2766055,0.064642,1.190305,0.5300155,-0.00571,1.238735,0.2798655,0.062187,0.764265,0.0430315,0.095842,1.219555,0.0169515,0.08898,0.926628,0.0007085,0.001699,1.073372,-0.0007084999999999,-0.001699,0.863525,-0.5546945000000001,-0.013607,1.113225,-0.5806245000000001,-0.010143,0.839145,-0.8940645,-0.075812,1.126295,-0.9052145,-0.088465,0
187,1.022935,0.803038,0.036457,0.845255,0.5189480000000001,-0.009392,0.777835,0.267408,0.039989,1.192665,0.5282180000000001,-0.0063,1.244905,0.272958,0.042794,0.736185,0.010443,0.045585,1.259415,0.028321,0.049016,0.926603,0.0008199999999999,0.0016249999999999,1.073397,-0.00082,-0.001625,0.863835,-0.551352,-0.013241,1.113605,-0.577502,-0.010101,0.838865,-0.8944519999999999,-0.07915,1.126965,-0.901362,-0.087295,0
188,1.0217625,0.8055030000000001,0.0361775,0.8450085,0.5210330000000001,-0.0097924999999999,0.7633985,0.267383,0.0101755,1.1918985,0.5284530000000001,-0.0071984999999999,1.2563585,0.270233,0.0150525,0.7116085000000001,0.006317,-0.0123365,1.2802285,0.021612,-0.0137125,0.9265945,0.0016579999999999,0.0017175,1.0734055,-0.0016579999999999,-0.0017175,0.8619685,-0.5582469999999999,-0.0126725,1.1136685,-0.575087,-0.0102425,0.8386985,-0.891987,-0.0789265,1.1280085,-0.895277,-0.0848184999999999,0
189,1.020899,0.8056025,0.03685,0.844787,0.5215925,-0.009816,0.753657,0.2688825,-0.010593,1.191987,0.5285424999999999,-0.007242,1.270567,0.2712425,-0.0155839999999999,0.690177,0.0159375,-0.076743,1.296137,0.0392585,-0.074346,0.926529,0.0015145,0.001866,1.073471,-0.0015145,-0.0018659999999999,0.8616970000000002,-0.5587475000000001,-0.012519,1.1137469999999998,-0.5735275000000001,-0.010029,0.839557,-0.8884275,-0.07953,1.130247,-0.8962575,-0.089027,0
190,1.0205419999999998,0.8046815,0.0381415,0.844629,0.5225315,-0.0102755,0.744359,0.2727414999999999,-0.0303065,1.191989,0.5287415,-0.0072874999999999,1.280549,0.2747414999999999,-0.0340995,0.674669,0.0519215,-0.1517414999999999,1.310029,0.0654025,-0.1449115,0.926626,0.0015364999999999,0.0018045,1.073374,-0.0015365,-0.0018044999999999,0.861389,-0.5607084999999999,-0.0116194999999999,1.113819,-0.5730885,-0.0100825,0.839839,-0.8876284999999999,-0.0791645,1.130049,-0.8933785,-0.0854875,0
191,1.020254,0.804435,0.039637,0.843642,0.524035,-0.010557,0.735082,0.291435,-0.054849,1.191412,0.528475,-0.007983,1.284172,0.295455,-0.052947,0.6730320000000001,0.1124449999999999,-0.191142,1.316622,0.1133349999999999,-0.196052,0.926654,0.001595,0.0018499999999999,1.073346,-0.001595,-0.00185,0.861622,-0.560275,-0.0118939999999999,1.114062,-0.572685,-0.010286,0.8393020000000001,-0.888855,-0.084838,1.130502,-0.893115,-0.0858159999999999,0
