FrameNo,nose_3d_x,nose_3d_y,nose_3d_z,left_shoulder_3d_x,left_shoulder_3d_y,left_shoulder_3d_z,left_elbow_3d_x,left_elbow_3d_y,left_elbow_3d_z,right_shoulder_3d_x,right_shoulder_3d_y,right_shoulder_3d_z,right_elbow_3d_x,right_elbow_3d_y,right_elbow_3d_z,left_wrist_3d_x,left_wrist_3d_y,left_wrist_3d_z,right_wrist_3d_x,right_wrist_3d_y,right_wrist_3d_z,left_hip_3d_x,left_hip_3d_y,left_hip_3d_z,right_hip_3d_x,right_hip_3d_y,right_hip_3d_z,left_knee_3d_x,left_knee_3d_y,left_knee_3d_z,right_knee_3d_x,right_knee_3d_y,right_knee_3d_z,left_ankle_3d_x,left_ankle_3d_y,left_ankle_3d_z,right_ankle_3d_x,right_ankle_3d_y,right_ankle_3d_z
0,1.037274,0.7337815,0.0853405,0.880362,0.5437715,0.0369655,0.818442,0.7866515,-0.0537125,1.185012,0.5173615,0.0574135,1.259412,0.7444315,-0.0096795,0.821032,1.0765515,-0.1139575,1.255312,0.9599815,-0.0760975,0.941062,0.0035564999999999,0.0014914999999999,1.058938,-0.0035564999999999,-0.0014914999999999,0.880032,-0.3522185,-0.0078314999999999,1.1249419999999999,-0.3596385,-0.0121744999999999,0.824032,-0.8542185,0.0332855,1.196012,-0.8561185,0.0230725
1,1.0371545,0.733846,0.0853174999999999,0.8808205,0.543196,0.0364415,0.8183205,0.786706,-0.0536785,1.1848505,0.5175460000000001,0.0574294999999999,1.2593204999999998,0.7449260000000001,-0.0098234999999999,0.8210705,1.076536,-0.1139975,1.2468205,1.023236,-0.0853675,0.9410325,0.003582,0.0015225,1.0589675,-0.003582,-0.0015225,0.8799705,-0.352184,-0.0078425,1.1248405,-0.359684,-0.0121765,0.8225905,-0.855864,0.0328435,1.1947705,-0.8562639999999999,0.0236345
2,1.0371445,0.733756,0.085319,0.8808055,0.544576,0.036972,0.8183255,0.786536,-0.0535839999999999,1.1847555,0.517466,0.05748,1.2592055,0.744896,-0.0098529999999999,0.8211655,1.076406,-0.1140689999999999,1.2467955,1.022806,-0.085689,0.9410465,0.003624,0.001534,1.0589535,-0.003624,-0.0015339999999999,0.8803055,-0.352164,-0.007306,1.1247455,-0.359734,-0.012162,0.8222555,-0.857534,0.03265,1.1991355,-0.855924,0.021241
3,1.0371345,0.7336269999999999,0.0851,0.8810195,0.543917,0.0366,0.8183795,0.786387,-0.0535929999999999,1.1847295,0.5173369999999999,0.057421,1.2591595,0.7448469999999999,-0.0101289999999999,0.8214295,1.076067,-0.114832,1.2504095,0.989977,-0.0817219999999999,0.9410205,0.003604,0.0016849999999999,1.0589795,-0.003604,-0.0016849999999999,0.8796695,-0.352153,-0.0082069999999999,1.1246695,-0.3597329999999999,-0.012187,0.8220195,-0.8561230000000001,0.031691,1.1967595,-0.8564430000000001,0.0192509999999999
4,1.0372379999999999,0.7334594999999999,0.0848635,0.8807240000000001,0.5455694999999999,0.0370994999999999,0.818534,0.7866694999999999,-0.0538535,1.184694,0.5173095,0.0574475,1.258964,0.7445995,-0.0100115,0.821634,1.0762995,-0.1151055,1.250794,0.9886595,-0.0811655,0.9410000000000001,0.0036105,0.0016904999999999,1.059,-0.0036105,-0.0016905,0.8799939999999999,-0.3522105,-0.0081305,1.124654,-0.3597404999999999,-0.0121845,0.821264,-0.8582705,0.0318795,1.196284,-0.8563605000000001,0.0208714999999999
5,1.0372635,0.7335054999999999,0.084619,0.8807875000000001,0.5463055,0.037258,0.8185575,0.7868955,-0.053916,1.1846275,0.5172955,0.057438,1.2589975,0.7447954999999999,-0.010264,0.8219375,1.0765455000000002,-0.115506,1.2482075,1.0102455,-0.085156,0.9410235,0.0036214999999999,0.0016919999999999,1.0589765,-0.0036214999999999,-0.0016919999999999,0.8801175,-0.3522245,-0.008194,1.1246675,-0.3597444999999999,-0.012199,0.8207075,-0.8593345,0.031504,1.1929075,-0.8569945,0.019271
6,1.037209,0.7334194999999999,0.0845559999999999,0.8807510000000001,0.5466994999999999,0.037558,0.818661,0.7867795,-0.053807,1.184521,0.5171195,0.057683,1.258941,0.7446495,-0.010121,0.822111,1.0763595,-0.115669,1.250551,0.9906895,-0.081939,0.941022,0.0036145,0.0018159999999999,1.058978,-0.0036145,-0.001816,0.8802810000000001,-0.3522605,-0.008026,1.124501,-0.3597805,-0.012319,0.8209510000000001,-0.8573805000000001,0.030577,1.193711,-0.8569105,0.0189769999999999
7,1.0374575,0.7333660000000001,0.083337,0.8810074999999999,0.545686,0.036747,0.8191875,0.7871560000000001,-0.055162,1.1846875,0.517096,0.0570549999999999,1.2592575,0.7442660000000001,-0.0111399999999999,0.8228575,1.076596,-0.117381,1.2492174999999999,1.005896,-0.086641,0.9409695,0.003616,0.0019469999999999,1.0590305,-0.003616,-0.0019469999999999,0.8797875,-0.352204,-0.0071029999999999,1.1241174999999999,-0.359844,-0.011469,0.8224875,-0.853394,0.033892,1.1947675,-0.856594,0.021959
8,1.037492,0.7332535,0.0829385,0.8811140000000001,0.5456635,0.0366625,0.819354,0.7872135,-0.0554095,1.184634,0.5170135,0.0570135,1.259244,0.7441035,-0.0113424999999999,0.823224,1.0766835,-0.1179015,1.249164,1.0047835,-0.0870214999999999,0.9409310000000001,0.0036025,0.0020785,1.0590689999999998,-0.0036025,-0.0020784999999999,0.879704,-0.3522165,-0.0068134999999999,1.123944,-0.3598565,-0.0112204999999999,0.822354,-0.8528365,0.0342115,1.194744,-0.8566265000000001,0.0222875
9,1.037524,0.733156,0.082536,0.881226,0.5456460000000001,0.036576,0.819536,0.7872560000000001,-0.055656,1.184596,0.5169360000000001,0.0569719999999999,1.259246,0.7439260000000001,-0.0116,0.823576,1.076676,-0.118371,1.249516,0.999876,-0.086831,0.940899,0.003586,0.0022159999999999,1.059101,-0.0035859999999999,-0.002216,0.879636,-0.352224,-0.006511,1.1237759999999999,-0.359864,-0.010975,0.822106,-0.852814,0.0346529999999999,1.1947160000000001,-0.856634,0.0225739999999999
10,1.037561,0.7330455,0.0821295,0.881356,0.5454955,0.0364245,0.819726,0.7872855000000001,-0.0558995,1.184556,0.5168655000000001,0.0569145,1.259246,0.7437455000000001,-0.0118375,0.8238960000000001,1.0765654999999998,-0.1188164999999999,1.250156,0.9941655,-0.0865465,0.940858,0.0035715,0.0023574999999999,1.059142,-0.0035715,-0.0023574999999999,0.879496,-0.3522245,-0.0062964999999999,1.123606,-0.3598745,-0.0107454999999999,0.8218460000000001,-0.8539545,0.0348095,1.194596,-0.8566045,0.0231375
11,1.0375865,0.7329355,0.0817075,0.8814875,0.5454255,0.0362865,0.8199075,0.7873455,-0.0561755,1.1845075,0.5168255,0.0568245,1.2592575,0.7435955,-0.0121334999999999,0.8242075,1.0766755,-0.1192444999999999,1.2506974999999998,0.9910355,-0.0863345,0.9408185,0.0035564999999999,0.0024785,1.0591815,-0.0035565,-0.0024785,0.8793975,-0.3522245,-0.0060315,1.1234475,-0.3598745,-0.0105444999999999,0.8217875,-0.8548645,0.0350255,1.1945275,-0.8565245,0.0237334999999999
12,1.037633,0.7327994999999999,0.0812635,0.881632,0.5453494999999999,0.0360825,0.820072,0.7873294999999999,-0.0563935,1.184482,0.5167795,0.0567045,1.259292,0.7434495,-0.0124765,0.8245020000000001,1.0765695,-0.1196344999999999,1.251022,0.9890095,-0.0865845,0.940791,0.0035405,0.0025874999999999,1.059209,-0.0035405,-0.0025874999999999,0.879302,-0.3522205,-0.0057854999999999,1.123292,-0.3598805,-0.0103525,0.8218920000000001,-0.8547105,0.0352335,1.1941519999999999,-0.8564805000000001,0.0244105
13,1.0375925,0.732669,0.08111,0.8817075,0.545479,0.036063,0.8201475,0.787249,-0.0562749999999999,1.1844175,0.516759,0.056792,1.2592575,0.743399,-0.0125679999999999,0.8246275000000001,1.076519,-0.1195639999999999,1.2510075,0.990379,-0.087084,0.9407675,0.0035119999999999,0.002697,1.0592325,-0.0035119999999999,-0.0026969999999999,0.8791875,-0.352231,-0.0055279999999999,1.1232175,-0.359861,-0.0101869999999999,0.8222275,-0.852631,0.035818,1.1940375,-0.856441,0.02527
14,1.037559,0.73255,0.0810045,0.8818100000000001,0.54551,0.0360335,0.82025,0.7871900000000001,-0.0561745,1.18436,0.51672,0.0568645,1.25922,0.74336,-0.0126825,0.82475,1.07648,-0.1194605,1.2507,0.99438,-0.0876205,0.9407490000000001,0.003487,0.0028035,1.059251,-0.003487,-0.0028035,0.8790900000000001,-0.35224,-0.0052724999999999,1.12314,-0.35984,-0.0099915,0.82255,-0.8508,0.0364825,1.19393,-0.85642,0.0261045
15,1.0375599999999998,0.732485,0.0807799999999999,0.8819319999999999,0.545655,0.035954,0.820372,0.787185,-0.056142,1.184342,0.516735,0.056871,1.259222,0.743375,-0.012873,0.824882,1.076485,-0.119387,1.251152,0.992085,-0.088007,0.940755,0.003461,0.002923,1.059245,-0.0034609999999999,-0.002923,0.8790620000000001,-0.352255,-0.005038,1.1231019999999998,-0.359815,-0.0098779999999999,0.822882,-0.8494649999999999,0.037188,1.193602,-0.8563649999999999,0.026511
16,1.0375635,0.7324615,0.0804624999999999,0.8820425,0.5456115,0.0357845,0.8205025000000001,0.7872115000000001,-0.0562085,1.1843225,0.5167815,0.0567765,1.2592125,0.7434415,-0.0131475,0.8249925000000001,1.0764315,-0.1194204999999999,1.2510525000000001,0.9921315,-0.0881204999999999,0.9407645000000001,0.0034494999999999,0.0029775,1.0592355,-0.0034495,-0.0029775,0.8790425,-0.3522585,-0.0049804999999999,1.1230625,-0.3598085,-0.0099244999999999,0.8233025,-0.8480885,0.0379075,1.1932825,-0.8563585,0.0266895
17,1.03756,0.7324615,0.0801585,0.882076,0.5453715,0.0357275,0.820616,0.7872115000000001,-0.0562164999999999,1.184296,0.5167815,0.0566975,1.259206,0.7434315,-0.0133935,0.825046,1.0764315,-0.1194095,1.250916,0.9918315,-0.0885495,0.940771,0.0034494999999999,0.0030395,1.059229,-0.0034495,-0.0030395,0.879026,-0.3522585,-0.0048995,1.123026,-0.3598085,-0.0099735,0.823696,-0.8476485,0.0376905,1.192916,-0.8563585,0.0267405
18,1.0375445,0.7324515,0.0798405,0.8820645,0.5452215,0.0357295,0.8207045,0.7872115000000001,-0.0562385,1.1842745,0.5167815,0.0565965,1.2592045,0.7434115,-0.0136484999999999,0.8250845000000001,1.0764315,-0.1194425,1.2509545,0.9894315,-0.0888725,0.9407815,0.0034494999999999,0.0030895,1.0592184999999998,-0.0034495,-0.0030894999999999,0.8789645,-0.3522585,-0.0048364999999999,1.1230045,-0.3598085,-0.0100394999999999,0.8233945,-0.8488785,0.0376775,1.1927045,-0.8563585,0.0269215
19,1.0375485,0.73244,0.0795275,0.8820855,0.5451199999999999,0.0357344999999999,0.8207855,0.78722,-0.0562995,1.1842855,0.51679,0.0565004999999999,1.2592254999999999,0.74342,-0.0139065,0.8251355,1.07644,-0.1194715,1.2504455,0.99074,-0.0897115,0.9408155,0.003452,0.0031384999999999,1.0591845,-0.0034519999999999,-0.0031385,0.8789155,-0.35225,-0.0047535,1.1230054999999999,-0.3598,-0.0101055,0.8231155,-0.85012,0.0373764999999999,1.1922955,-0.8563500000000001,0.0269914999999999
20,1.037557,0.7325345,0.0792005,0.882109,0.5453445,0.0356975,0.820859,0.7873445,-0.0563555,1.184299,0.5168944999999999,0.0563995,1.2592489999999998,0.7435345,-0.0141364999999999,0.825159,1.0766345000000002,-0.1195135,1.249779,0.9938345,-0.0911034999999999,0.940845,0.0034475,0.0031745,1.059155,-0.0034474999999999,-0.0031744999999999,0.878889,-0.3522055,-0.0046775,1.123039,-0.3597855,-0.0101585,0.822809,-0.8517855000000001,0.0369245,1.192459,-0.8563155,0.0270495
21,1.0375584999999998,0.7326729999999999,0.0788649999999999,0.8820995,0.5456629999999999,0.0356019999999999,0.8208895,0.7875129999999999,-0.056464,1.1843195,0.5169929999999999,0.05626,1.2592495000000001,0.7436029999999999,-0.014364,0.8251995,1.0768330000000002,-0.119621,1.2497494999999998,0.992733,-0.0917409999999999,0.9408755000000001,0.003438,0.0031769999999999,1.0591244999999998,-0.003438,-0.0031769999999999,0.8788895,-0.352167,-0.004579,1.1230695,-0.3596769999999999,-0.010156,0.8220295,-0.8548570000000001,0.035799,1.1927995,-0.856307,0.027316
22,1.03752,0.7328165000000001,0.0784775,0.882078,0.5459265000000001,0.0355335,0.8209280000000001,0.7877665,-0.0565624999999999,1.184328,0.5170865,0.0561475,1.259228,0.7436765000000001,-0.0145334999999999,0.825238,1.0770465,-0.1197495,1.250048,0.9902965,-0.0923495,0.9409040000000001,0.0034264999999999,0.0031795,1.0590959999999998,-0.0034265,-0.0031795,0.878898,-0.3521335,-0.0046264999999999,1.123098,-0.3596035,-0.0101545,0.821188,-0.8587235,0.0345985,1.192648,-0.8563335,0.0270445
23,1.03747,0.732909,0.0779215,0.882078,0.546239,0.0354664999999999,0.820978,0.787979,-0.0567655,1.184348,0.5171789999999999,0.0560165,1.259188,0.743719,-0.0147815,0.825258,1.0772590000000002,-0.1198975,1.249288,0.994959,-0.0936775,0.940934,0.003423,0.0031814999999999,1.0590659999999998,-0.0034229999999999,-0.0031815,0.878928,-0.352121,-0.0046845,1.123128,-0.359581,-0.0101525,0.821018,-0.860411,0.0332894999999999,1.192428,-0.856401,0.0267344999999999
24,1.037388,0.7330295,0.077345,0.882107,0.5464295,0.035331,0.820997,0.7882294999999999,-0.0571139999999999,1.184337,0.5172694999999999,0.055816,1.259107,0.7437794999999999,-0.0151489999999999,0.8252269999999999,1.0775995,-0.120156,1.248447,0.9997995,-0.094896,0.940941,0.0034105,0.003171,1.059059,-0.0034105,-0.003171,0.878937,-0.3521304999999999,-0.0048409999999999,1.1231669999999998,-0.3595605,-0.0099879999999999,0.821117,-0.8614405,0.031759,1.192637,-0.8564305,0.026681
25,1.0373055,0.733109,0.076567,0.8821235000000001,0.546669,0.03508,0.8209635,0.788289,-0.0576529999999999,1.1843435,0.517349,0.055496,1.2590135,0.743779,-0.0156509999999999,0.8251634999999999,1.077649,-0.1205899999999999,1.2481435,1.000049,-0.0961399999999999,0.9409465,0.003402,0.0031829999999999,1.0590535,-0.003402,-0.0031829999999999,0.8790235,-0.352171,-0.005155,1.1233335,-0.359531,-0.0098969999999999,0.8217135,-0.858881,0.030576,1.1926335,-0.856471,0.026735
26,1.0372385,0.7331835,0.075334,0.8821815,0.5467035,0.034419,0.8209215000000001,0.7885935,-0.0586769999999999,1.1843615,0.5174235,0.054753,1.2589215,0.7437435,-0.0166039999999999,0.8250915,1.0777135,-0.121471,1.2478115,1.0028135,-0.098241,0.9409615000000001,0.0033945,0.003013,1.0590385,-0.0033944999999999,-0.0030129999999999,0.8792515,-0.3522565,-0.0062749999999999,1.1235515,-0.3595065,-0.0103419999999999,0.8217015,-0.8577665,0.029012,1.1938215,-0.8647265000000001,0.026826
27,1.0371615,0.7332305,0.0732505,0.8822274999999999,0.5467704999999999,0.0329085,0.8207675,0.7890205,-0.0603494999999999,1.1843275,0.5176204999999999,0.0534115,1.2587275,0.7437104999999999,-0.0182654999999999,0.8249375,1.0778105,-0.1230024999999999,1.2475375,1.0047105,-0.1008625,0.9409765000000001,0.0034335,0.0028655,1.0590235,-0.0034335,-0.0028655,0.8797675,-0.3524795,-0.0100615,1.1237775,-0.3596094999999999,-0.0113465,0.8201674999999999,-0.8620995,0.0257545,1.1956375,-0.8732595000000001,0.0260755
28,1.0369950000000001,0.7329975,0.069716,0.882122,0.5465675,0.029788,0.819962,0.7894775,-0.06402,1.1841819999999998,0.5180375,0.050835,1.2584119999999999,0.7435875000000001,-0.021561,0.8243320000000001,1.0719075,-0.12683,1.2475019999999999,1.0042075,-0.1045,0.940972,0.0034915,0.0022569999999999,1.059028,-0.0034915,-0.002257,0.880232,-0.3526225,-0.01527,1.124402,-0.3596824999999999,-0.013614,0.817912,-0.8711924999999999,0.0204979999999999,1.1974420000000001,-0.8815025,0.0241049999999999
29,1.036848,0.7321715,0.0653084999999999,0.881941,0.5462015,0.0259945,0.818831,0.7899115,-0.0694735,1.184001,0.5186015,0.0476365,1.2582309999999999,0.7434315,-0.0257895,0.824101,1.0658015,-0.1319545,1.247231,1.0032015,-0.1097944999999999,0.9409880000000002,0.0034955,0.0015795,1.0590119999999998,-0.0034955,-0.0015794999999999,0.880811,-0.3527885,-0.0215495,1.125161,-0.3597585,-0.0164855,0.8156410000000001,-0.8803385,0.0150795,1.199241,-0.8895385,0.0215165
30,1.036794,0.731064,0.0600535,0.881768,0.545864,0.0213785,0.817588,0.788514,-0.0757255,1.1838479999999998,0.5193340000000001,0.0437395,1.258168,0.7430340000000001,-0.0309744999999999,0.824098,1.058924,-0.1377355,1.246588,1.004524,-0.1160254999999999,0.941002,0.0034959999999999,0.0007225,1.058998,-0.003496,-0.0007224999999999,0.881618,-0.352956,-0.0292465,1.126048,-0.359776,-0.0200505,0.813858,-0.889076,0.0100765,1.200748,-0.897446,0.0179545
31,1.03676,0.7298180000000001,0.054007,0.8814740000000001,0.544678,0.015101,0.816254,0.785398,-0.082709,1.183714,0.5201880000000001,0.039076,1.258154,0.7422880000000001,-0.037224,0.824074,1.052668,-0.143999,1.246094,1.003368,-0.1228389999999999,0.940991,0.003536,-0.0002909999999999,1.059009,-0.003536,0.000291,0.882444,-0.353042,-0.037368,1.127144,-0.359702,-0.024076,0.812114,-0.8969419999999999,0.004473,1.202404,-0.904792,0.013782
32,1.036748,0.72833,0.0473195,0.881211,0.544,0.0082395,0.814921,0.78279,-0.0902055,1.1835909999999998,0.52139,0.0339735,1.258171,0.74121,-0.0444125,0.824091,1.0468,-0.1510155,1.245501,1.0032,-0.1306554999999999,0.940963,0.00356,-0.0012654999999999,1.059037,-0.00356,0.0012655,0.883201,-0.35306,-0.0461455,1.1284509999999999,-0.35953,-0.0286125,0.810431,-0.9045,-0.0015184999999999,1.2037309999999999,-0.91182,0.0092625
33,1.036706,0.7267605,0.039644,0.8808279999999999,0.5431805,0.0003759999999999,0.813498,0.7805305,-0.098207,1.183438,0.5224905,0.0279,1.258168,0.7401105,-0.052563,0.824268,1.0414005,-0.158857,1.2455479999999999,1.0047005,-0.1396669999999999,0.9408910000000001,0.0034415,-0.002023,1.0591089999999999,-0.0034415,0.002023,0.883638,-0.3530695,-0.055329,1.1300080000000001,-0.3591094999999999,-0.033838,0.808738,-0.9105795,-0.008184,1.204928,-0.9182195,0.004075
34,1.0367975,0.7243855,0.031316,0.8805545,0.5425355000000001,-0.0077209999999999,0.8120645,0.7780055,-0.1068979999999999,1.1832845,0.5235655,0.021529,1.2584445,0.7386855,-0.061544,0.8248645,1.0359355,-0.167168,1.2458645,1.0040355,-0.149278,0.9408125,0.0033465,-0.0028799999999999,1.0591875,-0.0033464999999999,0.00288,0.8839045,-0.3529945,-0.064527,1.1317245,-0.3586245,-0.0394319999999999,0.8087044999999999,-0.9090145,-0.014925,1.2060844999999998,-0.9243645,-0.001205
35,1.0368065,0.7216295,0.02259,0.8804125,0.5419395,-0.015953,0.8106425000000002,0.7752395,-0.1159569999999999,1.1829625,0.5247495,0.015146,1.2588525,0.7371895,-0.071015,0.8257825,1.0315995,-0.175507,1.2458325,1.0059395,-0.158707,0.9407085,0.0032454999999999,-0.003595,1.0592915,-0.0032455,0.003595,0.8837425,-0.3527504999999999,-0.0735209999999999,1.1334325,-0.3580405,-0.045199,0.8081825,-0.9101105,-0.0221159999999999,1.2058225,-0.9210105,-0.0066089999999999
36,1.0369275,0.7186319999999999,0.0140694999999999,0.8802985,0.541782,-0.0237225,0.8091685,0.772162,-0.1254095,1.1832285,0.522282,0.0074015,1.2598085,0.734762,-0.0809945,0.8271885000000001,1.027632,-0.1837895,1.2461285,0.997242,-0.1679695,0.9405455000000001,0.0031909999999999,-0.0044365,1.0594545,-0.0031909999999999,0.0044364999999999,0.8834285,-0.352198,-0.0802104999999999,1.1353685,-0.357348,-0.0510785,0.8067385000000001,-0.912398,-0.0282775,1.2053785,-0.916648,-0.0125935
37,1.03728,0.7151455,0.0060915,0.880252,0.5417855,-0.0303535,0.808362,0.7682855,-0.1340395,1.183632,0.5198355,0.0005265,1.2611620000000001,0.7320055,-0.0904005,0.8291120000000001,1.0291555,-0.1904195,1.2459319999999998,0.9895655,-0.1763795,0.940371,0.0030964999999999,-0.0048555,1.059629,-0.0030965,0.0048555,0.883192,-0.3516645,-0.0857955,1.137102,-0.3565645,-0.0562014999999999,0.806472,-0.9089545,-0.0335735,1.205062,-0.9120245,-0.0170485
38,1.0374285,0.7127315000000001,-0.0023985,0.8804695,0.5358715000000001,-0.0400175,0.8080495,0.7649515,-0.1421195,1.1839595,0.5183715,-0.0070485,1.2626294999999998,0.7307915,-0.1004225,0.8310395000000002,1.0328215,-0.1965095,1.2455495,0.9818415,-0.1841195,0.9400535,0.0030305,-0.0052825,1.0599465,-0.0030304999999999,0.0052824999999999,0.8824095,-0.3508885,-0.0910645,1.1390095,-0.3556085,-0.0615305,0.8041294999999999,-0.9105385,-0.0391645,1.2045095,-0.9054585,-0.0217605
39,1.037578,0.7104685000000001,-0.0108399999999999,0.880749,0.5308085,-0.049179,0.807779,0.7642185,-0.150576,1.184319,0.5161985,-0.014848,1.264159,0.7301185,-0.110592,0.833349,1.0376185,-0.202586,1.245039,0.9742185,-0.191906,0.939703,0.0029255,-0.005488,1.060297,-0.0029255,0.005488,0.880929,-0.3500014999999999,-0.095448,1.141189,-0.3544914999999999,-0.066623,0.803349,-0.9030415,-0.044184,1.203789,-0.8977315,-0.026652
40,1.0376905,0.707992,-0.0194135,0.8808075,0.527442,-0.0568805,0.8075375,0.765602,-0.1592665,1.1846375,0.513712,-0.0224925,1.2656975,0.7297819999999999,-0.1209565,0.8363975,1.044272,-0.2089265,1.2441375,0.969102,-0.2002865,0.9393665,0.0027939999999999,-0.0055654999999999,1.0606335,-0.0027939999999999,0.0055655,0.8791575000000001,-0.348998,-0.0997965,1.1435875,-0.3532079999999999,-0.0715135,0.8027375,-0.8950480000000001,-0.0485795,1.2030375,-0.889348,-0.0311065
41,1.037717,0.705669,-0.0278484999999999,0.8807820000000001,0.5232289999999999,-0.0648265,0.806832,0.766759,-0.1680925,1.184822,0.510869,-0.0302785,1.266982,0.727719,-0.1307025,0.838332,1.0487289999999998,-0.2150625,1.243722,0.962399,-0.2084425,0.938979,0.0026769999999999,-0.0057614999999999,1.061021,-0.0026769999999999,0.0057614999999999,0.8769120000000001,-0.347761,-0.1044775,1.146332,-0.351711,-0.0765245,0.802062,-0.886111,-0.0526075,1.202182,-0.879651,-0.0352375
42,1.0375205,0.703595,-0.03573,0.8806575,0.5182450000000001,-0.072469,0.8062374999999999,0.767005,-0.17644,1.1847775,0.5087050000000001,-0.037358,1.2681375,0.726725,-0.13974,0.8399075,1.052105,-0.22083,1.2432975,0.956025,-0.21624,0.9385915,0.002506,-0.006063,1.0614085,-0.002506,0.0060629999999999,0.8739075000000001,-0.346135,-0.109184,1.1493575,-0.349985,-0.08131,0.8011675,-0.875815,-0.055943,1.2013175,-0.869345,-0.038505
43,1.0374755,0.7013064999999999,-0.0431615,0.8809055,0.5134565,-0.0797365,0.8060255000000001,0.7676465,-0.1845435,1.1848355,0.5066665,-0.0440615,1.2692155,0.7234565,-0.1482135,0.8414655,1.0556665,-0.2261834999999999,1.2434255,0.9503665,-0.2237835,0.9382215,0.0023954999999999,-0.0063145,1.0617785,-0.0023954999999999,0.0063145,0.8710855,-0.3443235,-0.1139554999999999,1.1527555,-0.3481435,-0.0862855,0.8006655,-0.8648535,-0.0588065,1.2006755,-0.8582835,-0.0411505
44,1.037684,0.69945,-0.050157,0.881294,0.50927,-0.086412,0.805434,0.76163,-0.192295,1.185074,0.50502,-0.050405,1.2702740000000001,0.72091,-0.156015,0.842844,1.05147,-0.231205,1.243614,0.9447,-0.231535,0.9379480000000001,0.002263,-0.006555,1.062052,-0.002263,0.0065549999999999,0.8684540000000001,-0.3424,-0.1189139999999999,1.156434,-0.34603,-0.091382,0.8002940000000001,-0.85375,-0.060756,1.200314,-0.84703,-0.043178
45,1.0378655,0.6973355,-0.0566705,0.8816265000000001,0.5031955,-0.0931135,0.8047965,0.7571555,-0.1988825,1.1851665,0.5053455,-0.0556055,1.2707765,0.7197155,-0.1633525,0.8436665,1.0479855,-0.2359824999999999,1.2439065,0.9485555,-0.2396424999999999,0.9376725,0.0020574999999999,-0.0066515,1.0623275,-0.0020575,0.0066514999999999,0.8658965000000001,-0.3404445,-0.1242085,1.1601565,-0.3435645,-0.0965925,0.7998365000000001,-0.8422945000000001,-0.0626665,1.1999265000000001,-0.8343245,-0.0443985
46,1.03822,0.6957300000000001,-0.0637625,0.8821330000000001,0.4979099999999999,-0.1005605,0.804373,0.7536700000000001,-0.2058664999999999,1.185563,0.50547,-0.0615345,1.271333,0.7184400000000001,-0.1714564999999999,0.844313,1.04461,-0.2416164999999999,1.244603,0.95096,-0.2497164999999999,0.937648,0.00202,-0.0066274999999999,1.062352,-0.0020199999999999,0.0066275,0.8635530000000001,-0.3380999999999999,-0.1309934999999999,1.164283,-0.34092,-0.1031735,0.799663,-0.8297599999999999,-0.0650515,1.199873,-0.82111,-0.0460995
47,1.0385285,0.69281,-0.070518,0.8824865000000001,0.4988599999999999,-0.10488,0.8045665,0.7490300000000001,-0.212678,1.1859865,0.50488,-0.066755,1.2719464999999999,0.7152900000000001,-0.179348,0.8447965,1.03999,-0.247668,1.2453865,0.95298,-0.2600179999999999,0.9375895,0.0020099999999999,-0.0065419999999999,1.0624105,-0.0020099999999999,0.0065419999999999,0.8613865,-0.32978,-0.138048,1.1680164999999998,-0.33327,-0.109649,0.7998465,-0.81704,-0.0669599999999999,1.1998165,-0.8079299999999999,-0.047321
48,1.038785,0.69035,-0.0772735,0.882958,0.49861,-0.1097875,0.804778,0.74411,-0.2194045,1.185868,0.50426,-0.0721595,1.272628,0.7120200000000001,-0.1873245,0.8453280000000001,1.03515,-0.2536145,1.244868,0.95475,-0.2713345,0.937469,0.00193,-0.0064445,1.062531,-0.0019299999999999,0.0064444999999999,0.859328,-0.31981,-0.1455045,1.171538,-0.3239999999999999,-0.1165345,0.800098,-0.8034999999999999,-0.0688915,1.200008,-0.7941099999999999,-0.0490845
49,1.038806,0.687745,-0.0850005,0.883553,0.497925,-0.1169765,0.805123,0.739485,-0.2280225,1.185753,0.504035,-0.0793405,1.273433,0.709425,-0.1969024999999999,0.846063,1.030635,-0.2614225,1.244793,0.957035,-0.2847025,0.937276,0.0019849999999999,-0.0062604999999999,1.062724,-0.001985,0.0062605,0.857703,-0.309075,-0.1547724999999999,1.174863,-0.313115,-0.1253165,0.800553,-0.7892950000000001,-0.0726715,1.200283,-0.7795749999999999,-0.0528395
50,1.039131,0.6840999999999999,-0.0930719999999999,0.884125,0.50036,-0.124122,0.806095,0.73541,-0.2368309999999999,1.185525,0.50349,-0.087679,1.274775,0.71198,-0.207341,0.8466750000000001,1.02631,-0.273871,1.245805,0.96251,-0.298361,0.9372610000000001,0.00209,-0.0061319999999999,1.0627389999999999,-0.00209,0.0061319999999999,0.856995,-0.29298,-0.166771,1.1788249999999998,-0.29788,-0.136809,0.802335,-0.77009,-0.076296,1.201335,-0.76032,-0.056704
51,1.0393485,0.68031,-0.100593,0.8847545,0.50274,-0.130755,0.8072345,0.7314499999999999,-0.245684,1.1853745,0.5023799999999999,-0.0956569999999999,1.2763244999999999,0.7126,-0.2180639999999999,0.8473245,1.02211,-0.285944,1.2469445000000001,0.96213,-0.312224,0.9373695,0.0022999999999999,-0.0061229999999999,1.0626305,-0.0022999999999999,0.006123,0.8568145,-0.27834,-0.1780939999999999,1.1821345,-0.28303,-0.1478539999999999,0.8042845000000001,-0.7524200000000001,-0.079425,1.2025445,-0.74111,-0.0604979999999999
52,1.0398625,0.67804,-0.1090155,0.8858855,0.5025,-0.1388135,0.8085655,0.7270399999999999,-0.2547165,1.1851055,0.49943,-0.1047095,1.2783155,0.7151099999999999,-0.2297365,0.8479955,1.01742,-0.2986865,1.2484955,0.95878,-0.3258865,0.9377555,0.0027399999999999,-0.0059654999999999,1.0622445,-0.00274,0.0059654999999999,0.8570355000000001,-0.26465,-0.1899165,1.1853555,-0.26871,-0.1587164999999999,0.8066255,-0.73457,-0.0826065,1.2040355,-0.7213,-0.0645825
53,1.040042,0.673575,-0.116988,0.887057,0.502115,-0.147225,0.810187,0.728605,-0.264115,1.1848969999999999,0.496755,-0.113999,1.280007,0.714555,-0.241425,0.849337,1.018715,-0.311915,1.250057,0.956025,-0.339055,0.938205,0.003275,-0.0057929999999999,1.061795,-0.003275,0.0057929999999999,0.857397,-0.250865,-0.201435,1.188337,-0.254335,-0.169855,0.809017,-0.716875,-0.085662,1.205597,-0.701055,-0.068864
54,1.0402575,0.6706,-0.125492,0.8881415,0.5027,-0.1552899999999999,0.8117415,0.72886,-0.27404,1.1847515,0.49456,-0.122466,1.2815915,0.71242,-0.25235,0.8507515,1.01871,-0.32529,1.2513515,0.95192,-0.35176,0.9386875,0.0037099999999999,-0.005823,1.0613125,-0.0037099999999999,0.005823,0.8578315,-0.23831,-0.2127399999999999,1.1909315,-0.24099,-0.18078,0.8114715,-0.6999000000000001,-0.088137,1.2070215,-0.68235,-0.072801
55,1.0409675,0.6691100000000001,-0.137309,0.8897305000000001,0.50378,-0.166144,0.8140205,0.72749,-0.287024,1.1852805,0.49319,-0.133879,1.2837705,0.71206,-0.265694,0.8529305,1.0172,-0.341264,1.2532204999999998,0.95028,-0.367284,0.9390345,0.00363,-0.005801,1.0609655,-0.0036299999999999,0.005801,0.8590905,-0.2251499999999999,-0.226054,1.1939405,-0.2263099999999999,-0.194474,0.8145005000000001,-0.68147,-0.093009,1.2090705,-0.66213,-0.0793109999999999
56,1.041742,0.6679949999999999,-0.149424,0.8914,0.5047649999999999,-0.176651,0.81648,0.7257049999999999,-0.299851,1.1858399999999998,0.4916549999999999,-0.14499,1.28583,0.7102849999999999,-0.279051,0.85515,1.015175,-0.357461,1.25492,0.946885,-0.382671,0.939381,0.0035549999999999,-0.0057359999999999,1.060619,-0.003555,0.0057359999999999,0.86052,-0.212205,-0.239241,1.19688,-0.211815,-0.208191,0.8180000000000001,-0.664065,-0.098257,1.2111399999999999,-0.643085,-0.0859019999999999
57,1.042396,0.66735,-0.1615455,0.893073,0.50684,-0.1862504999999999,0.8188230000000001,0.72296,-0.3124905,1.186273,0.49078,-0.1553285,1.287783,0.7076899999999999,-0.2918505,0.8573230000000001,1.01216,-0.3737705,1.256383,0.9432,-0.3976605,0.9399,0.00369,-0.0057605,1.0601,-0.0036899999999999,0.0057605,0.862233,-0.1989099999999999,-0.2532505,1.199763,-0.19733,-0.2213705,0.8216829999999999,-0.64687,-0.1031955,1.2131129999999999,-0.62428,-0.0918075
58,1.042616,0.66767,-0.1717955,0.893811,0.50534,-0.1948955,0.820641,0.72061,-0.3229855,1.185901,0.48782,-0.1646145,1.289061,0.70486,-0.3021055,0.858801,1.00954,-0.3879855,1.257171,0.93755,-0.4105955,0.940369,0.00384,-0.0059174999999999,1.059631,-0.00384,0.0059175,0.863531,-0.18427,-0.2646455,1.202061,-0.1814799999999999,-0.2325055,0.824741,-0.62948,-0.1058184999999999,1.214541,-0.60574,-0.0951244999999999
59,1.0427710000000001,0.6681250000000001,-0.1813855,0.893966,0.501735,-0.2025555,0.821956,0.716065,-0.3334355,1.185546,0.485005,-0.1721055,1.289766,0.698435,-0.3117355,0.859916,1.005105,-0.3975855,1.257266,0.927925,-0.4225255,0.9407660000000001,0.004155,-0.0060334999999999,1.059234,-0.0041549999999999,0.0060334999999999,0.864726,-0.173815,-0.2724155,1.2036959999999999,-0.1706949999999999,-0.2402655,0.826986,-0.617505,-0.1079325,1.215526,-0.592515,-0.0977234999999999
60,1.0428724999999999,0.669105,-0.1913415,0.8939295,0.4986849999999999,-0.2105715,0.8230095,0.712795,-0.3440715,1.1848494999999999,0.482765,-0.1798015,1.2901695,0.6933849999999999,-0.3217215,0.8606495000000001,1.0018349999999998,-0.4079015,1.2567395000000001,0.924965,-0.4341815,0.9410545,0.0041149999999999,-0.0061415,1.0589455,-0.004115,0.0061414999999999,0.8656495,-0.161685,-0.2806015,1.2050695,-0.158605,-0.2487015,0.8288495,-0.603905,-0.1097185,1.2162395,-0.578675,-0.1003175
61,1.0424835,0.66906,-0.2002815,0.8931435,0.49666,-0.2173815,0.8235835,0.70933,-0.3543914999999999,1.1840535,0.4817099999999999,-0.1864115,1.2900935,0.68919,-0.3309615,0.8607635000000001,0.99852,-0.4173314999999999,1.2550935,0.92547,-0.4462414999999999,0.9411045,0.0036999999999999,-0.0062574999999999,1.0588955,-0.0037,0.0062574999999999,0.8660835,-0.14932,-0.2878115,1.2059835,-0.14669,-0.2565115,0.8302935,-0.59035,-0.1108194999999999,1.2164935,-0.5651200000000001,-0.1024094999999999
62,1.042294,0.671305,-0.209621,0.892279,0.494545,-0.224101,0.8234290000000001,0.7065049999999999,-0.364991,1.1831990000000001,0.480345,-0.192981,1.290349,0.687485,-0.340941,0.860629,0.992215,-0.431801,1.254469,0.926755,-0.458551,0.941118,0.0032849999999999,-0.006455,1.058882,-0.0032849999999999,0.006455,0.8663190000000001,-0.143205,-0.295031,1.206509,-0.138535,-0.263881,0.831519,-0.577685,-0.111494,1.2166190000000001,-0.551505,-0.104127
63,1.0422205,0.6717299999999999,-0.217488,0.8914495,0.49264,-0.2298279999999999,0.8233795000000002,0.70347,-0.3746379999999999,1.1822795,0.47949,-0.198628,1.2905995,0.68685,-0.350358,0.8602395,0.98715,-0.4446279999999999,1.2534494999999999,0.92906,-0.470578,0.9411185,0.0029,-0.0064619999999999,1.0588815,-0.0029,0.006462,0.8664795000000001,-0.1361499999999999,-0.3009079999999999,1.2069395,-0.13006,-0.2699479999999999,0.8326195000000001,-0.5644899999999999,-0.1115159999999999,1.2166895,-0.53817,-0.105153
64,1.0416155,0.670715,-0.224393,0.8901475000000001,0.4889749999999999,-0.235333,0.8227774999999999,0.701495,-0.3839829999999999,1.1807675,0.4776359999999999,-0.203933,1.2901574999999998,0.685005,-0.360013,0.8592675000000001,0.977955,-0.4577529999999999,1.2518975,0.930975,-0.4815629999999999,0.9413265000000001,0.0027349999999999,-0.0066089999999999,1.0586734999999998,-0.002735,0.006609,0.8658775,-0.129265,-0.306513,1.2065275,-0.1220149999999999,-0.275363,0.8331675000000001,-0.552805,-0.1116399999999999,1.2162275,-0.526575,-0.106103
65,1.0408735,0.67006,-0.230923,0.8886995,0.485316,-0.241413,0.8223294999999999,0.7003900000000001,-0.393783,1.1792195,0.475473,-0.209883,1.2895695,0.68484,-0.369203,0.8582095,0.97074,-0.4702329999999999,1.2503395,0.92517,-0.4921029999999999,0.9413565,0.00264,-0.006607,1.0586435,-0.0026399999999999,0.006607,0.8650895000000001,-0.12104,-0.312293,1.2060395,-0.11273,-0.280783,0.8331595,-0.53949,-0.11209,1.2156095,-0.51412,-0.107125
66,1.040484,0.668675,-0.2369109999999999,0.887377,0.481121,-0.247751,0.8221970000000001,0.700445,-0.403371,1.177957,0.473213,-0.215671,1.289137,0.681065,-0.377901,0.857397,0.964865,-0.482461,1.249557,0.920895,-0.501331,0.94151,0.002415,-0.006596,1.05849,-0.002415,0.006596,0.8642770000000001,-0.1104949999999999,-0.316981,1.206007,-0.1027849999999999,-0.286261,0.833577,-0.5259750000000001,-0.112765,1.215107,-0.501185,-0.10819
67,1.040751,0.6666150000000001,-0.2396365,0.886995,0.479818,-0.2493365,0.822495,0.698485,-0.4092065,1.1775749999999998,0.47219,-0.2169665,1.289255,0.677845,-0.3829765,0.857525,0.958215,-0.4913465,1.249815,0.918255,-0.5064664999999999,0.9415990000000001,0.002065,-0.0067475,1.058401,-0.0020649999999999,0.0067474999999999,0.863735,-0.101225,-0.3188465,1.206805,-0.093465,-0.2884565,0.834485,-0.513605,-0.1106715,1.214705,-0.489135,-0.1062365
68,1.0412359999999998,0.66536,-0.242338,0.887331,0.478049,-0.251258,0.823161,0.698,-0.414438,1.177851,0.470603,-0.218388,1.289711,0.67511,-0.387788,0.8582510000000001,0.95309,-0.500358,1.250481,0.91474,-0.512528,0.9416710000000001,0.0017599999999999,-0.006587,1.0583289999999999,-0.0017599999999999,0.0065869999999999,0.8634809999999999,-0.0918099999999999,-0.320698,1.208161,-0.08386,-0.290748,0.836311,-0.50205,-0.108261,1.214881,-0.47705,-0.104495
69,1.0417655,0.663105,-0.245568,0.8877285,0.476227,-0.253318,0.8239185,0.696505,-0.420268,1.1782385,0.467699,-0.220478,1.2901585,0.671575,-0.393188,0.8592185,0.947095,-0.509818,1.2508485,0.907445,-0.519638,0.9417225,0.0019549999999999,-0.0062229999999999,1.0582775,-0.0019549999999999,0.006223,0.8631584999999999,-0.083055,-0.322828,1.2096784999999999,-0.074905,-0.293228,0.8384785000000001,-0.491255,-0.1061179999999999,1.2151585,-0.465485,-0.103212
70,1.0416625,0.660965,-0.2487595,0.8875215,0.475921,-0.2552595,0.8242315,0.6947450000000001,-0.4261494999999999,1.1778315,0.465779,-0.2226794999999999,1.2897315,0.6673450000000001,-0.3989895,0.8595215,0.941545,-0.5200895,1.2494615,0.8966050000000001,-0.5262295,0.9417105,0.002215,-0.0058525,1.0582895,-0.0022149999999999,0.0058524999999999,0.8621215,-0.0747749999999999,-0.3252295,1.2105715,-0.0659549999999999,-0.2960895,0.8397415,-0.480575,-0.1045215,1.2146615,-0.455955,-0.1022175
71,1.0416695,0.65863,-0.2522525,0.8870745,0.474424,-0.2573725,0.8242245,0.69367,-0.4317925,1.1774545,0.4630869999999999,-0.2254725,1.2890945,0.6631,-0.4053025,0.8594045,0.94009,-0.5258025,1.2480745,0.88552,-0.5328225,0.9417305,0.0024099999999999,-0.0055445,1.0582695,-0.00241,0.0055444999999999,0.8610345,-0.0670199999999999,-0.3279025,1.2112845,-0.05727,-0.2990125,0.8415245,-0.47035,-0.1034475,1.2140845,-0.44706,-0.1021235
72,1.041758,0.65649,-0.255826,0.886643,0.473239,-0.259716,0.824223,0.69216,-0.437746,1.177083,0.460013,-0.228636,1.288203,0.65796,-0.412166,0.859253,0.9378,-0.5321859999999999,1.246873,0.87416,-0.539666,0.9416960000000001,0.00273,-0.0053829999999999,1.058304,-0.0027299999999999,0.0053829999999999,0.859943,-0.05969,-0.330726,1.211903,-0.0489899999999999,-0.302186,0.843363,-0.46016,-0.103335,1.213473,-0.4390299999999999,-0.102073
73,1.0419555,0.6539,-0.2594635,0.8862635000000001,0.472229,-0.2622135,0.8240835,0.68983,-0.4434935,1.1767435,0.456707,-0.2319735,1.2870735,0.6521,-0.4190935,0.8593335,0.94074,-0.5381135,1.2462335,0.86206,-0.5486135,0.9416915,0.00319,-0.0052715,1.0583085,-0.00319,0.0052714999999999,0.8590435000000001,-0.0529899999999999,-0.3335835,1.2122735,-0.0412299999999999,-0.3049935,0.8451235,-0.45126,-0.1043165,1.2127634999999999,-0.43106,-0.1027775
74,1.042238,0.6507400000000001,-0.2629815,0.885961,0.470782,-0.2646215,0.824051,0.6867400000000001,-0.4489614999999999,1.176461,0.4531510000000001,-0.2351515,1.2860610000000001,0.6459100000000001,-0.4267915,0.861461,0.94222,-0.5444615,1.245941,0.8578100000000001,-0.5585415,0.94163,0.00357,-0.0052764999999999,1.05837,-0.0035699999999999,0.0052765,0.858441,-0.0465299999999999,-0.3359614999999999,1.212561,-0.0338599999999998,-0.3071715,0.846901,-0.4429799999999999,-0.1054664999999999,1.211831,-0.42389,-0.1036054999999999
75,1.0425515,0.6466949999999999,-0.266348,0.8857765,0.4685729999999999,-0.266768,0.8240665,0.6828649999999999,-0.4541179999999999,1.1760465,0.4484979999999999,-0.2380479999999999,1.2851964999999999,0.642145,-0.4345279999999999,0.8620665000000001,0.943395,-0.550928,1.2460965,0.8499049999999999,-0.568438,0.9415505,0.0039549999999999,-0.005282,1.0584495,-0.003955,0.0052819999999999,0.8579065000000001,-0.040295,-0.337688,1.2129565,-0.026785,-0.308348,0.8487264999999999,-0.4350250000000001,-0.106885,1.2107665,-0.417275,-0.103681
76,1.0428975,0.6426000000000001,-0.269446,0.8858985,0.466372,-0.268576,0.8241985000000001,0.67975,-0.459366,1.1756985,0.44451,-0.240746,1.2844185000000001,0.6373,-0.442026,0.8625685,0.94216,-0.559056,1.2463785,0.8419099999999999,-0.577806,0.9414655,0.00426,-0.005213,1.0585345,-0.00426,0.005213,0.8573885,-0.03493,-0.338976,1.2133585,-0.0198899999999999,-0.308576,0.8502885,-0.4276299999999999,-0.109037,1.2093885,-0.41108,-0.103854
77,1.0434075,0.638094,-0.272196,0.8863775,0.463681,-0.270856,0.8242575,0.67615,-0.4649859999999999,1.1755075,0.4406300000000001,-0.243726,1.2841175,0.630268,-0.4497359999999999,0.8628675,0.9415,-0.567176,1.2456875,0.8341700000000001,-0.587166,0.9413765000000001,0.0043,-0.0050709999999999,1.0586235,-0.0042999999999999,0.0050709999999999,0.8571175,-0.0302399999999999,-0.340796,1.2143375,-0.0136099999999999,-0.309246,0.8517275,-0.4206099999999999,-0.112105,1.2080775,-0.4058299999999999,-0.104683
78,1.044091,0.633498,-0.275563,0.8874,0.461061,-0.273393,0.82457,0.67117,-0.470873,1.17563,0.4374599999999999,-0.246993,1.2842799999999999,0.623359,-0.457113,0.8633500000000001,0.93233,-0.575563,1.2457099999999999,0.82845,-0.596393,0.941257,0.00426,-0.0049579999999999,1.058743,-0.00426,0.0049579999999999,0.85741,-0.02556,-0.343193,1.21586,-0.00766,-0.310743,0.85237,-0.41384,-0.1161919999999999,1.20681,-0.40091,-0.1059779999999999
79,1.0447899999999999,0.628694,-0.279078,0.888522,0.4582699999999999,-0.276088,0.824932,0.6663899999999999,-0.476668,1.175812,0.4339699999999999,-0.250328,1.284702,0.6163179999999999,-0.463648,0.863882,0.92309,-0.5835980000000001,1.246452,0.82484,-0.6062080000000001,0.941201,0.00422,-0.004795,1.058799,-0.00422,0.0047949999999999,0.858402,-0.02135,-0.345688,1.2177319999999998,-0.0022199999999999,-0.312668,0.853442,-0.40795,-0.121042,1.205712,-0.39487,-0.10711
80,1.0450565,0.6230529999999999,-0.282703,0.8892365,0.4562449999999999,-0.279373,0.8249365,0.6617519999999999,-0.482593,1.1755265,0.4308049999999999,-0.253593,1.2847065,0.6099519999999999,-0.469593,0.8640265,0.9147649999999998,-0.5915429999999999,1.2470865,0.8213249999999999,-0.616173,0.9410305000000001,0.0041949999999999,-0.0049269999999999,1.0589695,-0.004195,0.004927,0.8595065,-0.0164450000000001,-0.3485229999999999,1.2194064999999998,0.0034749999999998,-0.314623,0.8536465,-0.401295,-0.125384,1.2038865,-0.3883950000000001,-0.108581
81,1.044964,0.618665,-0.2860585,0.88969,0.45353,-0.2823485,0.8244000000000001,0.657249,-0.4879385,1.17494,0.42845,-0.2564085,1.2843200000000001,0.60456,-0.4744385,0.8634800000000001,0.90579,-0.5994885,1.24726,0.81775,-0.6251185,0.9408630000000001,0.004,-0.0051225,1.059137,-0.004,0.0051225,0.8609,-0.01145,-0.3510585,1.2209,0.00907,-0.3156085,0.8532100000000001,-0.39456,-0.1295125,1.20136,-0.38187,-0.1090155
82,1.044636,0.6147790000000001,-0.289238,0.890128,0.45113,-0.285138,0.8236180000000001,0.653545,-0.493208,1.174288,0.42664,-0.259228,1.2838180000000001,0.5993580000000001,-0.478208,0.8624180000000001,0.89666,-0.6076280000000001,1.246878,0.8140400000000001,-0.632038,0.9406680000000001,0.00382,-0.005332,1.059332,-0.0038199999999999,0.005332,0.862368,-0.0068599999999999,-0.353728,1.2222979999999999,0.01425,-0.315808,0.8526480000000001,-0.3887999999999999,-0.133983,1.198638,-0.3759599999999999,-0.108899
83,1.044279,0.6114269999999999,-0.292066,0.8906000000000001,0.44914,-0.287906,0.82299,0.6501669999999999,-0.497866,1.17367,0.42517,-0.262076,1.28357,0.594624,-0.4810259999999999,0.8610000000000001,0.88798,-0.615256,1.24646,0.81045,-0.6380359999999999,0.9404320000000002,0.0036399999999999,-0.005552,1.0595679999999998,-0.0036399999999999,0.005552,0.86427,-0.0026699999999999,-0.356396,1.22387,0.01907,-0.315346,0.85196,-0.3832,-0.139038,1.19612,-0.37019,-0.108846
84,1.0440695,0.6088399999999999,-0.2946335,0.8909625,0.4476499999999999,-0.2904434999999999,0.8226225,0.646817,-0.5016134999999999,1.1733125,0.4245799999999999,-0.2646635,1.2839425,0.5913849999999999,-0.4835635,0.8593925,0.8788099999999999,-0.6221835,1.2467825,0.8088299999999999,-0.6434534999999999,0.9402325,0.0034599999999999,-0.0056495,1.0597675,-0.00346,0.0056495,0.8666325,0.0009799999999999,-0.3587835,1.2255725,0.0231899999999999,-0.3137735,0.8510125,-0.3784900000000001,-0.1431474999999999,1.1939924999999998,-0.3655400000000001,-0.1086165
85,1.0441575,0.6065499999999999,-0.297142,0.8915315,0.4461899999999998,-0.292912,0.8225415,0.6434599999999999,-0.504482,1.1733415,0.4237499999999999,-0.266962,1.2849015,0.5879409999999999,-0.486002,0.8576115,0.8716499999999999,-0.626722,1.2488015,0.8068699999999999,-0.648042,0.9400885,0.0033299999999999,-0.005732,1.0599115,-0.00333,0.005732,0.8692615,0.0048399999999999,-0.361042,1.2275115,0.0269099999999998,-0.311572,0.8506615,-0.3746600000000001,-0.145684,1.1924315,-0.3616800000000001,-0.108755
86,1.0443805,0.6052379999999999,-0.2998385,0.8924595,0.4438899999999999,-0.2946485,0.8225995,0.640358,-0.5073385,1.1733595,0.4235299999999999,-0.2686585,1.2860595,0.587016,-0.4881284999999999,0.8557995,0.8639399999999999,-0.6315284999999999,1.2514995,0.80453,-0.6518185,0.9399695,0.0031299999999999,-0.0057704999999999,1.0600305,-0.00313,0.0057704999999999,0.8721095,0.0079299999999999,-0.3633985,1.2293395,0.0299999999999999,-0.3095585,0.8501295,-0.37157,-0.1486445,1.1909795,-0.35819,-0.1090905
87,1.0447075,0.6045470000000001,-0.302294,0.8934385,0.4417,-0.296334,0.8225985,0.63803,-0.510424,1.1734385,0.4234799999999999,-0.270264,1.2873085,0.586505,-0.489854,0.8554984999999999,0.86463,-0.636124,1.2542185,0.80342,-0.6547040000000001,0.9399415,0.00292,-0.005792,1.0600585,-0.00292,0.005792,0.8753185,0.00977,-0.365774,1.2311485,0.0318399999999999,-0.307734,0.8500685,-0.3711299999999999,-0.153267,1.1900884999999999,-0.3558099999999999,-0.110027
88,1.0450745,0.6046919999999999,-0.3049875,0.8945005,0.4395449999999999,-0.2984275,0.8229605,0.6374509999999999,-0.5140875,1.1734805,0.4234449999999999,-0.2717675,1.2886404999999999,0.586938,-0.4915474999999999,0.8552905,0.8649349999999999,-0.6409075000000001,1.2571305,0.803765,-0.6581875,0.9399445,0.0027349999999999,-0.0058404999999999,1.0600555,-0.002735,0.0058404999999999,0.8785205,0.0106949999999998,-0.3684774999999999,1.2327605,0.0326749999999999,-0.3061975,0.8490905,-0.3695250000000001,-0.1570835,1.1897805,-0.353805,-0.1119054999999999
89,1.0453665,0.6046919999999999,-0.3073075,0.8953015,0.4391449999999999,-0.3000075,0.8232815,0.6374509999999999,-0.5174175,1.1735415,0.4234449999999999,-0.2729975,1.2899515,0.586938,-0.4925374999999999,0.8551715,0.8649349999999999,-0.6445475,1.2600415,0.803765,-0.6614875,0.9399455,0.0027349999999999,-0.0060155,1.0600545,-0.002735,0.0060154999999999,0.8813115,0.0115749999999998,-0.3707175,1.2341315,0.0331249999999999,-0.3044975,0.8487015,-0.3692850000000001,-0.1606195,1.1899815,-0.352675,-0.1144965
90,1.045621,0.6046919999999999,-0.309661,0.89592,0.4391449999999999,-0.301761,0.82367,0.6374509999999999,-0.5210710000000001,1.17379,0.4234449999999999,-0.274301,1.2913299999999999,0.586938,-0.493041,0.8552600000000001,0.8649349999999999,-0.648611,1.263,0.803765,-0.665091,0.93994,0.0027349999999999,-0.006229,1.06006,-0.002735,0.0062289999999999,0.88334,0.0126349999999999,-0.373201,1.23533,0.0340749999999999,-0.303541,0.84836,-0.3682550000000001,-0.164118,1.19041,-0.3520150000000001,-0.118532
91,1.0459005,0.6046919999999999,-0.3116465,0.8963995,0.4391449999999999,-0.3036665,0.8243895,0.6374509999999999,-0.5237665,1.1741595,0.4234449999999999,-0.2756965,1.2926695000000001,0.586938,-0.4928665,0.8553995,0.8649349999999999,-0.6527265,1.2657795,0.803765,-0.6673365,0.9399365,0.0027349999999999,-0.0064135,1.0600635,-0.002735,0.0064134999999999,0.8849295,0.0139449999999998,-0.3756165,1.2364295,0.0352749999999999,-0.3030365,0.8478895000000001,-0.3668850000000001,-0.1665475,1.1908395,-0.350635,-0.1226275
92,1.0464555,0.6058429999999999,-0.313355,0.8970795,0.4368699999999998,-0.305585,0.8253095,0.6366809999999999,-0.526205,1.1749295,0.4232899999999999,-0.276865,1.2944695,0.5862689999999999,-0.492345,0.8562495,0.8640599999999998,-0.6570849999999999,1.2684195,0.8031699999999999,-0.668215,0.9399735000000001,0.0024999999999999,-0.0065049999999999,1.0600265,-0.0025,0.0065049999999999,0.8858495,0.0131199999999999,-0.377945,1.2374295,0.0344799999999998,-0.302865,0.8478395,-0.36784,-0.1690559999999999,1.1916895,-0.3512200000000001,-0.126986
93,1.047265,0.606803,-0.31421,0.897895,0.437415,-0.30655,0.8265350000000001,0.6373489999999999,-0.52847,1.175725,0.424435,-0.27756,1.296765,0.585817,-0.49207,0.857205,0.863845,-0.66058,1.271045,0.802775,-0.66843,0.940008,0.0025049999999999,-0.00651,1.059992,-0.0025049999999999,0.00651,0.886755,0.0109049999999999,-0.3802,1.238235,0.032305,-0.3036,0.848265,-0.370235,-0.171929,1.193375,-0.3530149999999999,-0.132093
94,1.047869,0.608193,-0.31486,0.8985720000000001,0.43746,-0.30745,0.827472,0.6380490000000001,-0.52977,1.176412,0.4255,-0.27797,1.2988819999999999,0.587649,-0.49194,0.857792,0.86374,-0.66297,1.272892,0.8050200000000001,-0.6682,0.940059,0.0022699999999999,-0.00654,1.059941,-0.0022699999999999,0.00654,0.887562,0.0073699999999999,-0.3823999999999999,1.238982,0.02863,-0.305,0.847802,-0.37388,-0.175182,1.195112,-0.35649,-0.137626
95,1.0480569999999998,0.610744,-0.314555,0.899256,0.4376649999999999,-0.308145,0.828186,0.639481,-0.529755,1.177126,0.4267249999999999,-0.278025,1.299706,0.5896399999999999,-0.4914949999999999,0.858326,0.8702449999999999,-0.663145,1.2741660000000001,0.8075349999999999,-0.6666850000000001,0.940172,0.0020749999999999,-0.0066149999999999,1.059828,-0.002075,0.0066149999999999,0.888336,0.0023849999999999,-0.3833149999999999,1.239786,0.0231649999999998,-0.306245,0.848026,-0.3795950000000001,-0.177943,1.1968860000000001,-0.362215,-0.142835
96,1.04808,0.6140110000000001,-0.31355,0.899577,0.437835,-0.30798,0.829047,0.642074,-0.52835,1.177837,0.428285,-0.2775499999999999,1.300397,0.593268,-0.49073,0.858877,0.875765,-0.66234,1.275367,0.8099350000000001,-0.66364,0.940261,0.0017949999999999,-0.0066599999999999,1.059739,-0.0017949999999999,0.0066599999999999,0.888607,-0.0041649999999999,-0.38356,1.240567,0.016315,-0.30737,0.848557,-0.3872649999999999,-0.179997,1.198787,-0.3695649999999999,-0.1478449999999999
97,1.0479044999999998,0.6180720000000001,-0.311685,0.8996405000000001,0.43822,-0.307045,0.8296304999999999,0.6454040000000001,-0.525845,1.1784305,0.42941,-0.276485,1.3010405,0.597375,-0.4891149999999999,0.8592505,0.88107,-0.659485,1.2762905,0.8157000000000001,-0.659165,0.9403135000000001,0.00173,-0.006605,1.0596865,-0.00173,0.006605,0.8882705,-0.0123299999999999,-0.383205,1.2407305,0.0077599999999999,-0.308455,0.8490005,-0.3969699999999999,-0.181464,1.2006904999999999,-0.37825,-0.152513
98,1.0474269999999999,0.6219790000000001,-0.309195,0.899151,0.43971,-0.305515,0.830051,0.64876,-0.522375,1.178801,0.43248,-0.2750249999999999,1.301711,0.602634,-0.485125,0.858961,0.8856200000000001,-0.6549349999999999,1.277081,0.82176,-0.654295,0.940374,0.0015,-0.006595,1.059626,-0.0014999999999999,0.0065949999999999,0.887181,-0.0224299999999999,-0.381575,1.240621,-0.0032299999999999,-0.309435,0.849311,-0.4094899999999999,-0.183097,1.203101,-0.3894999999999999,-0.156781
99,1.046496,0.626775,-0.30586,0.8981330000000001,0.4415559999999999,-0.30322,0.829853,0.6541899999999999,-0.51678,1.178763,0.4355139999999999,-0.27295,1.302663,0.6075849999999999,-0.48077,0.8580630000000001,0.89094,-0.6485000000000001,1.277053,0.82745,-0.64819,0.940433,0.0013599999999999,-0.00656,1.059567,-0.00136,0.00656,0.885163,-0.03322,-0.37898,1.239543,-0.01507,-0.30943,0.849193,-0.42325,-0.183543,1.204963,-0.40115,-0.160188
100,1.045483,0.63137,-0.301745,0.8969950000000001,0.442971,-0.300345,0.829575,0.6583600000000001,-0.5113650000000001,1.178725,0.437338,-0.270495,1.303845,0.61516,-0.476555,0.8570650000000001,0.89662,-0.641025,1.277095,0.83365,-0.6412150000000001,0.940434,0.0011299999999999,-0.006475,1.059566,-0.0011299999999999,0.006475,0.8825350000000001,-0.04452,-0.375255,1.238185,-0.0281899999999999,-0.309255,0.8492050000000001,-0.43835,-0.183798,1.207015,-0.4149899999999999,-0.163303
101,1.0442135,0.636425,-0.297115,0.8958295000000001,0.447763,-0.296185,0.8288195,0.662965,-0.505005,1.1781694999999999,0.441309,-0.266955,1.3035295,0.6219250000000001,-0.471775,0.8555395,0.901605,-0.632545,1.2768495,0.8382050000000001,-0.633175,0.9404825,0.0011749999999999,-0.006415,1.0595175000000001,-0.0011749999999999,0.0064149999999999,0.8796295,-0.0570249999999999,-0.370735,1.2362795,-0.042385,-0.308535,0.8490595,-0.455315,-0.18344,1.2085795,-0.430855,-0.165342
102,1.0429265,0.64141,-0.293015,0.8955045000000001,0.450283,-0.293025,0.8285245,0.66703,-0.498005,1.1775145,0.444333,-0.2640949999999999,1.3028845,0.62904,-0.466425,0.8540544999999999,0.90808,-0.624575,1.2763144999999998,0.84628,-0.624705,0.9405205,0.0008799999999999,-0.0064649999999999,1.0594795,-0.0008799999999999,0.0064649999999999,0.8768445,-0.06955,-0.365345,1.2338244999999999,-0.05688,-0.307235,0.8490645,-0.4728099999999999,-0.18303,1.2100345,-0.4479299999999999,-0.1670579999999999
103,1.0414124999999999,0.64669,-0.288405,0.8948575,0.451404,-0.289865,0.8272575,0.6716500000000001,-0.490365,1.1769975,0.446681,-0.2614849999999999,1.3015175,0.63514,-0.459715,0.8520775,0.9191,-0.615355,1.2751575,0.85233,-0.615885,0.9405715000000001,0.00087,-0.0064749999999999,1.0594284999999999,-0.0008699999999999,0.006475,0.8740574999999999,-0.0805199999999999,-0.359155,1.2307575,-0.07135,-0.305175,0.8490575,-0.4922099999999999,-0.1822059999999999,1.2109975,-0.46507,-0.1684059999999999
104,1.0404895,0.6514,-0.28362,0.8947615,0.455793,-0.28619,0.8261915,0.67469,-0.48235,1.1769915,0.4516409999999999,-0.25864,1.2999215,0.6427,-0.45194,0.8500115,0.92198,-0.60686,1.2737015,0.86027,-0.60595,0.9406075,0.0009,-0.00645,1.0593925,-0.0009,0.0064499999999999,0.8719915,-0.09277,-0.35323,1.2277915,-0.0868499999999999,-0.30249,0.8490615,-0.51309,-0.181462,1.2120115,-0.4837,-0.169274
105,1.039903,0.655815,-0.278775,0.8946600000000001,0.459107,-0.282985,0.8253900000000001,0.679455,-0.474435,1.17678,0.455354,-0.256075,1.29868,0.648615,-0.443785,0.84781,0.925125,-0.598125,1.27203,0.867495,-0.595575,0.940628,0.0010749999999999,-0.006395,1.059372,-0.0010749999999999,0.0063949999999999,0.8703,-0.1046949999999999,-0.346875,1.22485,-0.102415,-0.299415,0.84885,-0.5345449999999999,-0.181314,1.2128700000000001,-0.502375,-0.169795
106,1.03952,0.6599299999999999,-0.27362,0.894625,0.461924,-0.27948,0.824655,0.68241,-0.46617,1.176785,0.459933,-0.25313,1.2966149999999999,0.65479,-0.43481,0.845425,0.92757,-0.5889,1.271395,0.87271,-0.58364,0.940692,0.00089,-0.00626,1.059308,-0.00089,0.0062599999999999,0.869085,-0.11774,-0.34015,1.221925,-0.11802,-0.29495,0.8491850000000001,-0.55682,-0.18095,1.213765,-0.52205,-0.170013
107,1.039337,0.6651450000000001,-0.268425,0.894957,0.465817,-0.276225,0.824047,0.6891050000000001,-0.457895,1.176747,0.461633,-0.250045,1.2946170000000001,0.663045,-0.427255,0.8428270000000001,0.932555,-0.578955,1.269787,0.8827550000000001,-0.571705,0.94079,0.001145,-0.006165,1.05921,-0.0011449999999999,0.0061649999999999,0.868347,-0.1305549999999999,-0.332835,1.218567,-0.1334249999999999,-0.289175,0.849497,-0.578705,-0.180554,1.214077,-0.542735,-0.17008
108,1.039136,0.668415,-0.262245,0.895736,0.468815,-0.273235,0.823646,0.694625,-0.449685,1.176836,0.462055,-0.247075,1.292776,0.670675,-0.419435,0.8404860000000001,0.939345,-0.5693349999999999,1.268246,0.891475,-0.5606949999999999,0.940923,0.001385,-0.0061549999999999,1.059077,-0.0013849999999999,0.0061549999999999,0.868026,-0.1434549999999999,-0.324945,1.2155960000000001,-0.1486849999999999,-0.282975,0.850026,-0.6003649999999999,-0.180033,1.2143760000000001,-0.5641649999999999,-0.1700549999999999
109,1.038947,0.669825,-0.254895,0.896469,0.477975,-0.269685,0.823109,0.701265,-0.440905,1.177219,0.462245,-0.243175,1.292009,0.6746650000000001,-0.409305,0.839369,0.944665,-0.559845,1.2672189999999999,0.897005,-0.548045,0.941256,0.0025049999999999,-0.006135,1.058744,-0.0025049999999999,0.006135,0.867819,-0.1563049999999999,-0.3173749999999999,1.211909,-0.158065,-0.274935,0.850619,-0.621225,-0.179529,1.214689,-0.585235,-0.169747
110,1.03879,0.669355,-0.247085,0.89723,0.482445,-0.266475,0.82257,0.707865,-0.4314449999999999,1.17799,0.458375,-0.239208,1.2914299999999999,0.678965,-0.398645,0.8373200000000001,0.949705,-0.549645,1.2665199999999999,0.908895,-0.535795,0.941571,0.003035,-0.0059349999999999,1.058429,-0.0030349999999999,0.0059349999999999,0.86748,-0.1672349999999999,-0.308605,1.20849,-0.1669749999999999,-0.266695,0.8508100000000001,-0.639775,-0.178501,1.2147000000000001,-0.605055,-0.168856
111,1.0385695,0.667725,-0.2385239999999999,0.8983005,0.488375,-0.26352,0.8220505000000001,0.7153149999999999,-0.42261,1.1785705,0.454465,-0.2348319999999999,1.2911805,0.682955,-0.38837,0.8354905,0.952395,-0.53826,1.2656805,0.916965,-0.5241199999999999,0.9419285,0.003875,-0.0055299999999999,1.0580715,-0.003875,0.00553,0.8673105,-0.175835,-0.29928,1.2054105,-0.176205,-0.25848,0.8510605,-0.654965,-0.177252,1.2145105,-0.624465,-0.167517
112,1.0384665,0.6614150000000001,-0.227971,0.8994845,0.494065,-0.258855,0.8213645,0.723565,-0.412725,1.1796645,0.460345,-0.228692,1.2911845,0.690175,-0.377715,0.8329745,0.956505,-0.526245,1.2647545,0.923075,-0.510885,0.9423475,0.003755,-0.005275,1.0576525,-0.003755,0.005275,0.8673145,-0.189305,-0.288595,1.2022145,-0.188695,-0.2484549999999999,0.8511545,-0.672875,-0.174318,1.2137945,-0.6470049999999999,-0.164517
113,1.038334,0.654405,-0.217155,0.90068,0.496175,-0.254955,0.8209299999999999,0.732615,-0.403835,1.18093,0.463605,-0.2227409999999999,1.29047,0.699605,-0.368345,0.83033,0.966725,-0.5130250000000001,1.2637,0.929855,-0.497735,0.942802,0.0036249999999999,-0.0050049999999999,1.057198,-0.003625,0.005005,0.86744,-0.200305,-0.2778049999999999,1.19893,-0.198295,-0.2382349999999999,0.85093,-0.687485,-0.1719939999999999,1.21285,-0.666025,-0.161488
114,1.038223,0.6491800000000001,-0.2063259999999999,0.903514,0.49874,-0.2505799999999999,0.821194,0.73875,-0.39372,1.182274,0.46981,-0.2168399999999999,1.289404,0.7107700000000001,-0.3589,0.827364,0.97675,-0.4997399999999999,1.2629039999999998,0.93845,-0.48536,0.943223,0.00318,-0.0047299999999999,1.056777,-0.0031799999999999,0.00473,0.867704,-0.2087799999999999,-0.26582,1.195334,-0.2067399999999999,-0.227648,0.8504039999999999,-0.6986399999999999,-0.169205,1.2117040000000001,-0.68367,-0.1583699999999999
115,1.0375885,0.6431199999999999,-0.194991,0.9026625,0.50038,-0.2459549999999999,0.8209124999999999,0.7449600000000001,-0.382075,1.1829325,0.47617,-0.210051,1.2877325,0.7219199999999999,-0.349175,0.8239425,0.98655,-0.486775,1.2621725,0.9467,-0.473145,0.9440515,0.0027899999999999,-0.0045549999999999,1.0559485,-0.00279,0.004555,0.8676625,-0.21605,-0.253255,1.1914225,-0.21436,-0.2167569999999999,0.8492525,-0.70834,-0.165818,1.2095225,-0.69977,-0.153854
116,1.037071,0.6408,-0.1835379999999999,0.9015810000000001,0.5001599999999999,-0.2406249999999999,0.8207610000000001,0.74705,-0.369835,1.1834609999999999,0.48407,-0.2030209999999999,1.286721,0.72995,-0.339925,0.8208610000000001,0.99321,-0.474935,1.261681,0.95049,-0.460345,0.944744,0.00202,-0.0044149999999999,1.055256,-0.0020199999999999,0.004415,0.8681610000000001,-0.2232699999999999,-0.239775,1.186641,-0.2182799999999999,-0.2040469999999999,0.848141,-0.71734,-0.1621889999999999,1.206981,-0.7109099999999999,-0.1491569999999999
117,1.036211,0.637475,-0.171658,0.900189,0.499035,-0.233685,0.820419,0.748275,-0.356095,1.183619,0.491055,-0.19442,1.285269,0.738355,-0.328295,0.817549,0.996905,-0.460415,1.260079,0.955145,-0.444615,0.945411,0.001695,-0.004845,1.054589,-0.001695,0.0048449999999999,0.868609,-0.231345,-0.224755,1.181719,-0.223465,-0.190394,0.846799,-0.726985,-0.156879,1.203749,-0.722515,-0.14241
118,1.0357805,0.636015,-0.160995,0.8990175,0.493515,-0.22612,0.8202175,0.7505649999999999,-0.34225,1.1839674999999998,0.499175,-0.186745,1.2839075,0.7483249999999999,-0.31767,0.8145675,1.005035,-0.44528,1.2589375,0.962745,-0.43008,0.9460925,0.0005549999999999,-0.0055,1.0539075,-0.0005549999999999,0.0055,0.8694575,-0.2388549999999999,-0.210119,1.1777675,-0.232925,-0.178416,0.8456975,-0.7358450000000001,-0.151456,1.2006275,-0.731625,-0.135629
119,1.035488,0.63594,-0.150332,0.8975740000000001,0.48971,-0.2184849999999999,0.819654,0.75228,-0.328075,1.184334,0.5091100000000001,-0.1795439999999999,1.282884,0.75942,-0.306315,0.811884,1.01431,-0.430525,1.258684,0.97221,-0.415205,0.946963,-0.0002199999999999,-0.006205,1.053037,0.0002199999999999,0.006205,0.871474,-0.24582,-0.195213,1.173614,-0.24064,-0.166063,0.844884,-0.7438400000000001,-0.144602,1.197474,-0.7378,-0.1288
120,1.0349514999999998,0.63651,-0.1408665,0.8955705,0.48427,-0.2106475,0.8179305,0.75289,-0.3129375,1.1844305,0.51907,-0.1721855,1.2813705,0.77032,-0.2937475,0.8093605,1.02424,-0.4158075,1.2579004999999999,0.98198,-0.4000875,0.9475755,-0.00107,-0.0069125,1.0524245,0.00107,0.0069124999999999,0.8727805,-0.25163,-0.1814155,1.1686405,-0.24731,-0.1535955,0.8440705,-0.75054,-0.1378035,1.1939705,-0.74258,-0.1214215
121,1.0343155,0.6425050000000001,-0.1330815,0.8938524999999999,0.481925,-0.2032295,0.8160725,0.752815,-0.2988695,1.1838325,0.521655,-0.1657675,1.2805225,0.7771649999999999,-0.2813995,0.8070125,1.028835,-0.4022394999999999,1.2563024999999999,0.993965,-0.3852595,0.9476325,-0.000885,-0.0075004999999999,1.0523675,0.0008849999999999,0.0075005,0.8740125,-0.253075,-0.1686855,1.1634025000000001,-0.249585,-0.1431895,0.8431525,-0.752705,-0.1324275,1.1862025,-0.7300150000000001,-0.1113745
122,1.033405,0.6505270000000001,-0.1214605,0.891246,0.482487,-0.1891785,0.813766,0.755447,-0.2804505,1.183196,0.523847,-0.1538595,1.279156,0.7795970000000001,-0.2640705,0.8045059999999999,1.029247,-0.3856205,1.254966,1.003507,-0.3665505,0.947502,-0.000492,-0.0077865,1.052498,0.0004919999999999,0.0077865,0.874866,-0.255213,-0.1523255,1.157586,-0.252803,-0.1299035,0.841886,-0.7554130000000001,-0.1228345,1.178246,-0.7182230000000001,-0.0971435
123,1.0317215,0.6603305,-0.1021379999999999,0.8873085,0.4875305,-0.164655,0.8106685000000001,0.7532605,-0.256016,1.1819985,0.5242905,-0.131108,1.2768885,0.7745905,-0.239806,0.8013985,1.0273505,-0.3602959999999999,1.2527185,1.0001905,-0.339906,0.9465425,8.049999999999724e-05,-0.0077189999999999,1.0534575,-8.049999999999724e-05,0.007719,0.8758985,-0.2689495,-0.130214,1.1502685,-0.2661894999999999,-0.1102099999999999,0.8393585,-0.7690395,-0.106122,1.1690885,-0.7163295,-0.074472
124,1.0302345,0.6706774999999999,-0.0831455,0.8838515,0.4937975,-0.1411704999999999,0.8080115,0.7526475,-0.2332405,1.1808415,0.5237475,-0.1094074999999999,1.2744515,0.7693774999999999,-0.2151604999999999,0.7983415,1.0267075,-0.3356605,1.2505315000000001,0.9994975,-0.3147005,0.9455215,0.0008095,-0.0076174999999999,1.0544785,-0.0008094999999999,0.0076174999999999,0.8769215,-0.2811625,-0.1088835,1.1433915,-0.2786524999999999,-0.0920085,0.8370215,-0.7810925,-0.0893294999999999,1.1604215,-0.7137325,-0.0526834999999999
125,1.0288025,0.6760514999999999,-0.06487,0.8804965,0.5011615,-0.118196,0.8054765,0.7527315,-0.211832,1.1797065,0.5234615,-0.088381,1.2723865,0.7637714999999999,-0.191642,0.7955265,1.0272615,-0.311892,1.2484565,0.9984115,-0.290382,0.9445425,0.0017435,-0.007528,1.0554575,-0.0017434999999999,0.007528,0.8777065,-0.2921785,-0.090951,1.1378565,-0.2919285,-0.076364,0.8350665000000002,-0.7921085,-0.072242,1.1521765,-0.7122885,-0.031229
126,1.0275555,0.683605,-0.0476595,0.8739985,0.510185,-0.0956465,0.8019585000000001,0.753675,-0.1926925,1.1786885,0.524905,-0.0683215,1.2702885,0.7586149999999999,-0.1699225,0.7930985,1.028495,-0.2905725,1.2469985000000001,0.997585,-0.2672225,0.9435895000000001,0.0021389999999999,-0.0068994999999999,1.0564105,-0.002139,0.0068994999999999,0.8784385000000001,-0.301345,-0.0749915,1.1324785,-0.303435,-0.0617375,0.8326685,-0.803125,-0.0557695,1.1431585,-0.708785,-0.0097775
127,1.0266205,0.6916209999999999,-0.0311845,0.8710315000000001,0.5178809999999999,-0.0747605,0.7984815000000001,0.752991,-0.1746575,1.1779515,0.526361,-0.0484605,1.2688815,0.7530009999999999,-0.1496775,0.7910815,1.027071,-0.2706375,1.2459615,0.996041,-0.2459175,0.9425985000000001,0.002551,-0.0061225,1.0574014999999999,-0.002551,0.0061224999999999,0.8793315,-0.310529,-0.0596295,1.1278215,-0.314779,-0.0471975,0.8305515,-0.814389,-0.0393325,1.1346415,-0.7052590000000001,0.0118384999999999
128,1.025707,0.6997755,-0.0145624999999999,0.868175,0.5255555000000001,-0.0540395,0.795105,0.7522255000000001,-0.1578225,1.177245,0.5258855,-0.0284955,1.267535,0.7469655000000001,-0.1306725,0.789105,1.0256455,-0.2516325,1.244995,0.9885155,-0.2258225,0.94163,0.0029145,-0.0053365,1.05837,-0.0029145,0.0053365,0.879025,-0.3220045,-0.0448785,1.123605,-0.3267545,-0.0338625,0.828645,-0.8274144999999999,-0.0231124999999999,1.126405,-0.7025545,0.0335984999999999
129,1.024925,0.708104,0.0018145,0.865487,0.533314,-0.0336515,0.791927,0.751254,-0.1419295,1.176677,0.525414,-0.0088694999999999,1.266467,0.740654,-0.1126694999999999,0.787247,1.024224,-0.2338495,1.244107,0.980934,-0.2067695,0.940731,0.003257,-0.0045854999999999,1.059269,-0.0032569999999999,0.0045855,0.878777,-0.3332859999999999,-0.0304124999999999,1.1200269999999999,-0.338216,-0.0209465,0.826507,-0.840106,-0.0066524999999999,1.119947,-0.700476,0.0523485
130,1.0241385,0.715146,0.0179165,0.8630595,0.540076,-0.0144135,0.7890195,0.749036,-0.1270015,1.1761895,0.527096,0.0102435,1.2659095,0.733106,-0.0958715,0.7855795,1.021276,-0.2180115,1.2433895,0.970886,-0.1894915,0.9399355000000001,0.0035319999999999,-0.0037794999999999,1.0600645,-0.003532,0.0037794999999999,0.8785295,-0.344254,-0.0162775,1.1170395,-0.349174,-0.0086634999999999,0.8244295,-0.852814,0.0092625,1.1172095,-0.710444,0.0684434999999999
131,1.023652,0.720717,0.0296024999999999,0.861367,0.543967,-0.0014555,0.786697,0.742977,-0.1164465,1.175947,0.529347,0.0236484999999999,1.266157,0.724917,-0.0839865,0.784277,1.016957,-0.2083965,1.243597,0.961467,-0.1777865,0.939372,0.0034719999999999,-0.0032635,1.060628,-0.003472,0.0032634999999999,0.878617,-0.352453,-0.0077135,1.114967,-0.359143,-0.0012235,0.8228170000000001,-0.8624229999999999,0.0205524999999999,1.114907,-0.719793,0.0801865
132,1.0240235,0.721437,0.033362,0.8611385,0.543967,0.000703,0.7860485,0.742977,-0.11431,1.1762584999999999,0.529347,0.026233,1.2675185,0.724917,-0.0808099999999999,0.7839885,1.016957,-0.20678,1.2451984999999999,0.961467,-0.17603,0.9393345,0.0034719999999999,-0.003125,1.0606655,-0.003472,0.003125,0.8786285,-0.352453,-0.007462,1.1149485,-0.359603,-0.002118,0.8223985,-0.862433,0.023831,1.1137685,-0.719793,0.0838329999999999
133,1.0243425,0.721707,0.036739,0.8608835,0.543967,0.003235,0.7845735,0.742977,-0.1119439999999999,1.1766334999999999,0.529347,0.028962,1.2698035,0.724917,-0.078634,0.7837835,1.016957,-0.205094,1.2489735,0.960137,-0.174064,0.9392885,0.0034719999999999,-0.0029869999999999,1.0607115,-0.003472,0.002987,0.8788035,-0.352453,-0.0077839999999999,1.1148235,-0.360313,-0.0029089999999999,0.8218835,-0.8620129999999999,0.026636,1.1121435,-0.719913,0.087976
134,1.024625,0.721707,0.0400649999999999,0.860577,0.543967,0.0059419999999999,0.7814570000000001,0.742977,-0.110185,1.177077,0.529347,0.0316539999999999,1.2734670000000001,0.724917,-0.076745,0.782967,1.016957,-0.203705,1.254877,0.955327,-0.172015,0.9391980000000001,0.0034719999999999,-0.002822,1.0608019999999998,-0.003472,0.0028219999999999,0.878987,-0.352453,-0.007971,1.1147070000000001,-0.361333,-0.003182,0.821657,-0.861393,0.0294929999999999,1.110597,-0.7199829999999999,0.0919929999999999
135,1.024985,0.7231464999999999,0.0439195,0.8603270000000001,0.5432564999999999,0.0087395,0.776447,0.7397864999999999,-0.1084385,1.177667,0.5290965,0.0342055,1.278667,0.7216064999999999,-0.0748784999999999,0.780187,1.0091965,-0.2055285,1.260177,0.9491265,-0.1706385,0.939238,0.0034995,-0.0026194999999999,1.060762,-0.0034995,0.0026195,0.8790870000000001,-0.3523934999999999,-0.0079454999999999,1.114857,-0.3613535,-0.0030694999999999,0.821277,-0.8619335,0.0330995,1.109207,-0.7185435,0.0956985
136,1.0253615,0.7250595,0.047453,0.8597585,0.5419795000000001,0.011548,0.7692485,0.7319495,-0.106846,1.1783185,0.5284595,0.03673,1.2857585,0.7161095000000001,-0.072306,0.7761185000000002,0.9969095,-0.209006,1.2667885,0.9420995,-0.171626,0.9392675,0.0034885,-0.002512,1.0607325,-0.0034885,0.002512,0.8791985,-0.3523604999999999,-0.0078439999999999,1.1150484999999999,-0.3613405,-0.0030099999999999,0.8209885,-0.8619805,0.036528,1.1093085,-0.7168605,0.096991
137,1.025772,0.7272865000000001,0.0507274999999999,0.858943,0.5406765,0.0144954999999999,0.7607130000000001,0.7216665,-0.1054605,1.179043,0.5272465000000001,0.0390755,1.294633,0.7086865,-0.0697005,0.771123,0.9796965,-0.2150004999999999,1.274153,0.9337565,-0.1753905,0.939306,0.0035315,-0.0024195,1.060694,-0.0035315,0.0024194999999999,0.879273,-0.3523535,-0.0073995,1.115243,-0.3613735,-0.0027315,0.8209029999999999,-0.8616135,0.0390094999999999,1.109443,-0.7151435,0.0980765
138,1.026214,0.730123,0.0537675,0.8580690000000001,0.538423,0.0174145,0.748579,0.7033429999999999,-0.1055145,1.179819,0.525253,0.0412485,1.3061989999999999,0.691083,-0.0671445,0.7653090000000001,0.949493,-0.2253244999999999,1.284969,0.916103,-0.1845345,0.9393320000000001,0.003555,-0.0023764999999999,1.060668,-0.0035549999999999,0.0023765,0.879319,-0.352317,-0.0069594999999999,1.115419,-0.361287,-0.0025074999999999,0.821359,-0.8583270000000001,0.0403945,1.109589,-0.713757,0.1008355
139,1.026666,0.732875,0.0565899999999999,0.8570710000000001,0.535635,0.0200879999999999,0.736701,0.678565,-0.104758,1.1807509999999999,0.523005,0.0432409999999999,1.317141,0.667265,-0.064968,0.7593210000000001,0.911075,-0.2381479999999999,1.299321,0.883215,-0.1953679999999999,0.939361,0.003587,-0.00237,1.060639,-0.003587,0.0023699999999999,0.8793610000000001,-0.3521849999999999,-0.006457,1.115671,-0.361185,-0.002341,0.8214810000000001,-0.855255,0.041422,1.1108509999999998,-0.713575,0.1011209999999999
140,1.0271005,0.736079,0.0591424999999999,0.8562155,0.532909,0.0220254999999999,0.7265055,0.647989,-0.1032555,1.1816355,0.5202990000000001,0.0444694999999999,1.3259455,0.6381290000000001,-0.0629555,0.7531355,0.868859,-0.2497755,1.3131255,0.844229,-0.1994855,0.9393735,0.003574,-0.0023405,1.0606265,-0.003574,0.0023404999999999,0.8793455,-0.3520709999999999,-0.0059595,1.1160955,-0.3610009999999999,-0.0020935,0.8214655000000001,-0.851801,0.0420235,1.1122355,-0.713121,0.1010175
141,1.027505,0.7395365,0.0612075,0.855388,0.5294065,0.0235325,0.719258,0.6118665000000001,-0.0998295,1.182498,0.5176265,0.0452045,1.3329879999999998,0.6053565000000001,-0.0612895,0.746408,0.8114765,-0.2554295,1.327698,0.7894965,-0.2013994999999999,0.939358,0.0035565,-0.0022864999999999,1.060642,-0.0035564999999999,0.0022864999999999,0.879348,-0.3519535,-0.0056584999999999,1.1166179999999999,-0.3608035,-0.0018325,0.821758,-0.8476634999999999,0.0426685,1.112368,-0.7121934999999999,0.1027945
142,1.027972,0.7431385,0.062679,0.854598,0.5260385,0.024283,0.713608,0.5719685,-0.0892419999999999,1.1833479999999998,0.5148885,0.045486,1.335708,0.5676785,-0.0556219999999999,0.739058,0.7408285,-0.2558319999999999,1.3352680000000001,0.7310785,-0.205512,0.9393230000000001,0.0035405,-0.0022249999999999,1.0606769999999999,-0.0035404999999999,0.002225,0.879358,-0.3518615,-0.0055349999999999,1.117288,-0.3605915,-0.0016629999999999,0.822288,-0.8423715,0.043139,1.1125180000000001,-0.7109415,0.10445
143,1.028437,0.7466499999999999,0.0635555,0.8540170000000001,0.52272,0.0242725,0.7112670000000001,0.5314,-0.0771424999999999,1.184227,0.51176,0.0455545,1.335687,0.5274599999999999,-0.0478435,0.732387,0.66985,-0.2563025,1.339637,0.65967,-0.2052025,0.939306,0.003608,-0.0022205,1.060694,-0.003608,0.0022205,0.8793370000000001,-0.35169,-0.0053925,1.118017,-0.36046,-0.0016055,0.822687,-0.8376600000000001,0.0435555,1.112547,-0.7099300000000001,0.1061275
144,1.0289455,0.7501145,0.063598,0.8535915000000001,0.5198545,0.024249,0.7105315000000001,0.4904445,-0.0638219999999999,1.1849915,0.5085945000000001,0.045616,1.3351715,0.4869345,-0.037731,0.7297615,0.5897645,-0.256482,1.3425715,0.5889345,-0.204982,0.9392455,0.0035845,-0.0022189999999999,1.0607545,-0.0035844999999999,0.002219,0.8793015,-0.3516255,-0.0051069999999999,1.1188015,-0.3602455,-0.0015429999999999,0.8231115,-0.8330355,0.043832,1.1127515,-0.7091255,0.106148
145,1.0294635,0.7534785,0.063635,0.8534835000000001,0.5174385,0.024241,0.7097534999999999,0.4499285,-0.0500979999999999,1.1856735,0.5057285,0.045664,1.3345734999999999,0.4457985,-0.026517,0.7294235,0.5052985,-0.248878,1.3427735,0.5095385,-0.204968,0.9391915,0.0036004999999999,-0.0022229999999999,1.0608085,-0.0036004999999999,0.002223,0.8792235,-0.3515014999999999,-0.0046749999999999,1.1195735,-0.3599914999999999,-0.0014799999999999,0.8236435,-0.8279415,0.044152,1.1130235,-0.7086715,0.108413
146,1.0299185,0.756772,0.063616,0.8535605000000002,0.514892,0.024195,0.7088905,0.409582,-0.0353569999999999,1.1861805,0.503482,0.045437,1.3338705,0.404792,-0.014151,0.7285604999999999,0.4202519999999999,-0.234226,1.3426505,0.422652,-0.200756,0.9391275000000001,0.0035589999999999,-0.0021699999999999,1.0608724999999999,-0.0035589999999999,0.0021699999999999,0.8791805,-0.351418,-0.004193,1.1202805,-0.359728,-0.0014129999999999,0.8241405000000002,-0.823168,0.044308,1.1122705,-0.708318,0.111773
147,1.030335,0.759245,0.0634545,0.853712,0.513105,0.0234144999999999,0.710602,0.375425,-0.0190765,1.186672,0.502095,0.0446395,1.329692,0.370975,0.0001804999999999,0.727152,0.344405,-0.2116425,1.341772,0.344215,-0.1855425,0.939051,0.003556,-0.0021155,1.060949,-0.0035559999999999,0.0021154999999999,0.879192,-0.351325,-0.0038215,1.120992,-0.359535,-0.0013445,0.824612,-0.819585,0.0442075,1.111682,-0.707895,0.1148744999999999
148,1.0307555,0.761524,0.062422,0.8539095,0.511734,0.022152,0.7159694999999999,0.345234,-0.0011079999999999,1.1870595,0.501254,0.043317,1.3221695,0.340554,0.015597,0.7263395,0.273594,-0.183154,1.3392995,0.273334,-0.163754,0.9389685,0.003495,-0.0020709999999999,1.0610315,-0.0034949999999999,0.002071,0.8790395,-0.351306,-0.0035379999999999,1.1216095,-0.3593159999999999,-0.001146,0.8250295,-0.816536,0.044061,1.1132795,-0.706906,0.112247
149,1.0311785,0.7634105,0.0606255,0.8541195,0.5104305,0.0202235,0.7239995,0.3192905,0.0174485,1.1874495,0.5009105,0.0413915,1.3114595,0.3144105,0.0318555,0.7276195,0.2042205,-0.1478605,1.3332295,0.2061905,-0.1343504999999999,0.9388965,0.0034655,-0.0020405,1.0611035,-0.0034655,0.0020405,0.8789095000000001,-0.3512495,-0.0033354999999999,1.1221394999999998,-0.3591495,-0.0010615,0.8251695,-0.8143895,0.0437575,1.1141994999999998,-0.7064095,0.1121475
150,1.0316405,0.7649425,0.05796,0.8544095,0.5097225,0.017699,0.7362095,0.2986325,0.035193,1.1879095,0.5008325,0.039145,1.2963995,0.2910825,0.04806,0.7312795000000001,0.1501325,-0.1061,1.3212095,0.1527525,-0.09589,0.9388765,0.0034584999999999,-0.0020159999999999,1.0611234999999999,-0.0034585,0.0020159999999999,0.8788195,-0.3511875,-0.003164,1.1226195,-0.3590175,-0.0010119999999999,0.8253395,-0.8123975,0.043515,1.1158595,-0.7059875,0.109576
151,1.0320619999999998,0.766174,0.0547115,0.8547560000000001,0.509094,0.0149935,0.749046,0.282434,0.0465305,1.188366,0.500914,0.0367045,1.2815459999999999,0.274114,0.0607255,0.7367859999999999,0.110262,-0.0579074999999999,1.3051059999999999,0.105469,-0.0576975,0.938865,0.0034249999999999,-0.0019915,1.061135,-0.0034249999999999,0.0019915,0.878706,-0.351156,-0.0029635,1.122976,-0.358896,-0.0010155,0.825516,-0.810966,0.0432995,1.1162459999999998,-0.7064360000000001,0.1094735
152,1.0324535,0.767111,0.0510495,0.8550645,0.508611,0.0124675,0.7602645,0.268511,0.0573905,1.1887444999999999,0.501431,0.0346994999999999,1.2684845,0.260861,0.0722595,0.7393745,0.070964,-0.0107815,1.2891145,0.074511,-0.0225365,0.9388595,0.0033499999999999,-0.0019615,1.0611405,-0.0033499999999999,0.0019614999999999,0.8785745000000001,-0.351179,-0.0028085,1.1232445,-0.358769,-0.0011045,0.8259245,-0.810029,0.0435565,1.1171545,-0.707239,0.1093705
153,1.0327955,0.767767,0.047164,0.8553175,0.508217,0.010269,0.7683575,0.257317,0.067756,1.1889975,0.501957,0.032913,1.2576375,0.249627,0.082183,0.7412775,0.046636,0.029299,1.2731175,0.043632,0.011541,0.9388825,0.0033009999999999,-0.001965,1.0611175,-0.003301,0.001965,0.8784475,-0.351163,-0.0026969999999999,1.1234075,-0.358683,-0.0011709999999999,0.8260075,-0.809803,0.04347,1.1215775,-0.709033,0.103157
154,1.033186,0.768207,0.04331,0.855541,0.507907,0.008375,0.774501,0.249737,0.077036,1.189321,0.502537,0.031293,1.251131,0.241257,0.089888,0.7443409999999999,0.032284,0.053248,1.2639809999999998,0.021786,0.041093,0.9389419999999999,0.003289,-0.002001,1.061058,-0.003289,0.0020009999999999,0.878361,-0.351133,-0.0026569999999999,1.123531,-0.358643,-0.00123,0.826301,-0.808873,0.0437629999999999,1.124711,-0.710733,0.0992349999999999
155,1.033552,0.7685839999999999,0.0396445,0.855665,0.507894,0.0068695,0.778085,0.244784,0.0826345,1.189725,0.502914,0.0298525,1.246955,0.234984,0.0948634999999999,0.744895,0.021942,0.0664085,1.257295,0.009987,0.0608395,0.939006,0.003222,-0.0020114999999999,1.060994,-0.0032219999999999,0.0020114999999999,0.8782850000000001,-0.351166,-0.0026974999999999,1.123645,-0.358566,-0.0012855,0.8263950000000001,-0.808486,0.0439355,1.127905,-0.712256,0.0952375
156,1.0338225,0.768878,0.0364525,0.8556395,0.508038,0.0058214999999999,0.7791195,0.242498,0.0841915,1.1901294999999998,0.503208,0.0287724999999999,1.2460895,0.231768,0.0957575,0.7448095,0.015675,0.0689275,1.2541495,0.0041169999999999,0.0670475,0.9390645,0.003179,-0.0020115,1.0609355,-0.003179,0.0020114999999999,0.8781895,-0.351172,-0.0027465,1.1237395000000001,-0.358532,-0.0014305,0.8263895,-0.808352,0.0437184999999999,1.1331794999999998,-0.714302,0.0873465
157,1.0339595,0.7690365,0.033714,0.8555475000000001,0.5080665,0.004963,0.7792175,0.2425764999999999,0.083933,1.1903975,0.5034165,0.027955,1.2461875,0.2313265,0.095499,0.7449075000000001,0.0122894999999999,0.068669,1.2542475,0.0037214999999999,0.066789,0.9391075,0.0031874999999999,-0.0019669999999999,1.0608925,-0.0031875,0.001967,0.8780775,-0.3511335,-0.002811,1.1238575,-0.3585335,-0.0016559999999999,0.8261075,-0.8085735000000001,0.043326,1.1383375,-0.7164735,0.079836
158,1.0340505,0.7691760000000001,0.0312415,0.8554035,0.508086,0.0042845,0.7793235000000001,0.2427659999999999,0.0834895,1.1906835,0.503936,0.0273585,1.2462935,0.231516,0.0950555,0.7450135,0.0124789999999999,0.0682255,1.2543535000000001,0.0039109999999999,0.0663455,0.9391395,0.0031839999999999,-0.0018834999999999,1.0608605,-0.0031839999999999,0.0018835,0.8779335,-0.351124,-0.0027574999999999,1.1239835,-0.358504,-0.0020174999999999,0.8258635,-0.808554,0.0428325,1.1428135,-0.7182139999999999,0.0734195
159,1.034034,0.7693285000000001,0.029337,0.855217,0.5081085,0.0036549999999999,0.779397,0.2429684999999999,0.082879,1.191007,0.5045085,0.026765,1.246367,0.2317185,0.094445,0.744477,0.0126814999999999,0.067571,1.254427,0.0041134999999999,0.065735,0.939128,0.0031494999999999,-0.0017549999999999,1.060872,-0.0031494999999999,0.0017549999999999,0.877737,-0.3511315,-0.0027159999999999,1.124057,-0.3584815,-0.002457,0.825507,-0.8088615,0.04218,1.145967,-0.7193415,0.068671
160,1.033987,0.7695135000000001,0.0278065,0.85503,0.5082535,0.0028445,0.7787999999999999,0.2432234999999999,0.0805925,1.19135,0.5050935,0.0259925,1.24731,0.2319735,0.0920565,0.74109,0.0129365,0.0600285,1.25497,0.0043685,0.0625565,0.939117,0.0030475,-0.0016064999999999,1.060883,-0.0030474999999999,0.0016065,0.87744,-0.3511665,-0.0026084999999999,1.12412,-0.3583865,-0.0029584999999999,0.82508,-0.8089765,0.0415205,1.15207,-0.7309365,0.0615045
161,1.0339385,0.7697155,0.026602,0.8548655000000001,0.5084455,0.0018999999999999,0.7769555,0.2456855,0.075328,1.1916955,0.5056155,0.025084,1.2500855,0.2333354999999999,0.086289,0.7375855,0.0155534999999999,0.0422779999999999,1.2591855,0.0070954999999999,0.049654,0.9390905,0.0029155,-0.0014419999999999,1.0609095,-0.0029155,0.0014419999999999,0.8770755000000001,-0.3511545,-0.0019259999999999,1.1241955,-0.3582645,-0.003359,0.8247055,-0.8086745000000001,0.040401,1.1555255,-0.7319045000000001,0.057221
162,1.0339375,0.7699370000000001,0.025478,0.8546905,0.508797,0.00101,0.7745205,0.248887,0.06752,1.1919905,0.505987,0.024041,1.2548105,0.236887,0.078025,0.7334905,0.0242,0.021181,1.2657305,0.0144419999999999,0.029746,0.9390725,0.0027739999999999,-0.0012269999999999,1.0609275,-0.002774,0.001227,0.8767305,-0.351163,-0.001298,1.1243205,-0.358123,-0.0037589999999999,0.8242805,-0.808303,0.039172,1.1580705,-0.741633,0.0555
163,1.0340005,0.7702225,0.0242574999999999,0.8544925000000001,0.5091825,0.0003444999999999,0.7717425,0.2518325,0.0575554999999999,1.1922525,0.5064025,0.0231124999999999,1.2602525,0.2421425,0.0675534999999999,0.7280925,0.0322095,-0.0052765,1.2735825,0.0241494999999999,0.0058254999999999,0.9390305000000001,0.0026295,-0.0009725,1.0609695,-0.0026295,0.0009724999999999,0.8764125,-0.3511975,-0.0007585,1.1244525,-0.3579775,-0.0041605,0.8239325,-0.8078875000000001,0.0378875,1.1606125,-0.7513875000000001,0.0536624999999999
164,1.0341375,0.7704975,0.0230115,0.8543125,0.5095375,-0.0001774999999999,0.7691625,0.2541575,0.0456355,1.1925125,0.5068475,0.0221915,1.2660524999999998,0.2483675,0.0550195,0.7252624999999999,0.0424424999999999,-0.0359515,1.2822624999999999,0.0353425,-0.0248305,0.9389915,0.0024954999999999,-0.0007515,1.0610085,-0.0024955,0.0007515,0.8761325000000001,-0.3512324999999999,-0.0002595,1.1246025,-0.3578325,-0.0045214999999999,0.8237225,-0.8066625000000001,0.0365675,1.1613225,-0.7514325000000001,0.0524305
165,1.034284,0.770757,0.021956,0.854206,0.509877,-0.000736,0.7669460000000001,0.256257,0.032387,1.192736,0.5072369999999999,0.021311,1.271206,0.2549369999999999,0.041324,0.723386,0.052278,-0.066452,1.289596,0.048008,-0.055567,0.938957,0.002381,-0.000557,1.061043,-0.002381,0.000557,0.875916,-0.351283,0.0001169999999999,1.124746,-0.357713,-0.0048769999999999,0.8234260000000001,-0.8055329999999999,0.03529,1.161896,-0.751473,0.051162
166,1.0343845,0.7709115,0.021384,0.8542065,0.5102114999999999,-0.0012769999999999,0.7642565,0.2582615,0.016438,1.1929565,0.5074815,0.02052,1.2753465,0.2619715,0.028229,0.7239665,0.0620015,-0.0980619999999999,1.2948564999999999,0.0638395,-0.083412,0.9389065,0.0022664999999999,-0.0004139999999999,1.0610935,-0.0022665,0.000414,0.8757465000000001,-0.3513385,0.000386,1.1248965,-0.3575985,-0.0052209999999999,0.8234965,-0.8042185,0.034105,1.1620465,-0.7514185,0.049882
167,1.0344475,0.770982,0.021186,0.8542525,0.510452,-0.001582,0.7627524999999999,0.259762,0.0017939999999999,1.1931525,0.507592,0.019961,1.2783625,0.268802,0.0167319999999999,0.7260225,0.073521,-0.126226,1.2982725,0.079629,-0.108876,0.9388515,0.0021979999999999,-0.0003389999999999,1.0611485,-0.002198,0.0003389999999999,0.8756225,-0.351338,0.0005449999999999,1.1250224999999998,-0.357528,-0.005471,0.8233625,-0.803448,0.032581,1.1622025,-0.751408,0.048846
168,1.0345345,0.7710595,0.02132,0.8543195,0.5106895,-0.0017799999999999,0.7619795,0.2601894999999999,-0.0109259999999999,1.1933894999999999,0.5076295,0.019636,1.2804195,0.2753795,0.007586,0.7276695,0.0822675,-0.148662,1.2999795,0.0942845,-0.1307019999999999,0.9387965000000001,0.0021604999999999,-0.000313,1.0612035,-0.0021605,0.000313,0.8755595,-0.3513405,0.000625,1.1251695,-0.3574705,-0.005689,0.8231295,-0.8031105000000001,0.031227,1.1623195,-0.7510604999999999,0.04792
169,1.0346605,0.7710685,0.0217745,0.8543605,0.5108685,-0.0017754999999999,0.7616505,0.2604585,-0.0217384999999999,1.1936505,0.5075284999999999,0.0195085,1.2819305,0.2775885,0.0002845,0.7290605,0.0906484999999999,-0.1676365,1.3012804999999998,0.1029165,-0.1484565,0.9387455,0.0021655,-0.0003194999999999,1.0612545,-0.0021654999999999,0.0003195,0.8756205000000001,-0.3513415,0.0003795,1.1253005,-0.3574715,-0.0058874999999999,0.8228905,-0.8037115,0.0300605,1.1642005,-0.7608115,0.0471575
170,1.034791,0.7708630000000001,0.0224285,0.854364,0.510953,-0.0015734999999999,0.761784,0.260673,-0.0309964999999999,1.193984,0.507063,0.0196135,1.282984,0.2785229999999999,-0.0049014999999999,0.7350140000000001,0.096082,-0.1806015,1.302244,0.107596,-0.1617215,0.938719,0.0021969999999999,-0.0003454999999999,1.061281,-0.002197,0.0003455,0.875684,-0.3513969999999999,-0.0001754999999999,1.125414,-0.3574969999999999,-0.0062694999999999,0.822704,-0.804177,0.0290855,1.166624,-0.775067,0.0450925
171,1.03494,0.7706325,0.0232375,0.854355,0.5110125,-0.0011564999999999,0.7618950000000001,0.2616225,-0.0326995,1.194335,0.5064925,0.0199405,1.283165,0.2812025,-0.0075225,0.741385,0.0989895,-0.1866895,1.302645,0.1119624999999999,-0.1674095,0.938709,0.0022425,-0.0004315,1.061291,-0.0022425,0.0004315,0.875695,-0.3514475,-0.0004434999999999,1.125445,-0.3575475,-0.0065355,0.8225150000000001,-0.8049575,0.0284624999999999,1.166625,-0.7754475,0.0448155
172,1.0351665,0.7704075,0.0241545,0.8543925,0.5110475,-0.0006345,0.7619025,0.2620475,-0.0329195,1.1947225,0.5058875,0.0203605,1.2832225,0.2829775,-0.0084155,0.7493025,0.0991045,-0.1887585,1.3008325,0.1128695,-0.1686585,0.9387065,0.0022904999999999,-0.0005005,1.0612935000000001,-0.0022905,0.0005005,0.8757125,-0.3515125,-0.0005114999999999,1.1254525,-0.3576025,-0.0066044999999999,0.8225325,-0.8058025,0.0280634999999999,1.1688225,-0.7903025,0.0427914999999999
173,1.035479,0.770128,0.0252135,0.854468,0.511078,-9.15000000000013e-05,0.761898,0.261888,-0.0329855,1.195178,0.505288,0.0208765,1.283218,0.283698,-0.0084155,0.756528,0.099825,-0.1882485,1.297118,0.11359,-0.1689185,0.938702,0.002339,-0.0005005,1.061298,-0.002339,0.0005005,0.875858,-0.351562,-0.0009535,1.125458,-0.357652,-0.0066034999999999,0.822558,-0.804452,0.0276595,1.1710180000000001,-0.805182,0.0408395
174,1.035861,0.7698425,0.0260014999999999,0.8546180000000001,0.5110625,0.0002785,0.765048,0.2608425,-0.0327765,1.195678,0.5047425,0.0212185,1.2817479999999999,0.2844025,-0.0085195,0.763718,0.1000035,-0.1877385,1.292838,0.1142945,-0.1692285,0.938702,0.0023844999999999,-0.0005005,1.061298,-0.0023844999999999,0.0005005,0.876098,-0.3516275,-0.0015884999999999,1.125478,-0.3577175,-0.0066594999999999,0.822798,-0.8037475,0.0276765,1.171418,-0.8103874999999999,0.0392555
175,1.036276,0.7696605,0.0265294999999999,0.854791,0.5110005,0.0005644999999999,0.768231,0.2598805,-0.0325205,1.196141,0.5042705,0.0214515,1.279861,0.2835505,-0.0086245,0.7705810000000001,0.0992214999999999,-0.1872125,1.288411,0.1150025,-0.1695125,0.938706,0.0024295,-0.0005305,1.061294,-0.0024295,0.0005304999999999,0.876121,-0.3516694999999999,-0.0022655,1.125471,-0.3577694999999999,-0.0067905,0.822771,-0.8030395,0.0272614999999999,1.171811,-0.8155595,0.0377544999999999
176,1.0367035,0.7694785,0.026971,0.8550425,0.5108185000000001,0.0007489999999999,0.7715625,0.2582685,-0.031503,1.1965525,0.5038585,0.02169,1.2775925,0.2811585,-0.0084189999999999,0.7761225,0.0924975,-0.183738,1.2832325,0.1091505,-0.164348,0.9387225,0.0024854999999999,-0.0006299999999999,1.0612775,-0.0024855,0.0006299999999999,0.8761025,-0.3516915,-0.002935,1.1254125,-0.3578415,-0.006939,0.8227325,-0.8041915000000001,0.027574,1.1739424999999999,-0.8304915,0.035696
177,1.037145,0.7693335,0.02739,0.85536,0.5105635000000001,0.001062,0.7749400000000001,0.2564935,-0.029751,1.1969400000000001,0.5035235,0.022007,1.27484,0.2780335,-0.0072829999999999,0.78079,0.0812215,-0.17718,1.2781,0.1013334999999999,-0.15655,0.938742,0.0025405,-0.0007209999999999,1.061258,-0.0025405,0.0007209999999999,0.87603,-0.3516565,-0.0035509999999999,1.12534,-0.3579065,-0.007078,0.82241,-0.8049364999999999,0.027523,1.1742,-0.8359065,0.034281
178,1.037553,0.76922,0.0279154999999999,0.855618,0.51026,0.0015764999999999,0.779498,0.25412,-0.0243725,1.197268,0.5032800000000001,0.0225275,1.271838,0.27321,-0.0050155,0.783588,0.0695129999999999,-0.1621584999999999,1.273118,0.0866769999999999,-0.1448884999999999,0.938784,0.0026189999999999,-0.0008195,1.061216,-0.002619,0.0008194999999999,0.875958,-0.35158,-0.0045065,1.1252579999999999,-0.358,-0.0071585,0.821968,-0.81042,0.0273924999999999,1.1744379999999999,-0.84123,0.0331355
179,1.0379474999999998,0.7691195,0.0285805,0.8558395,0.5098395,0.0022294999999999,0.7834295,0.2512895,-0.0175735,1.1975095,0.5031995,0.0231815,1.2686595,0.2673295,-0.0015034999999999,0.7819995000000001,0.0577255,-0.1427295,1.2688595,0.0694925,-0.1306695,0.9388355,0.0027025,-0.0009525,1.0611645,-0.0027024999999999,0.0009525,0.8758695,-0.3514805,-0.0053295,1.1251495,-0.3581204999999999,-0.0072585,0.8223395,-0.8098305,0.0277835,1.1764795000000001,-0.8561705000000001,0.0315685
180,1.0383045,0.7690100000000001,0.029373,0.8560685,0.50933,0.002844,0.7865785000000001,0.2482,-0.0094919999999999,1.1977085,0.50317,0.023914,1.2654285,0.26071,0.003332,0.7801585,0.046484,-0.1201019999999999,1.2652385,0.050724,-0.113652,0.9389005,0.002785,-0.0010939999999999,1.0610995,-0.002785,0.001094,0.8760585,-0.3514199999999999,-0.0059039999999999,1.1250185,-0.35824,-0.0073849999999999,0.8229785000000001,-0.80917,0.027189,1.1764285,-0.8562299999999999,0.032083
181,1.0385995,0.768939,0.030082,0.8562495,0.508829,0.003408,0.7888895,0.245429,-0.000279,1.1979095,0.503189,0.024663,1.2622795,0.256079,0.009319,0.7781795,0.036246,-0.095726,1.2634295,0.036945,-0.093776,0.9389675,0.0028619999999999,-0.00121,1.0610325,-0.002862,0.00121,0.8762395000000001,-0.351301,-0.006182,1.1248695,-0.358351,-0.007445,0.8243495000000001,-0.808561,0.027242,1.1763495,-0.856261,0.032697
182,1.0387965,0.7689415000000001,0.0306994999999999,0.8563825,0.5083915,0.0038754999999999,0.7902425,0.2425415,0.0104574999999999,1.1981125,0.5031915,0.0253104999999999,1.2591525,0.2513815,0.0167944999999999,0.7751125,0.0259675,-0.0706825,1.2616325,0.0233655,-0.0725625,0.9390465,0.0028644999999999,-0.0013295,1.0609535,-0.0028644999999999,0.0013294999999999,0.8763625,-0.3512984999999999,-0.0062145,1.1246825,-0.3583985,-0.0073515,0.8264525,-0.8000585,0.0272525,1.1762225,-0.8562585,0.0333655
183,1.038936,0.7689415000000001,0.0310985,0.856426,0.5080215,0.0042565,0.789526,0.2402115,0.0158855,1.198276,0.5031915,0.0260115,1.257976,0.2479414999999999,0.0239555,0.770806,0.0169975,-0.0495385,1.259986,0.0119324999999999,-0.0541325,0.939111,0.0028644999999999,-0.0014194999999999,1.060889,-0.0028644999999999,0.0014195,0.876526,-0.3512984999999999,-0.0061354999999999,1.124426,-0.3583985,-0.0072304999999999,0.826546,-0.8001185,0.0278615,1.1758359999999999,-0.8562585,0.0341105
184,1.0390195,0.7689315,0.0313785,0.8564195,0.5077214999999999,0.0045655,0.7887795,0.2382214999999999,0.0218045,1.1984295,0.5031915,0.0267545,1.2571094999999999,0.2447814999999999,0.0314085,0.7670695000000001,0.0090095,-0.0310184999999999,1.2584295,0.0019815,-0.0369154999999999,0.9391795000000001,0.0028644999999999,-0.0015104999999999,1.0608205,-0.0028644999999999,0.0015105,0.8765195000000001,-0.3512984999999999,-0.0060124999999999,1.1241695,-0.3583985,-0.0071154999999999,0.8273495000000001,-0.8014785,0.0289175,1.1755095,-0.8562585,0.0349155
185,1.0390055,0.7688925,0.031319,0.8562745,0.5075325,0.0047439999999999,0.7880145000000001,0.2376924999999999,0.027715,1.1985545,0.5032525,0.0274729999999999,1.2562445,0.2422925,0.038729,0.7621344999999999,0.0049475,-0.016163,1.2587445,-0.0026685,-0.021649,0.9392465,0.0029234999999999,-0.001582,1.0607535,-0.0029235,0.001582,0.8765845,-0.3511875,-0.005825,1.1238945,-0.3584575,-0.007017,0.8272845,-0.8021775,0.031079,1.1751445,-0.8562675000000001,0.035879
186,1.039302,0.769216,0.0315779999999999,0.856509,0.506676,0.0049079999999999,0.788519,0.230566,0.042453,1.199269,0.503726,0.0280919999999999,1.251349,0.234576,0.0517599999999999,0.754849,0.0018589999999999,0.0195689999999999,1.256619,-0.023988,0.0039629999999999,0.939436,0.0031269999999999,-0.001869,1.060564,-0.003127,0.0018689999999999,0.874219,-0.350614,-0.006464,1.123739,-0.358694,-0.006941,0.826659,-0.793294,0.033301,1.174659,-0.856244,0.037244
187,1.0389445,0.7688955,0.0306489999999999,0.8558735,0.5065755000000001,0.0052409999999999,0.7843235,0.2312055,0.047212,1.1989135,0.5036255000000001,0.0289739999999999,1.2520835,0.2339855,0.0585479999999999,0.7507035000000001,0.0023545,0.0271329999999999,1.2602635,-0.0203335,0.0156959999999999,0.9393315,0.0031715,-0.001745,1.0606685,-0.0031715,0.0017449999999999,0.8774935,-0.3509645,-0.003846,1.1230435,-0.3588445,-0.00666,0.8402235,-0.7182145,0.0267209999999999,1.1749635,-0.8563845,0.036938
188,1.0386385,0.768849,0.0305505,0.8554425,0.506569,0.0055424999999999,0.7801625,0.233389,0.0520005,1.1987725,0.503559,0.0299115,1.2536425,0.234279,0.0655075,0.7445025000000001,-0.0041799999999999,0.0327625,1.2630525000000001,-0.0164529999999999,0.0249255,0.9393205,0.00314,-0.0016624999999999,1.0606795,-0.0031399999999999,0.0016625,0.8772525,-0.350921,-0.0033064999999999,1.1228325,-0.3588309999999999,-0.0063994999999999,0.8420825000000001,-0.717811,0.0318345,1.1751125,-0.856271,0.0379125
189,1.038089,0.76872,0.0302765,0.8547550000000002,0.50661,0.0057455,0.7761750000000001,0.23613,0.0555965,1.198485,0.5037,0.0305935,1.254705,0.23485,0.0683925,0.7409250000000001,-0.006536,0.0339795,1.2653050000000001,-0.015324,0.0282005,0.939368,0.0030649999999999,-0.0016204999999999,1.060632,-0.0030649999999999,0.0016205,0.876795,-0.35085,-0.0027944999999999,1.122325,-0.35882,-0.0062044999999999,0.842055,-0.71802,0.0307095,1.174285,-0.85621,0.0389165
190,1.037908,0.7682775000000001,0.030533,0.854459,0.5066275,0.0060699999999999,0.774519,0.2362475,0.056409,1.198359,0.5038075,0.031316,1.255569,0.2354775,0.070498,0.738039,0.0030615,0.033021,1.268379,-0.0122064999999999,0.029684,0.93927,0.0029655,-0.0015319999999999,1.06073,-0.0029655,0.0015319999999999,0.876619,-0.3508925,-0.002265,1.122159,-0.3587225,-0.0057079999999999,0.8205089999999999,-0.8074024999999999,0.036078,1.1739089999999999,-0.8560924999999999,0.039773
191,1.037703,0.768131,0.0298505,0.854174,0.506701,0.0061034999999999,0.773304,0.237541,0.0565675,1.198274,0.503941,0.0315855,1.257044,0.235821,0.0710145,0.735954,0.0077819999999999,0.0277874999999999,1.272574,-0.004948,0.0295754999999999,0.939164,0.0028779999999999,-0.0014855,1.0608360000000001,-0.0028779999999999,0.0014855,0.875814,-0.351209,-0.0056335,1.122004,-0.358659,-0.0055704999999999,0.824824,-0.818089,0.0601115,1.173704,-0.856029,0.0399454999999999
192,1.0376235,0.7682224999999999,0.029496,0.8539625,0.5069325,0.006059,0.7718725000000001,0.2391025,0.053413,1.1983825,0.5042925,0.03205,1.2593825,0.2370525,0.069538,0.7367225,0.0122314999999999,0.011731,1.2781625,0.0014644999999999,0.024347,0.9391155,0.0028204999999999,-0.0014629999999999,1.0608845,-0.0028205,0.001463,0.8756125,-0.3512375,-0.0055549999999999,1.1219025,-0.3586175,-0.0054789999999999,0.8194625,-0.8153675,0.047776,1.1743725,-0.8559475000000001,0.039694
