FrameNo, head_x,head_y,head_z,left_shoulder_x,left_shoulder_y,left_shoulder_z,left_elbow_x,left_elbow_y,left_elbow_z,right_shoulder_x,right_shoulder_y,right_shoulder_z,right_elbow_x,right_elbow_y,right_elbow_z,left_hand_x,left_hand_y,left_hand_z,right_hand_x,right_hand_y,right_hand_z,left_hip_x,left_hip_y,left_hip_z,right_hip_x,right_hip_y,right_hip_z,left_knee_x,left_knee_y,left_knee_z,right_knee_x,right_knee_y,right_knee_z,left_foot_x,left_foot_y,left_foot_z,right_foot_x,right_foot_y,right_foot_z
0,-0.01228,0.74318,-0.064004,-0.19282,0.48743,-0.051148,-0.24344,0.21524,-0.017473,0.15376,0.48595,-0.0709,0.21294,0.22296,-0.063722,-0.22958,-0.024598,-0.091972,0.20963,-0.021074,-0.14763,-0.080537,-0.004583,-0.034767,0.078391,-0.000605,-0.034128,-0.1116,-0.45466,0.008994,0.14524,-0.46106,-0.001829,-0.14495,-0.83391,0.05365,0.19389,-0.83528,0.019099
1,-0.012197,0.74314,-0.064111,-0.19286,0.48737,-0.051185,-0.24347,0.21522,-0.017482,0.1538,0.48597,-0.070804,0.21295,0.22296,-0.063695,-0.22956,-0.024718,-0.092116,0.20964,-0.021202,-0.14777,-0.080476,-0.004574,-0.034774,0.078451,-0.000605,-0.034088,-0.11161,-0.45473,0.00898,0.14526,-0.46032,-0.001962,-0.14474,-0.83316,0.053184,0.19401,-0.83454,0.018726
2,-0.01222,0.74302,-0.064099,-0.19284,0.48732,-0.051219,-0.24346,0.21522,-0.017488,0.15379,0.48597,-0.070803,0.21296,0.22308,-0.063744,-0.22935,-0.024994,-0.092136,0.20978,-0.020533,-0.14761,-0.080419,-0.004601,-0.034685,0.078469,-0.000598,-0.034064,-0.11149,-0.45459,0.009064,0.14552,-0.46077,-0.001813,-0.14445,-0.83346,0.053304,0.19421,-0.83478,0.018542
3,-0.012214,0.74299,-0.064123,-0.19281,0.48733,-0.051192,-0.24347,0.21542,-0.017398,0.1537,0.48631,-0.070641,0.21298,0.2233,-0.063508,-0.22934,-0.025087,-0.092256,0.20979,-0.020536,-0.14756,-0.080353,-0.004551,-0.03452,0.078557,-0.000466,-0.033735,-0.11152,-0.45467,0.009137,0.14551,-0.4599,-0.001708,-0.14446,-0.83346,0.053332,0.19418,-0.83505,0.01871
4,-0.012346,0.74285,-0.063968,-0.19273,0.48732,-0.051154,-0.24351,0.21536,-0.017149,0.1537,0.48621,-0.070536,0.21297,0.22335,-0.063342,-0.22921,-0.025576,-0.091798,0.20978,-0.02051,-0.14733,-0.080246,-0.00457,-0.034439,0.078656,-0.000456,-0.033582,-0.11134,-0.4543,0.009443,0.14562,-0.46049,-0.001327,-0.1445,-0.83365,0.05359,0.1942,-0.83508,0.018778
5,-0.012575,0.74264,-0.063951,-0.19282,0.4873,-0.050964,-0.24358,0.21522,-0.016585,0.1537,0.48631,-0.070255,0.21299,0.22337,-0.063325,-0.2293,-0.025497,-0.091965,0.20994,-0.020016,-0.14701,-0.080203,-0.004539,-0.03438,0.078732,-0.000355,-0.033438,-0.1117,-0.45591,0.0101,0.14568,-0.45955,-0.001291,-0.14466,-0.83462,0.053492,0.19412,-0.83505,0.019057
6,-0.012604,0.74268,-0.063955,-0.19285,0.48728,-0.050938,-0.24349,0.21531,-0.016429,0.15364,0.48644,-0.069998,0.21306,0.22329,-0.063154,-0.22942,-0.025082,-0.091621,0.21013,-0.019062,-0.14633,-0.08023,-0.004492,-0.03379,0.078705,-0.000205,-0.033066,-0.11177,-0.45594,0.010121,0.14567,-0.45914,-0.00107,-0.14455,-0.83433,0.053551,0.19403,-0.83386,0.018594
7,-0.016889,0.73915,-0.068344,-0.19426,0.48719,-0.049093,-0.24369,0.21604,-0.015728,0.15266,0.48672,-0.069284,0.21309,0.22438,-0.061033,-0.22964,-0.024336,-0.091072,0.20993,-0.018459,-0.14516,-0.080806,-0.004769,-0.030994,0.078191,-0.000486,-0.030689,-0.11171,-0.45537,0.010698,0.14563,-0.46146,0.000611,-0.14453,-0.83399,0.05355,0.194,-0.83558,0.018921
8,-0.019183,0.73692,-0.07101,-0.19494,0.48696,-0.048386,-0.24401,0.21638,-0.014989,0.15208,0.48687,-0.068786,0.21313,0.22503,-0.059705,-0.22973,-0.024042,-0.090678,0.20995,-0.017934,-0.14415,-0.081142,-0.004925,-0.029322,0.077888,-0.00057,-0.029184,-0.11184,-0.45533,0.01115,0.14566,-0.46169,0.001318,-0.14453,-0.83391,0.05357,0.194,-0.83563,0.018927
9,-0.022241,0.73392,-0.075341,-0.19629,0.48651,-0.047444,-0.24464,0.21687,-0.01368,0.15116,0.48688,-0.068305,0.21316,0.2257,-0.057886,-0.22984,-0.023532,-0.089935,0.20984,-0.017532,-0.14222,-0.081714,-0.00523,-0.026897,0.077317,-0.000658,-0.026946,-0.11209,-0.45524,0.011887,0.14545,-0.4621,0.00247,-0.14454,-0.8338,0.053679,0.19398,-0.83572,0.018979
10,-0.025856,0.73043,-0.080272,-0.19809,0.48604,-0.046417,-0.24548,0.21704,-0.012015,0.14989,0.48691,-0.067983,0.21308,0.22621,-0.055524,-0.23012,-0.023543,-0.088608,0.20955,-0.017532,-0.13966,-0.082591,-0.005563,-0.023717,0.076479,-0.000755,-0.024088,-0.11267,-0.45497,0.012894,0.14509,-0.46268,0.003836,-0.14459,-0.83365,0.053786,0.19389,-0.83583,0.019066
11,-0.030026,0.72657,-0.085966,-0.20021,0.48547,-0.045428,-0.24651,0.21704,-0.010031,0.14836,0.48691,-0.06757,0.21276,0.22677,-0.052864,-0.2306,-0.023588,-0.086654,0.20915,-0.017532,-0.13666,-0.083677,-0.005958,-0.020228,0.075436,-0.000876,-0.020927,-0.11338,-0.45466,0.014115,0.14455,-0.46343,0.005477,-0.14465,-0.83347,0.05392,0.19381,-0.83586,0.019151
12,-0.034909,0.72223,-0.092382,-0.2027,0.48475,-0.044758,-0.24792,0.21703,-0.007818,0.14629,0.48691,-0.067142,0.21212,0.2274,-0.050021,-0.23126,-0.023588,-0.084164,0.20863,-0.017532,-0.13278,-0.085028,-0.006401,-0.016334,0.074158,-0.001018,-0.01737,-0.11428,-0.45435,0.015518,0.14386,-0.46413,0.007168,-0.14473,-0.83315,0.054057,0.19374,-0.8359,0.019235
13,-0.041116,0.71682,-0.099812,-0.20649,0.4837,-0.04421,-0.25022,0.21703,-0.005103,0.14295,0.48691,-0.066579,0.21084,0.22792,-0.046561,-0.23252,-0.023652,-0.080301,0.20764,-0.017704,-0.12742,-0.087161,-0.006981,-0.011382,0.071954,-0.001221,-0.012537,-0.11562,-0.45381,0.017348,0.14267,-0.46492,0.009497,-0.14489,-0.83262,0.054259,0.19363,-0.83601,0.019304
14,-0.047179,0.7117,-0.10665,-0.21074,0.48247,-0.044048,-0.25318,0.21698,-0.002119,0.13923,0.48682,-0.06615,0.20889,0.22833,-0.043082,-0.23463,-0.023999,-0.075471,0.20639,-0.018092,-0.12168,-0.089635,-0.007625,-0.006344,0.069409,-0.001448,-0.007642,-0.11729,-0.45317,0.019525,0.14113,-0.46583,0.011669,-0.14518,-0.83208,0.054483,0.1935,-0.83608,0.019381
15,-0.053794,0.7066,-0.11361,-0.21578,0.48087,-0.043862,-0.2567,0.21661,0.000895,0.13475,0.48663,-0.06573,0.2064,0.22856,-0.039433,-0.23676,-0.024876,-0.070184,0.20486,-0.018467,-0.11566,-0.092384,-0.008319,-0.001452,0.066586,-0.001673,-0.002761,-0.11956,-0.45226,0.022056,0.13946,-0.46673,0.013881,-0.1455,-0.83151,0.054748,0.19335,-0.83613,0.019469
16,-0.061373,0.70169,-0.12021,-0.22227,0.47895,-0.043622,-0.26147,0.21566,0.003406,0.129,0.48617,-0.064877,0.20264,0.22876,-0.034805,-0.23994,-0.02655,-0.063725,0.20232,-0.019041,-0.10822,-0.096175,-0.009113,0.004003,0.062779,-0.001841,0.002805,-0.12259,-0.45129,0.025106,0.13733,-0.46767,0.016186,-0.1461,-0.83082,0.055343,0.19328,-0.83613,0.019523
17,-0.069313,0.69674,-0.12644,-0.22936,0.47683,-0.04336,-0.26677,0.21417,0.005645,0.12243,0.48572,-0.063795,0.19839,0.22896,-0.030002,-0.24364,-0.028664,-0.057368,0.19922,-0.019661,-0.10034,-0.10026,-0.009951,0.009371,0.058589,-0.001942,0.008472,-0.12582,-0.45031,0.02818,0.13503,-0.46855,0.018329,-0.14677,-0.83014,0.056013,0.19325,-0.8361,0.019581
18,-0.077004,0.69232,-0.13104,-0.23626,0.47471,-0.043437,-0.27272,0.21254,0.007136,0.11549,0.4853,-0.062536,0.19368,0.22909,-0.025149,-0.24828,-0.031269,-0.051743,0.19573,-0.020219,-0.092865,-0.1045,-0.010709,0.014225,0.054255,-0.002034,0.01368,-0.12922,-0.44947,0.031087,0.13285,-0.46931,0.019978,-0.14743,-0.82967,0.056654,0.19325,-0.8361,0.019583
19,-0.084948,0.68821,-0.13501,-0.2434,0.47242,-0.04369,-0.27943,0.21082,0.008096,0.10807,0.48487,-0.060986,0.18824,0.22925,-0.020088,-0.25488,-0.033654,-0.047849,0.1915,-0.02017,-0.085161,-0.10906,-0.011557,0.018755,0.049578,-0.002106,0.018722,-0.13273,-0.44874,0.033934,0.13062,-0.46971,0.02134,-0.14819,-0.82916,0.057345,0.19325,-0.83612,0.019583
20,-0.09254,0.68438,-0.13815,-0.25038,0.4702,-0.043908,-0.28662,0.20898,0.008617,0.10072,0.48442,-0.059334,0.18289,0.22931,-0.015093,-0.2625,-0.035925,-0.04514,0.18711,-0.020153,-0.077668,-0.11353,-0.012348,0.022945,0.044983,-0.002158,0.023518,-0.13621,-0.44787,0.036672,0.1286,-0.46999,0.022419,-0.14898,-0.82868,0.058039,0.19326,-0.83606,0.019583
21,-0.099335,0.68114,-0.14053,-0.25695,0.46819,-0.044311,-0.29395,0.20698,0.008888,0.09403,0.48405,-0.05766,0.178,0.22937,-0.010183,-0.27069,-0.037731,-0.04379,0.18279,-0.02014,-0.070675,-0.11758,-0.013078,0.026608,0.040781,-0.002171,0.027852,-0.1395,-0.44695,0.039157,0.12701,-0.47031,0.023333,-0.14977,-0.8283,0.058759,0.19333,-0.83599,0.01958
22,-0.10355,0.67898,-0.14133,-0.26097,0.46689,-0.044416,-0.30067,0.20539,0.009136,0.090009,0.4836,-0.05611,0.17506,0.22928,-0.005851,-0.27954,-0.037848,-0.043463,0.18059,-0.018941,-0.064564,-0.11985,-0.013689,0.028925,0.038622,-0.002221,0.03062,-0.14213,-0.44609,0.041163,0.12645,-0.47033,0.023631,-0.15054,-0.82795,0.05943,0.19392,-0.83599,0.019593
23,-0.10562,0.67748,-0.14149,-0.26327,0.46613,-0.044331,-0.30644,0.2042,0.009349,0.087904,0.48314,-0.054622,0.17345,0.22911,-0.0018,-0.28809,-0.037848,-0.043147,0.17978,-0.018876,-0.06,-0.12095,-0.014131,0.030567,0.037552,-0.002242,0.032714,-0.144,-0.44551,0.042567,0.12645,-0.47061,0.023866,-0.15115,-0.82781,0.060099,0.19487,-0.83599,0.019598
24,-0.10562,0.67671,-0.14149,-0.26348,0.46601,-0.044323,-0.31034,0.20398,0.009201,0.087783,0.48273,-0.053006,0.17357,0.22889,0.001364,-0.29707,-0.037848,-0.042815,0.17992,-0.018816,-0.05619,-0.1209,-0.014395,0.031838,0.037615,-0.00227,0.034436,-0.14453,-0.4453,0.043437,0.12646,-0.47082,0.02409,-0.15169,-0.82778,0.06074,0.19623,-0.83598,0.019599
25,-0.10562,0.67663,-0.14149,-0.26348,0.46601,-0.044323,-0.31155,0.20398,0.008473,0.087829,0.48241,-0.051756,0.17364,0.22886,0.003185,-0.30463,-0.037611,-0.044009,0.17997,-0.018429,-0.054826,-0.12089,-0.014437,0.032261,0.037638,-0.002299,0.035049,-0.14452,-0.44525,0.043629,0.12647,-0.47064,0.024315,-0.15189,-0.82778,0.061055,0.19847,-0.83593,0.019555
26,-0.10562,0.67663,-0.14149,-0.26347,0.46601,-0.04407,-0.31156,0.20398,0.00832,0.087854,0.48207,-0.051093,0.17365,0.22878,0.003637,-0.30941,-0.036343,-0.047015,0.17997,-0.018429,-0.054826,-0.12088,-0.014437,0.03246,0.037638,-0.002325,0.035049,-0.14452,-0.44519,0.043629,0.12677,-0.47064,0.024539,-0.15204,-0.82778,0.061113,0.20098,-0.83593,0.019503
27,-0.1055,0.67663,-0.14102,-0.26345,0.46601,-0.043364,-0.31155,0.20398,0.008407,0.087861,0.48171,-0.050898,0.17375,0.22862,0.003634,-0.31169,-0.033402,-0.05093,0.17999,-0.018429,-0.054827,-0.12078,-0.014437,0.032556,0.037774,-0.002365,0.035044,-0.14452,-0.4451,0.043629,0.12781,-0.47054,0.024826,-0.1521,-0.82778,0.061115,0.20358,-0.83591,0.019512
28,-0.10252,0.67663,-0.13979,-0.2607,0.46647,-0.042451,-0.31155,0.20528,0.008407,0.090357,0.48132,-0.050991,0.17646,0.22851,0.003534,-0.31187,-0.028582,-0.055657,0.18267,-0.018429,-0.054926,-0.11844,-0.014437,0.032669,0.039958,-0.002456,0.034964,-0.14387,-0.4448,0.043604,0.12992,-0.47023,0.024956,-0.15215,-0.82802,0.061117,0.20633,-0.83578,0.019615
29,-0.09521,0.67727,-0.13825,-0.25426,0.46743,-0.041181,-0.30926,0.20727,0.008322,0.096988,0.48086,-0.051236,0.18285,0.22807,0.003297,-0.31203,-0.022752,-0.060119,0.18864,-0.018536,-0.055655,-0.1135,-0.014224,0.032957,0.044862,-0.002582,0.034626,-0.14167,-0.44473,0.042812,0.13378,-0.4693,0.025001,-0.1523,-0.82834,0.061123,0.20933,-0.83559,0.019741
30,-0.085793,0.67823,-0.13664,-0.24574,0.46896,-0.039473,-0.30464,0.20965,0.008328,0.10573,0.48044,-0.051558,0.19111,0.22749,0.002451,-0.31215,-0.016123,-0.06334,0.19653,-0.019364,-0.058168,-0.10729,-0.013842,0.033192,0.050997,-0.002763,0.034006,-0.13888,-0.44459,0.041465,0.13874,-0.46801,0.025029,-0.15247,-0.82861,0.060832,0.21233,-0.8354,0.019997
31,-0.073838,0.67943,-0.13512,-0.23479,0.47076,-0.037595,-0.29764,0.21215,0.008982,0.11661,0.47984,-0.052277,0.20226,0.22671,-0.000198,-0.31088,-0.009963,-0.064888,0.20702,-0.019605,-0.0626,-0.099415,-0.013245,0.032956,0.058779,-0.003006,0.032857,-0.13542,-0.44407,0.038962,0.1445,-0.46659,0.02515,-0.15265,-0.82861,0.060288,0.21499,-0.83517,0.020373
32,-0.060327,0.68088,-0.13363,-0.2224,0.4727,-0.035766,-0.28864,0.2147,0.010095,0.1289,0.47928,-0.053409,0.21468,0.22586,-0.003596,-0.30704,-0.003921,-0.065946,0.21959,-0.018886,-0.068074,-0.090464,-0.012569,0.032632,0.067713,-0.00322,0.031547,-0.13181,-0.44332,0.0357,0.15063,-0.46474,0.025198,-0.15287,-0.8287,0.059579,0.21734,-0.83492,0.020782
33,-0.045708,0.68224,-0.13213,-0.20879,0.47466,-0.033802,-0.2782,0.21736,0.011414,0.14209,0.47873,-0.054624,0.22821,0.22591,-0.008048,-0.30087,0.001564,-0.06696,0.23425,-0.016669,-0.07554,-0.081174,-0.011774,0.032163,0.077018,-0.003418,0.030196,-0.12821,-0.44209,0.03167,0.15672,-0.46287,0.025274,-0.15338,-0.82897,0.058535,0.21933,-0.83469,0.021275
34,-0.030353,0.68373,-0.13111,-0.19519,0.47626,-0.03225,-0.26716,0.21997,0.011431,0.15536,0.47845,-0.055696,0.24316,0.22593,-0.01448,-0.2945,0.006042,-0.069241,0.25107,-0.016669,-0.086605,-0.072153,-0.010783,0.031516,0.086026,-0.003598,0.029073,-0.12481,-0.44077,0.027771,0.16304,-0.46022,0.025254,-0.15469,-0.82931,0.057251,0.22061,-0.83445,0.021727
35,-0.015981,0.68492,-0.13022,-0.18239,0.47752,-0.031152,-0.25985,0.22248,0.010689,0.16763,0.47829,-0.056187,0.25835,0.22593,-0.021741,-0.29453,0.009231,-0.071426,0.2685,-0.016669,-0.098353,-0.063764,-0.00981,0.030748,0.094519,-0.003755,0.028014,-0.12177,-0.43987,0.025569,0.16895,-0.45672,0.025036,-0.15647,-0.82964,0.056086,0.2217,-0.83413,0.02217
36,-0.003032,0.68594,-0.12904,-0.1707,0.47854,-0.030311,-0.25646,0.22471,0.010291,0.17878,0.47813,-0.056465,0.27334,0.22641,-0.029281,-0.2946,0.011926,-0.073236,0.28815,-0.016669,-0.11209,-0.056434,-0.008964,0.030048,0.10191,-0.003906,0.027016,-0.11942,-0.43934,0.024108,0.174,-0.4534,0.024849,-0.15871,-0.83,0.054997,0.2228,-0.83378,0.022679
37,0.008003,0.68699,-0.12784,-0.16098,0.47943,-0.029601,-0.25574,0.22702,0.010137,0.18789,0.47801,-0.056769,0.28754,0.22829,-0.037548,-0.29466,0.014374,-0.074695,0.30816,-0.011519,-0.12693,-0.050808,-0.00823,0.02961,0.10779,-0.003987,0.026096,-0.11743,-0.43873,0.023047,0.17809,-0.45038,0.024698,-0.16136,-0.83029,0.054138,0.22369,-0.83347,0.023114
38,0.014468,0.68847,-0.12536,-0.15539,0.48017,-0.029089,-0.25581,0.23093,0.008345,0.19297,0.47801,-0.056957,0.29911,0.23187,-0.046132,-0.29494,0.01993,-0.082292,0.32832,0.002017,-0.1455,-0.048027,-0.007599,0.029119,0.11066,-0.003987,0.025308,-0.11694,-0.43793,0.02296,0.1801,-0.44801,0.024601,-0.16446,-0.83069,0.053574,0.22429,-0.83293,0.023555
39,0.01866,0.69014,-0.12204,-0.1522,0.48068,-0.028722,-0.25597,0.23633,0.003786,0.19562,0.47801,-0.057055,0.30929,0.2375,-0.055586,-0.29822,0.02792,-0.093209,0.34829,0.020165,-0.16567,-0.046966,-0.007014,0.028434,0.11206,-0.003987,0.024242,-0.11694,-0.43729,0.02296,0.18066,-0.44599,0.024277,-0.16766,-0.83103,0.053353,0.22485,-0.8324,0.023858
40,0.019284,0.69243,-0.1178,-0.15219,0.4813,-0.028371,-0.2562,0.24341,-0.002307,0.19563,0.47804,-0.056798,0.31754,0.24525,-0.065222,-0.30517,0.041516,-0.10702,0.3674,0.043086,-0.1874,-0.047008,-0.006519,0.02728,0.11201,-0.003987,0.022965,-0.11694,-0.43729,0.022933,0.18063,-0.44427,0.023709,-0.17098,-0.83135,0.053446,0.22531,-0.83194,0.024034
41,0.019472,0.69528,-0.1127,-0.15218,0.48206,-0.028069,-0.2607,0.25328,-0.01094,0.19567,0.47834,-0.055762,0.32501,0.25514,-0.075884,-0.3176,0.059775,-0.12349,0.38574,0.071708,-0.21123,-0.047063,-0.006058,0.025802,0.11195,-0.003867,0.02123,-0.11694,-0.43729,0.022912,0.1806,-0.44305,0.022904,-0.17409,-0.83152,0.053561,0.2257,-0.83152,0.024105
42,0.019685,0.69821,-0.10694,-0.15217,0.48308,-0.027908,-0.27102,0.26491,-0.023308,0.19572,0.47897,-0.054215,0.33185,0.26768,-0.086645,-0.33678,0.081462,-0.14424,0.40265,0.10774,-0.23579,-0.047138,-0.005581,0.023777,0.11188,-0.003544,0.019375,-0.11719,-0.43729,0.023213,0.18057,-0.44166,0.021889,-0.17691,-0.83155,0.053665,0.22607,-0.83111,0.024153
43,0.019945,0.70203,-0.099894,-0.15276,0.48458,-0.027886,-0.28397,0.28088,-0.036,0.19569,0.48044,-0.052007,0.33621,0.2885,-0.10088,-0.36054,0.11801,-0.16829,0.41516,0.1575,-0.26247,-0.04843,-0.004843,0.020998,0.11069,-0.002479,0.017095,-0.11844,-0.43738,0.024309,0.17983,-0.44101,0.020547,-0.17897,-0.83171,0.053741,0.22639,-0.83067,0.024158
44,0.018405,0.70638,-0.092314,-0.15519,0.48636,-0.027797,-0.30058,0.29931,-0.049933,0.19395,0.48227,-0.049375,0.34037,0.31383,-0.11522,-0.38695,0.16149,-0.19658,0.42354,0.21492,-0.28668,-0.051321,-0.003853,0.017647,0.10791,-0.001193,0.014597,-0.12001,-0.43775,0.02595,0.1784,-0.44059,0.019313,-0.18057,-0.832,0.053937,0.2267,-0.83048,0.024146
45,0.015115,0.71089,-0.084712,-0.1594,0.48836,-0.02772,-0.31898,0.32331,-0.066487,0.19067,0.48465,-0.046642,0.34157,0.34058,-0.12813,-0.41612,0.21155,-0.22652,0.42818,0.27758,-0.30718,-0.055059,-0.002621,0.014209,0.10422,0.000418,0.012183,-0.12173,-0.43867,0.028314,0.17631,-0.44018,0.017833,-0.18181,-0.83247,0.054528,0.22695,-0.8303,0.024137
46,0.00937,0.71551,-0.077049,-0.16529,0.49046,-0.027674,-0.34062,0.34662,-0.081897,0.1854,0.48774,-0.044016,0.34234,0.36636,-0.1398,-0.44269,0.26905,-0.25204,0.42872,0.34362,-0.3207,-0.059823,-0.001175,0.01073,0.099428,0.002329,0.009723,-0.12363,-0.43996,0.030486,0.17314,-0.43984,0.016189,-0.18267,-0.83298,0.055369,0.22718,-0.83018,0.024128
47,0.002152,0.71987,-0.07001,-0.17212,0.49283,-0.02792,-0.36112,0.37382,-0.095577,0.17938,0.49178,-0.042033,0.34205,0.40037,-0.1493,-0.46077,0.33733,-0.2693,0.42846,0.41526,-0.32762,-0.065086,0.000737,0.007206,0.094,0.004677,0.006998,-0.12596,-0.44103,0.031018,0.16949,-0.44002,0.014512,-0.18312,-0.83336,0.056009,0.22739,-0.83017,0.023992
48,-0.00516,0.72417,-0.063553,-0.17936,0.49558,-0.02814,-0.3787,0.40369,-0.10677,0.17312,0.49635,-0.040359,0.34177,0.43693,-0.1568,-0.47458,0.40965,-0.28022,0.4284,0.48867,-0.32931,-0.07027,0.002795,0.0039,0.088551,0.007298,0.004341,-0.12845,-0.4418,0.03111,0.16604,-0.44013,0.012973,-0.18349,-0.83363,0.056524,0.2275,-0.83017,0.023757
49,-0.012363,0.72823,-0.057451,-0.18637,0.4988,-0.028499,-0.39438,0.43768,-0.11736,0.16753,0.50222,-0.039099,0.34157,0.47768,-0.16239,-0.48472,0.48557,-0.28658,0.4284,0.5666,-0.32931,-0.074903,0.005252,0.000515,0.083398,0.010364,0.001502,-0.13103,-0.44255,0.031205,0.16288,-0.44018,0.011606,-0.18379,-0.83389,0.056811,0.2276,-0.83015,0.023484
50,-0.018662,0.73172,-0.052275,-0.19227,0.50205,-0.028966,-0.40527,0.47251,-0.12464,0.16285,0.50862,-0.038427,0.3414,0.51783,-0.16598,-0.49156,0.56136,-0.28884,0.42574,0.64025,-0.32921,-0.078847,0.007999,-0.002854,0.079001,0.013534,-0.00133,-0.13331,-0.44312,0.031289,0.1602,-0.44028,0.010375,-0.18406,-0.83427,0.056975,0.22768,-0.83022,0.023153
51,-0.024335,0.7352,-0.047722,-0.19723,0.50514,-0.029493,-0.4109,0.50741,-0.12786,0.15946,0.51504,-0.038227,0.34077,0.55729,-0.16767,-0.49267,0.63394,-0.2888,0.42053,0.70874,-0.32902,-0.081842,0.010691,-0.006,0.075251,0.016691,-0.004278,-0.13511,-0.44337,0.031061,0.15796,-0.4405,0.009231,-0.18428,-0.8346,0.057093,0.22774,-0.83036,0.022831
52,-0.028165,0.73779,-0.044505,-0.20009,0.50803,-0.030136,-0.41494,0.53988,-0.13045,0.1577,0.52107,-0.038161,0.33948,0.59019,-0.16762,-0.49267,0.69541,-0.2888,0.41376,0.76422,-0.32624,-0.083535,0.013059,-0.008703,0.07304,0.019309,-0.00706,-0.1361,-0.44337,0.030367,0.15635,-0.44061,0.008251,-0.18435,-0.83499,0.057099,0.22773,-0.83051,0.022547
53,-0.031104,0.73998,-0.041957,-0.20227,0.51101,-0.030928,-0.41639,0.57208,-0.13186,0.15652,0.52702,-0.038118,0.33734,0.61949,-0.16754,-0.49267,0.75049,-0.2888,0.40525,0.81143,-0.31907,-0.08458,0.015269,-0.01125,0.071412,0.021736,-0.009817,-0.13684,-0.44337,0.029321,0.155,-0.44062,0.007252,-0.18441,-0.83537,0.057101,0.22772,-0.83066,0.022349
54,-0.033401,0.74224,-0.039421,-0.20367,0.51421,-0.032018,-0.41685,0.59931,-0.13184,0.156,0.53292,-0.038099,0.33414,0.6477,-0.16742,-0.49246,0.79998,-0.28317,0.39539,0.85581,-0.30571,-0.085217,0.017439,-0.013826,0.070227,0.023989,-0.01274,-0.13738,-0.44337,0.028111,0.15408,-0.4407,0.006444,-0.18441,-0.83556,0.057101,0.22772,-0.83091,0.022147
55,-0.035055,0.74439,-0.037183,-0.20456,0.51755,-0.033071,-0.41685,0.6267,-0.13184,0.15599,0.53831,-0.03846,0.33056,0.67656,-0.16317,-0.48992,0.84128,-0.27335,0.3858,0.89195,-0.28647,-0.085522,0.019443,-0.016233,0.069382,0.025992,-0.015498,-0.13772,-0.44328,0.026935,0.15351,-0.4407,0.005843,-0.18441,-0.83573,0.057101,0.22768,-0.83117,0.022015
56,-0.03559,0.74634,-0.035623,-0.20471,0.52078,-0.033876,-0.41685,0.64879,-0.13184,0.15597,0.54284,-0.039046,0.3262,0.69574,-0.15783,-0.4859,0.86849,-0.25869,0.37854,0.91536,-0.26785,-0.085594,0.020997,-0.018191,0.0691,0.027569,-0.017778,-0.13776,-0.44309,0.025735,0.15329,-0.4407,0.005347,-0.18441,-0.8359,0.057061,0.22758,-0.83135,0.022
57,-0.035789,0.74818,-0.034288,-0.20475,0.52355,-0.034794,-0.41678,0.66652,-0.13012,0.15594,0.54694,-0.039746,0.32362,0.71047,-0.15307,-0.48023,0.88942,-0.24209,0.3721,0.93259,-0.25053,-0.085663,0.022362,-0.020062,0.069025,0.028885,-0.01982,-0.1378,-0.44293,0.02454,0.15316,-0.44086,0.004866,-0.18435,-0.83605,0.056909,0.22746,-0.83153,0.021953
58,-0.035759,0.74977,-0.03349,-0.20478,0.52581,-0.035668,-0.41362,0.67859,-0.12855,0.15609,0.54984,-0.040428,0.32109,0.71906,-0.14854,-0.4758,0.90133,-0.22747,0.36783,0.94077,-0.23777,-0.085705,0.023329,-0.021187,0.068975,0.029784,-0.021159,-0.13784,-0.44267,0.023445,0.15314,-0.44118,0.004412,-0.18423,-0.8362,0.056747,0.22731,-0.83174,0.021907
59,-0.035744,0.75135,-0.033071,-0.20481,0.52801,-0.036557,-0.40784,0.68739,-0.12584,0.15683,0.55228,-0.041098,0.31899,0.72674,-0.14478,-0.47197,0.90934,-0.21446,0.36415,0.94832,-0.2264,-0.085461,0.024129,-0.021658,0.068954,0.030508,-0.021744,-0.13775,-0.44232,0.022409,0.15313,-0.44158,0.003934,-0.18412,-0.83624,0.056622,0.22717,-0.83198,0.021866
60,-0.035744,0.75277,-0.033071,-0.20454,0.53015,-0.037422,-0.40213,0.69449,-0.12316,0.15791,0.55428,-0.041766,0.31749,0.73273,-0.14216,-0.46855,0.91702,-0.20445,0.3616,0.95696,-0.21769,-0.085008,0.024807,-0.021674,0.069022,0.03111,-0.02178,-0.13749,-0.44192,0.021444,0.15311,-0.44183,0.003423,-0.18402,-0.83624,0.056483,0.22705,-0.83236,0.021826
61,-0.035386,0.75283,-0.033084,-0.20375,0.53101,-0.038407,-0.39687,0.6989,-0.12127,0.15918,0.55471,-0.042518,0.31645,0.73679,-0.14158,-0.4652,0.92099,-0.19747,0.35927,0.96553,-0.21189,-0.084294,0.024807,-0.021701,0.069539,0.03111,-0.021799,-0.13754,-0.44143,0.020317,0.15318,-0.44188,0.002567,-0.18387,-0.83624,0.056319,0.22694,-0.83275,0.021806
62,-0.034793,0.75283,-0.033106,-0.20268,0.53101,-0.039611,-0.394,0.69999,-0.12138,0.16053,0.55471,-0.043412,0.31578,0.73886,-0.14155,-0.4615,0.92365,-0.19238,0.35757,0.97373,-0.20842,-0.083346,0.024807,-0.021736,0.07037,0.03111,-0.02183,-0.13759,-0.44101,0.018919,0.1535,-0.44188,0.001095,-0.18388,-0.83624,0.056137,0.22687,-0.83311,0.021791
63,-0.033941,0.75283,-0.033206,-0.20154,0.53101,-0.0409,-0.39182,0.69999,-0.12146,0.16178,0.55471,-0.044596,0.3155,0.73886,-0.14154,-0.45796,0.92408,-0.19202,0.35653,0.97373,-0.20838,-0.082334,0.024807,-0.021522,0.071352,0.03111,-0.021866,-0.13767,-0.44028,0.016687,0.15414,-0.44188,-0.001157,-0.18389,-0.83613,0.055741,0.22685,-0.83345,0.021763
64,-0.032777,0.75283,-0.035067,-0.20014,0.53101,-0.042912,-0.38925,0.69999,-0.12155,0.16293,0.55471,-0.04693,0.31525,0.73886,-0.14153,-0.45366,0.92408,-0.19218,0.35548,0.97373,-0.20834,-0.080718,0.024703,-0.01952,0.07311,0.03105,-0.020432,-0.13804,-0.43943,0.011934,0.15551,-0.44188,-0.005945,-0.18392,-0.83598,0.055017,0.22685,-0.83387,0.021701
65,-0.031386,0.75117,-0.037566,-0.19865,0.5305,-0.045383,-0.38651,0.69999,-0.12216,0.164,0.55334,-0.050239,0.31493,0.73886,-0.14254,-0.44887,0.92408,-0.19236,0.35406,0.97373,-0.20829,-0.078896,0.023803,-0.016692,0.075186,0.030194,-0.018082,-0.13902,-0.43881,0.006025,0.15732,-0.44162,-0.011752,-0.18404,-0.83585,0.054002,0.22684,-0.8346,0.021478
66,-0.029831,0.74709,-0.040983,-0.19698,0.52763,-0.048319,-0.38384,0.69845,-0.12469,0.16493,0.54952,-0.054487,0.31445,0.73725,-0.14572,-0.44374,0.92408,-0.19255,0.35157,0.96944,-0.21121,-0.076727,0.021351,-0.012645,0.077544,0.028008,-0.01477,-0.1405,-0.43881,-0.001309,0.15958,-0.44167,-0.018804,-0.1844,-0.83587,0.05267,0.22682,-0.83537,0.020988
67,-0.02841,0.73787,-0.046047,-0.19523,0.51929,-0.05256,-0.38142,0.69086,-0.12933,0.16564,0.54139,-0.059949,0.31389,0.73011,-0.15112,-0.43732,0.92224,-0.19534,0.34841,0.96717,-0.21566,-0.074004,0.0155,-0.006769,0.080336,0.022463,-0.009816,-0.14226,-0.43881,-0.010165,0.1626,-0.44181,-0.028278,-0.185,-0.83587,0.050725,0.2268,-0.83614,0.020261
68,-0.027104,0.72523,-0.052559,-0.1935,0.50867,-0.057147,-0.37908,0.68036,-0.13536,0.16589,0.53117,-0.06605,0.3131,0.7185,-0.15841,-0.4307,0.9182,-0.20034,0.34423,0.96297,-0.22208,-0.070955,0.007727,2e-06,0.083184,0.01502,-0.004133,-0.14421,-0.43883,-0.019813,0.16595,-0.44195,-0.038733,-0.18572,-0.83588,0.048086,0.22682,-0.83691,0.019226
69,-0.025775,0.70951,-0.059691,-0.19179,0.49598,-0.061908,-0.37666,0.6668,-0.1424,0.16564,0.51739,-0.072822,0.3125,0.70396,-0.16661,-0.42389,0.90631,-0.20765,0.33955,0.95686,-0.2295,-0.068816,-0.002152,0.007221,0.085904,0.005073,0.002018,-0.14682,-0.43916,-0.030472,0.16994,-0.44222,-0.050979,-0.18655,-0.83629,0.044726,0.22688,-0.83776,0.01742
70,-0.024636,0.68942,-0.067716,-0.19012,0.47874,-0.066986,-0.37483,0.64984,-0.15098,0.16537,0.49976,-0.080157,0.31201,0.68604,-0.17607,-0.41728,0.89275,-0.21621,0.33497,0.94749,-0.23946,-0.066003,-0.014943,0.014349,0.088285,-0.007683,0.008203,-0.15079,-0.44154,-0.042216,0.17448,-0.44369,-0.063717,-0.18763,-0.8369,0.041033,0.2271,-0.83874,0.015071
71,-0.023809,0.66333,-0.076998,-0.18856,0.4543,-0.073112,-0.37348,0.62517,-0.16085,0.16508,0.47556,-0.088144,0.31134,0.66049,-0.18771,-0.41068,0.86932,-0.22746,0.32999,0.92871,-0.25159,-0.063234,-0.033496,0.0265,0.090685,-0.026144,0.019059,-0.15675,-0.44527,-0.055959,0.18038,-0.44642,-0.078529,-0.18901,-0.83767,0.036307,0.22786,-0.84041,0.010738
72,-0.023317,0.63473,-0.086266,-0.18681,0.42659,-0.079348,-0.3716,0.59848,-0.17128,0.16417,0.44529,-0.096322,0.31062,0.63116,-0.1997,-0.40451,0.84117,-0.24044,0.32505,0.90449,-0.26551,-0.060384,-0.057679,0.038769,0.09315,-0.050748,0.030525,-0.16663,-0.44959,-0.075295,0.18881,-0.44945,-0.099171,-0.19069,-0.8401,0.030039,0.23105,-0.84511,0.000546
73,-0.023171,0.59857,-0.09556,-0.18532,0.39229,-0.086481,-0.37066,0.56416,-0.18308,0.16311,0.41008,-0.10471,0.31015,0.59427,-0.21251,-0.39826,0.80744,-0.25366,0.32047,0.87238,-0.27875,-0.057947,-0.087179,0.051489,0.094966,-0.080197,0.042636,-0.17659,-0.45421,-0.093928,0.19694,-0.45319,-0.11877,-0.19239,-0.84298,0.023716,0.23178,-0.84818,-0.005442
74,-0.023201,0.56216,-0.1049,-0.18406,0.35852,-0.093193,-0.37056,0.52997,-0.19475,0.16189,0.37603,-0.1121,0.30947,0.55587,-0.22454,-0.39231,0.77275,-0.26717,0.31608,0.83328,-0.29397,-0.055673,-0.11708,0.063562,0.096461,-0.11004,0.054244,-0.18592,-0.45932,-0.11164,0.20487,-0.45739,-0.13795,-0.19379,-0.84609,0.017428,0.23249,-0.85148,-0.011589
75,-0.023548,0.52407,-0.11431,-0.18314,0.32059,-0.10059,-0.37038,0.4911,-0.20591,0.16032,0.33774,-0.11938,0.30875,0.5158,-0.23634,-0.3881,0.73651,-0.28137,0.31286,0.79819,-0.30729,-0.053483,-0.14973,0.074786,0.09769,-0.14261,0.065025,-0.19501,-0.46593,-0.1296,0.21263,-0.46341,-0.15755,-0.19499,-0.84985,0.011382,0.2332,-0.85498,-0.017751
76,-0.023837,0.48747,-0.12259,-0.18231,0.28585,-0.107,-0.37009,0.45643,-0.21647,0.15861,0.30107,-0.12586,0.30802,0.47775,-0.24751,-0.3848,0.69489,-0.2956,0.31021,0.76039,-0.3214,-0.051287,-0.18093,0.084027,0.098751,-0.17346,0.073865,-0.20408,-0.47306,-0.14646,0.21972,-0.47068,-0.17532,-0.19611,-0.85402,0.005731,0.23411,-0.85879,-0.023859
77,-0.024073,0.4506,-0.13013,-0.18166,0.24981,-0.11318,-0.37003,0.41833,-0.22658,0.15682,0.26318,-0.13195,0.30751,0.43872,-0.25715,-0.3821,0.65049,-0.30852,0.30911,0.72183,-0.3339,-0.0498,-0.21294,0.092607,0.0994,-0.20513,0.082137,-0.21346,-0.4813,-0.16299,0.22678,-0.4791,-0.19297,-0.19728,-0.85826,0.000729,0.23506,-0.86271,-0.029711
78,-0.02429,0.41391,-0.13738,-0.18093,0.2146,-0.11916,-0.37038,0.37941,-0.23596,0.15508,0.2261,-0.13734,0.30722,0.40104,-0.26653,-0.37967,0.60822,-0.3212,0.30837,0.67664,-0.34661,-0.048466,-0.24642,0.10102,0.10035,-0.239,0.090077,-0.22227,-0.48944,-0.18016,0.23365,-0.48809,-0.21041,-0.19856,-0.86202,-0.003683,0.2361,-0.86665,-0.034672
79,-0.024787,0.37507,-0.14432,-0.18025,0.17656,-0.12523,-0.37077,0.3372,-0.24441,0.15324,0.18688,-0.14279,0.30686,0.35835,-0.27544,-0.37814,0.56184,-0.33337,0.30734,0.63236,-0.35775,-0.04709,-0.28248,0.10895,0.10126,-0.27477,0.097657,-0.23089,-0.49659,-0.19744,0.2411,-0.49678,-0.22811,-0.19994,-0.86619,-0.007547,0.23737,-0.87056,-0.038821
80,-0.024987,0.33933,-0.14979,-0.17965,0.14252,-0.13002,-0.37134,0.30047,-0.25197,0.15166,0.15114,-0.14747,0.30659,0.32119,-0.28278,-0.37718,0.5234,-0.34412,0.30625,0.58948,-0.3686,-0.045805,-0.31598,0.1115,0.10186,-0.30844,0.10032,-0.23808,-0.50305,-0.21263,0.24776,-0.50429,-0.24347,-0.20095,-0.87053,-0.010089,0.23816,-0.87417,-0.04081
81,-0.025437,0.30468,-0.15528,-0.17903,0.10794,-0.13483,-0.37184,0.26246,-0.25944,0.15099,0.11893,-0.15157,0.30648,0.28557,-0.28987,-0.37623,0.48862,-0.3534,0.30566,0.55166,-0.37763,-0.044697,-0.34651,0.11347,0.10251,-0.33811,0.10214,-0.24168,-0.50953,-0.22121,0.25241,-0.51246,-0.25228,-0.2016,-0.8732,-0.010474,0.23901,-0.87649,-0.041009
82,-0.025696,0.27265,-0.15923,-0.17847,0.075648,-0.1383,-0.37198,0.22663,-0.26398,0.15014,0.088175,-0.15478,0.30654,0.25145,-0.29563,-0.37655,0.44909,-0.362,0.30488,0.51366,-0.38725,-0.043991,-0.37635,0.11344,0.10311,-0.36749,0.10215,-0.24528,-0.51682,-0.22822,0.25748,-0.52115,-0.26005,-0.20225,-0.87561,-0.010449,0.23985,-0.87863,-0.04104
83,-0.025909,0.23967,-0.16286,-0.17788,0.04237,-0.14169,-0.37212,0.189,-0.26785,0.1493,0.055721,-0.15821,0.30648,0.21565,-0.30131,-0.37685,0.4101,-0.37,0.30461,0.48122,-0.39457,-0.043265,-0.40709,0.11342,0.10397,-0.39765,0.10212,-0.24883,-0.52449,-0.23458,0.26256,-0.53019,-0.26726,-0.20285,-0.8778,-0.010427,0.24063,-0.88066,-0.041069
84,-0.026021,0.20816,-0.16589,-0.17708,0.012485,-0.14381,-0.37239,0.15416,-0.27154,0.14861,0.026085,-0.16078,0.30622,0.18222,-0.30634,-0.3771,0.37172,-0.37674,0.30463,0.44214,-0.40161,-0.042881,-0.43662,0.1134,0.10464,-0.42726,0.10214,-0.2527,-0.53169,-0.23911,0.26754,-0.53797,-0.2728,-0.20274,-0.87864,-0.009607,0.23898,-0.88212,-0.037041
85,-0.02612,0.17602,-0.16857,-0.17571,-0.02005,-0.1454,-0.37266,0.11312,-0.27432,0.14777,-0.004683,-0.16314,0.30595,0.14639,-0.31112,-0.37827,0.32991,-0.38168,0.30526,0.40627,-0.40716,-0.042898,-0.46799,0.11295,0.10505,-0.45871,0.10176,-0.2571,-0.53944,-0.24324,0.27228,-0.54574,-0.27786,-0.20269,-0.87931,-0.008951,0.23901,-0.88374,-0.036216
86,-0.026201,0.14527,-0.17067,-0.17427,-0.050691,-0.14668,-0.37274,0.077582,-0.27661,0.14697,-0.032706,-0.16517,0.3058,0.11429,-0.31577,-0.37983,0.29208,-0.38679,0.30596,0.36513,-0.41356,-0.04292,-0.49823,0.11234,0.10505,-0.48867,0.10154,-0.26135,-0.54648,-0.24693,0.27664,-0.55334,-0.28183,-0.20267,-0.87981,-0.008404,0.23905,-0.8852,-0.035256
87,-0.026225,0.11602,-0.17249,-0.17279,-0.081724,-0.14793,-0.37349,0.044629,-0.27878,0.14618,-0.061107,-0.16711,0.30575,0.080213,-0.31999,-0.38177,0.25948,-0.39077,0.30684,0.33255,-0.41895,-0.042939,-0.52613,0.11193,0.10504,-0.51548,0.10145,-0.2656,-0.55305,-0.24879,0.28048,-0.56023,-0.28401,-0.20334,-0.88241,-0.0086,0.23908,-0.88577,-0.034335
88,-0.026307,0.092041,-0.17367,-0.17119,-0.10617,-0.14849,-0.37411,0.01708,-0.28075,0.14547,-0.08455,-0.16824,0.30562,0.053342,-0.32362,-0.38349,0.23162,-0.39502,0.30811,0.30163,-0.42414,-0.043504,-0.54947,0.11132,0.10464,-0.53868,0.10135,-0.26878,-0.55885,-0.24902,0.28314,-0.56594,-0.28497,-0.20404,-0.88462,-0.008663,0.23967,-0.8886,-0.034044
89,-0.026434,0.070331,-0.17468,-0.16983,-0.12806,-0.14897,-0.37431,-0.009551,-0.28204,0.14466,-0.10596,-0.1692,0.3058,0.027442,-0.32676,-0.38502,0.20475,-0.39843,0.30971,0.27709,-0.4283,-0.044135,-0.57037,0.11088,0.10414,-0.55919,0.10127,-0.27146,-0.56413,-0.24892,0.28522,-0.57164,-0.28536,-0.20463,-0.88697,-0.008491,0.24027,-0.89148,-0.033403
90,-0.02647,0.04957,-0.17506,-0.16905,-0.14598,-0.14904,-0.37488,-0.032098,-0.28281,0.14392,-0.12526,-0.17005,0.30616,0.003241,-0.32922,-0.38591,0.17939,-0.40129,0.31128,0.25211,-0.4326,-0.0448,-0.5887,0.11073,0.10395,-0.57785,0.10128,-0.27389,-0.56902,-0.24883,0.28656,-0.57612,-0.28541,-0.2052,-0.88945,-0.008128,0.24079,-0.89422,-0.032451
91,-0.026557,0.036149,-0.17512,-0.16866,-0.15793,-0.14909,-0.3758,-0.047091,-0.28378,0.14338,-0.1388,-0.17031,0.30658,-0.01307,-0.33076,-0.38778,0.16459,-0.40394,0.31308,0.23101,-0.4354,-0.045388,-0.6008,0.11061,0.1037,-0.59046,0.10139,-0.27579,-0.57282,-0.24876,0.28715,-0.5795,-0.28544,-0.20567,-0.89111,-0.007536,0.24098,-0.89624,-0.031545
92,-0.026704,0.02734,-0.17512,-0.16867,-0.167,-0.14918,-0.3778,-0.05854,-0.28427,0.14288,-0.14839,-0.17029,0.30699,-0.022258,-0.3318,-0.38948,0.15109,-0.40549,0.31466,0.21661,-0.43587,-0.045835,-0.60962,0.11035,0.1037,-0.59969,0.1015,-0.27784,-0.5756,-0.24856,0.28758,-0.58193,-0.28534,-0.20629,-0.89241,-0.007099,0.24115,-0.89782,-0.03073
93,-0.027002,0.022821,-0.17511,-0.16867,-0.17076,-0.14925,-0.37889,-0.061478,-0.28468,0.14238,-0.1525,-0.17027,0.30734,-0.027832,-0.3319,-0.39126,0.14369,-0.40732,0.3167,0.21203,-0.43594,-0.046879,-0.61371,0.11014,0.1031,-0.60376,0.10154,-0.28016,-0.57732,-0.24807,0.2885,-0.58361,-0.28504,-0.20699,-0.89323,-0.006825,0.2413,-0.89916,-0.02991
94,-0.027397,0.022821,-0.17509,-0.16866,-0.17076,-0.14894,-0.38009,-0.061478,-0.28453,0.14187,-0.1525,-0.17025,0.30783,-0.027832,-0.33192,-0.39203,0.14369,-0.4073,0.31916,0.21165,-0.43603,-0.048407,-0.61371,0.11012,0.10203,-0.60376,0.1017,-0.28233,-0.57732,-0.24724,0.28951,-0.58404,-0.28402,-0.20755,-0.89383,-0.006584,0.24146,-0.89999,-0.029135
95,-0.0281,0.022821,-0.17472,-0.16865,-0.17076,-0.14864,-0.38151,-0.061478,-0.28386,0.14114,-0.1525,-0.17029,0.3081,-0.027832,-0.33193,-0.3929,0.14369,-0.40672,0.32066,0.21165,-0.43561,-0.050108,-0.61371,0.11018,0.10043,-0.60376,0.10176,-0.28454,-0.57732,-0.2466,0.29056,-0.58404,-0.28271,-0.20817,-0.8943,-0.006128,0.24164,-0.90019,-0.028614
96,-0.028825,0.022821,-0.17416,-0.16946,-0.17076,-0.14829,-0.38362,-0.061478,-0.28352,0.14022,-0.1525,-0.17038,0.30835,-0.027832,-0.33194,-0.39413,0.14369,-0.40549,0.32164,0.21165,-0.43489,-0.051898,-0.61371,0.11025,0.098495,-0.60376,0.10183,-0.28706,-0.57732,-0.24586,0.29118,-0.58404,-0.28104,-0.2088,-0.8943,-0.005257,0.24182,-0.90019,-0.028326
97,-0.02988,0.025828,-0.17283,-0.17103,-0.16815,-0.14806,-0.38535,-0.055817,-0.28345,0.13931,-0.15006,-0.17019,0.30835,-0.025484,-0.33089,-0.39553,0.14974,-0.40544,0.32226,0.21165,-0.43488,-0.053483,-0.61172,0.11055,0.096413,-0.60195,0.1019,-0.28999,-0.57715,-0.24495,0.29162,-0.58404,-0.27907,-0.20948,-0.8943,-0.004387,0.24208,-0.90019,-0.028335
98,-0.031154,0.033217,-0.17138,-0.17374,-0.15944,-0.14783,-0.38721,-0.045542,-0.28338,0.13839,-0.14491,-0.16996,0.30842,-0.018936,-0.32919,-0.39693,0.16031,-0.40498,0.32242,0.2209,-0.43251,-0.054914,-0.60492,0.11099,0.094453,-0.59635,0.10198,-0.29309,-0.57596,-0.24345,0.29172,-0.58281,-0.27717,-0.21018,-0.8943,-0.003439,0.24231,-0.90019,-0.028344
99,-0.032675,0.044992,-0.16943,-0.17638,-0.14812,-0.14755,-0.38945,-0.030965,-0.28321,0.13744,-0.13357,-0.16986,0.30849,-0.005964,-0.3273,-0.39813,0.17549,-0.40272,0.32255,0.2376,-0.42885,-0.056229,-0.59446,0.11103,0.092521,-0.58622,0.10205,-0.29659,-0.57369,-0.24145,0.29178,-0.5807,-0.27499,-0.21083,-0.89411,-0.002481,0.24274,-0.89976,-0.028479
100,-0.034268,0.060863,-0.16721,-0.1792,-0.13323,-0.14719,-0.39143,-0.012024,-0.28245,0.1364,-0.11886,-0.16982,0.30857,0.010464,-0.32504,-0.39908,0.1982,-0.39981,0.32271,0.25651,-0.42446,-0.057816,-0.58045,0.11109,0.090428,-0.57271,0.10206,-0.30033,-0.57074,-0.23923,0.2918,-0.57728,-0.27282,-0.21156,-0.89373,-0.001444,0.24318,-0.89864,-0.028549
101,-0.036037,0.08015,-0.16452,-0.18208,-0.11538,-0.14676,-0.39213,0.011802,-0.28128,0.13515,-0.10089,-0.16977,0.30841,0.032167,-0.32249,-0.40009,0.22163,-0.39642,0.32294,0.27972,-0.41836,-0.059677,-0.56346,0.11116,0.088164,-0.55601,0.102,-0.30406,-0.5673,-0.2369,0.29188,-0.5732,-0.27058,-0.21215,-0.893,-0.000297,0.24363,-0.89717,-0.028566
102,-0.037719,0.10226,-0.16174,-0.18502,-0.094518,-0.14615,-0.39296,0.035615,-0.27916,0.13384,-0.080016,-0.16962,0.30783,0.055838,-0.31986,-0.40118,0.24793,-0.39097,0.32295,0.30462,-0.41154,-0.06131,-0.54368,0.11113,0.085942,-0.53661,0.10144,-0.30724,-0.56305,-0.23468,0.29194,-0.56876,-0.26888,-0.21271,-0.89203,0.000818,0.24409,-0.8955,-0.028674
103,-0.039271,0.12685,-0.15855,-0.18802,-0.071679,-0.14532,-0.39372,0.060623,-0.27592,0.13261,-0.057561,-0.16932,0.30666,0.080264,-0.31681,-0.40249,0.27538,-0.38417,0.32283,0.33066,-0.40471,-0.062939,-0.52244,0.11086,0.083758,-0.51577,0.10066,-0.30973,-0.55835,-0.23228,0.29185,-0.56398,-0.26697,-0.21327,-0.89184,0.000839,0.24454,-0.8937,-0.02895
104,-0.040661,0.15178,-0.15538,-0.19077,-0.047826,-0.14439,-0.39358,0.090563,-0.27212,0.13153,-0.034595,-0.16898,0.3054,0.10533,-0.31361,-0.40371,0.30606,-0.37734,0.32215,0.35736,-0.39817,-0.064687,-0.49974,0.11031,0.081656,-0.49381,0.099594,-0.31199,-0.55339,-0.22964,0.29111,-0.55841,-0.26499,-0.21383,-0.89065,0.001459,0.24496,-0.89178,-0.029313
105,-0.041906,0.17647,-0.15215,-0.19298,-0.024456,-0.14338,-0.39344,0.11712,-0.26835,0.13053,-0.010896,-0.16864,0.30406,0.13081,-0.3107,-0.4041,0.33787,-0.36839,0.32051,0.38716,-0.392,-0.066405,-0.47709,0.10942,0.079908,-0.47163,0.098116,-0.3138,-0.54818,-0.22688,0.28949,-0.55257,-0.26314,-0.21444,-0.88939,0.001509,0.24547,-0.88936,-0.030161
106,-0.043027,0.20262,-0.14939,-0.1951,-0.000417,-0.14213,-0.39385,0.1469,-0.26393,0.12947,0.012194,-0.16836,0.30229,0.15586,-0.30731,-0.40438,0.36865,-0.361,0.31867,0.41296,-0.38594,-0.068375,-0.45368,0.10842,0.078186,-0.44897,0.096539,-0.31444,-0.54292,-0.22381,0.28748,-0.54605,-0.26082,-0.2158,-0.88817,0.001559,0.24589,-0.88705,-0.031154
107,-0.044165,0.22834,-0.14578,-0.19633,0.019636,-0.14093,-0.39473,0.17555,-0.25952,0.12816,0.035806,-0.16807,0.30041,0.18132,-0.30421,-0.40477,0.39872,-0.35277,0.31684,0.43971,-0.37967,-0.070361,-0.4325,0.10735,0.076539,-0.42729,0.094854,-0.31471,-0.53753,-0.22127,0.28526,-0.5401,-0.2583,-0.21707,-0.88762,0.001606,0.24647,-0.88477,-0.032689
108,-0.04511,0.25205,-0.14213,-0.19774,0.041284,-0.13962,-0.3957,0.20475,-0.25507,0.12692,0.056239,-0.1679,0.29843,0.20656,-0.30122,-0.40534,0.4329,-0.34499,0.31507,0.46682,-0.37378,-0.072613,-0.41155,0.10602,0.074698,-0.40735,0.092912,-0.31463,-0.53224,-0.219,0.28299,-0.53265,-0.25599,-0.21824,-0.88643,0.001149,0.24688,-0.88206,-0.034401
109,-0.046065,0.2766,-0.13849,-0.19961,0.067715,-0.13753,-0.39675,0.23244,-0.25061,0.1258,0.08149,-0.16711,0.29662,0.23263,-0.29822,-0.40598,0.46046,-0.33734,0.31347,0.49386,-0.36779,-0.07469,-0.38922,0.10376,0.07255,-0.38489,0.090581,-0.31452,-0.52662,-0.21598,0.28015,-0.52547,-0.25239,-0.22166,-0.88502,-0.00194,0.24733,-0.87973,-0.036194
110,-0.046854,0.30348,-0.13518,-0.20145,0.092324,-0.13546,-0.39811,0.26108,-0.24649,0.12487,0.10553,-0.16605,0.29481,0.25721,-0.29508,-0.40678,0.48971,-0.33,0.31193,0.51947,-0.36282,-0.076661,-0.36741,0.10109,0.070484,-0.36342,0.088092,-0.31441,-0.52062,-0.21295,0.27747,-0.51786,-0.24901,-0.22647,-0.88299,-0.006768,0.24978,-0.87692,-0.040894
111,-0.04772,0.32983,-0.13195,-0.20306,0.11695,-0.13353,-0.39923,0.28943,-0.24282,0.12396,0.13043,-0.16472,0.29328,0.2838,-0.29181,-0.40743,0.51743,-0.3235,0.3105,0.54649,-0.35759,-0.078675,-0.34553,0.098662,0.068587,-0.34152,0.085919,-0.31365,-0.51392,-0.2097,0.27432,-0.50946,-0.24507,-0.23167,-0.88035,-0.012314,0.2523,-0.87411,-0.045776
112,-0.04875,0.3564,-0.12892,-0.20447,0.14138,-0.13178,-0.40014,0.31976,-0.23995,0.12312,0.15521,-0.16301,0.29206,0.31022,-0.28841,-0.40809,0.54668,-0.31771,0.30908,0.57341,-0.35257,-0.080492,-0.32356,0.095988,0.066939,-0.31946,0.08377,-0.31201,-0.50694,-0.2061,0.27137,-0.49964,-0.24117,-0.23672,-0.87776,-0.017991,0.25529,-0.87125,-0.052761
113,-0.04983,0.38712,-0.12564,-0.206,0.17045,-0.13002,-0.40086,0.35091,-0.23741,0.12236,0.18411,-0.16026,0.29089,0.33992,-0.28467,-0.40933,0.57855,-0.31144,0.30802,0.60204,-0.34798,-0.082117,-0.29815,0.092674,0.065586,-0.29403,0.081252,-0.30848,-0.49796,-0.20124,0.26764,-0.48845,-0.23581,-0.24141,-0.87502,-0.023939,0.25794,-0.8671,-0.059931
114,-0.050903,0.41757,-0.12228,-0.20756,0.19911,-0.1282,-0.40169,0.38316,-0.235,0.12187,0.21144,-0.1575,0.2897,0.37017,-0.28074,-0.41062,0.61051,-0.30716,0.30754,0.62854,-0.34294,-0.083875,-0.27183,0.089468,0.064242,-0.26796,0.078856,-0.30383,-0.48847,-0.19595,0.2632,-0.47646,-0.22974,-0.24394,-0.87169,-0.027578,0.2586,-0.86231,-0.063967
115,-0.052112,0.44473,-0.11812,-0.20911,0.22566,-0.12662,-0.40268,0.41399,-0.23308,0.12136,0.23751,-0.15494,0.28894,0.40208,-0.27687,-0.41216,0.64284,-0.30318,0.30701,0.6608,-0.3376,-0.085488,-0.24705,0.086247,0.062976,-0.24292,0.076535,-0.29862,-0.47928,-0.19055,0.25837,-0.46466,-0.22374,-0.2447,-0.86792,-0.030064,0.25952,-0.85721,-0.068778
116,-0.053195,0.47136,-0.11452,-0.21075,0.25244,-0.1244,-0.4037,0.44345,-0.23088,0.12121,0.26106,-0.1507,0.28839,0.43309,-0.27253,-0.41326,0.67321,-0.29989,0.30654,0.69725,-0.3325,-0.087272,-0.22161,0.083108,0.061367,-0.21849,0.073888,-0.29275,-0.47016,-0.18452,0.25331,-0.45317,-0.21761,-0.24473,-0.86396,-0.031021,0.26007,-0.85206,-0.072739
117,-0.05444,0.50415,-0.11142,-0.21256,0.28583,-0.12202,-0.40438,0.47238,-0.2284,0.12101,0.28562,-0.14608,0.28744,0.46407,-0.26776,-0.41525,0.70238,-0.29693,0.30646,0.72769,-0.32818,-0.08841,-0.19244,0.079115,0.060347,-0.19008,0.070786,-0.28462,-0.45916,-0.1762,0.24646,-0.44155,-0.20903,-0.24473,-0.85771,-0.031021,0.26002,-0.84544,-0.073962
118,-0.055733,0.53427,-0.10796,-0.21376,0.31609,-0.12033,-0.40495,0.50502,-0.2254,0.12082,0.30646,-0.14185,0.28589,0.49647,-0.26204,-0.41726,0.73423,-0.29328,0.30631,0.76041,-0.32368,-0.089307,-0.16479,0.075454,0.059943,-0.16403,0.067374,-0.27545,-0.4483,-0.16645,0.23936,-0.42993,-0.20036,-0.24225,-0.8518,-0.028383,0.26002,-0.8385,-0.073988
119,-0.05711,0.56103,-0.10454,-0.21502,0.34763,-0.11797,-0.4052,0.53382,-0.22197,0.1208,0.32842,-0.13762,0.28421,0.52821,-0.25631,-0.41909,0.76511,-0.28928,0.30617,0.79227,-0.31916,-0.090293,-0.13749,0.071534,0.059815,-0.13802,0.063926,-0.26549,-0.43998,-0.15544,0.23201,-0.42274,-0.1906,-0.24212,-0.84835,-0.028388,0.25999,-0.83447,-0.073986
120,-0.058549,0.59215,-0.10114,-0.21634,0.37826,-0.11563,-0.40534,0.56691,-0.21829,0.12088,0.36242,-0.13298,0.28218,0.56027,-0.25083,-0.42154,0.79632,-0.2859,0.30599,0.82243,-0.31482,-0.091246,-0.10953,0.066154,0.059649,-0.10854,0.05943,-0.25404,-0.43311,-0.14168,0.22265,-0.41692,-0.1787,-0.24049,-0.84554,-0.027326,0.25814,-0.83058,-0.073918
121,-0.059847,0.62347,-0.098045,-0.21755,0.40752,-0.11331,-0.40543,0.59603,-0.21458,0.1209,0.39437,-0.12839,0.28032,0.5925,-0.24556,-0.42408,0.82528,-0.28187,0.30576,0.85203,-0.31023,-0.092251,-0.083309,0.06008,0.05946,-0.081305,0.054306,-0.24207,-0.4275,-0.12714,0.21285,-0.41308,-0.1659,-0.23817,-0.84274,-0.025508,0.25584,-0.82684,-0.073833
122,-0.061336,0.64955,-0.095171,-0.21922,0.4325,-0.10995,-0.40538,0.61919,-0.21012,0.12083,0.42204,-0.12487,0.27836,0.6193,-0.24051,-0.426,0.84858,-0.27776,0.30464,0.88089,-0.30527,-0.093455,-0.05898,0.048998,0.058945,-0.055879,0.043229,-0.2289,-0.42458,-0.11053,0.20166,-0.41185,-0.14899,-0.23159,-0.84016,-0.017216,0.25161,-0.82488,-0.066125
123,-0.062973,0.675,-0.092377,-0.22109,0.45661,-0.10632,-0.40542,0.64012,-0.2051,0.12074,0.44888,-0.12102,0.27643,0.64348,-0.23547,-0.42795,0.86758,-0.27226,0.30349,0.90713,-0.3009,-0.094661,-0.037357,0.03787,0.058264,-0.033243,0.032224,-0.21648,-0.42309,-0.09439,0.19133,-0.41185,-0.13236,-0.22458,-0.83839,-0.008227,0.24763,-0.82421,-0.057882
124,-0.064463,0.69843,-0.090226,-0.22295,0.48042,-0.10269,-0.40553,0.65793,-0.1997,0.12064,0.47455,-0.11689,0.2744,0.6637,-0.23067,-0.42976,0.88399,-0.2666,0.30235,0.92727,-0.29702,-0.095835,-0.017843,0.026564,0.057407,-0.013046,0.021175,-0.20424,-0.42309,-0.078406,0.1817,-0.41185,-0.11499,-0.21761,-0.83687,0.000892,0.24291,-0.82388,-0.047192
125,-0.066009,0.7203,-0.088008,-0.22468,0.50343,-0.099715,-0.40562,0.67365,-0.1944,0.12067,0.49977,-0.11413,0.27223,0.68117,-0.2262,-0.43088,0.8989,-0.26115,0.30096,0.93572,-0.29346,-0.096969,-0.000226,0.014978,0.056402,0.005893,0.010365,-0.19243,-0.42309,-0.06267,0.17255,-0.41185,-0.09701,-0.21093,-0.83551,0.010324,0.23856,-0.82367,-0.035955
126,-0.06737,0.73472,-0.085453,-0.22642,0.5176,-0.096077,-0.40571,0.6857,-0.18904,0.1206,0.52386,-0.11119,0.27044,0.69569,-0.22191,-0.43248,0.90643,-0.25539,0.29947,0.94601,-0.2897,-0.098044,0.011268,0.004297,0.055724,0.019384,0.000122,-0.18279,-0.42309,-0.048959,0.16526,-0.41214,-0.081093,-0.20623,-0.83494,0.017545,0.23572,-0.82341,-0.026013
127,-0.068771,0.74782,-0.08268,-0.22836,0.52716,-0.091729,-0.40579,0.69257,-0.18384,0.12045,0.54428,-0.10738,0.26904,0.70538,-0.2181,-0.43383,0.91119,-0.24971,0.2978,0.95274,-0.28579,-0.099121,0.020162,-0.006147,0.054685,0.030312,-0.009233,-0.17441,-0.42317,-0.035906,0.15841,-0.4141,-0.065487,-0.2021,-0.83435,0.024738,0.23304,-0.82319,-0.01555
128,-0.070131,0.75899,-0.079583,-0.23026,0.53468,-0.087681,-0.40596,0.69814,-0.17875,0.12012,0.56242,-0.10325,0.26776,0.71273,-0.21408,-0.43489,0.91473,-0.24419,0.29621,0.95919,-0.28124,-0.10007,0.02757,-0.016037,0.053624,0.0398,-0.01815,-0.1668,-0.42385,-0.023871,0.15191,-0.41634,-0.050729,-0.19854,-0.83364,0.031111,0.23039,-0.82319,-0.005624
129,-0.071389,0.76395,-0.07649,-0.23244,0.53975,-0.083202,-0.40624,0.69857,-0.17397,0.11971,0.56519,-0.099394,0.26687,0.71585,-0.20965,-0.43563,0.91628,-0.2388,0.29435,0.96266,-0.27633,-0.10066,0.03146,-0.024221,0.053343,0.042923,-0.025742,-0.16112,-0.42721,-0.014702,0.14798,-0.42096,-0.038621,-0.1963,-0.83443,0.035644,0.23008,-0.82513,0.002657
130,-0.072541,0.7648,-0.07319,-0.23456,0.54361,-0.078746,-0.40653,0.69857,-0.16942,0.1193,0.56742,-0.095585,0.26602,0.7167,-0.20521,-0.43594,0.91728,-0.23416,0.29256,0.96543,-0.27174,-0.10127,0.034562,-0.031152,0.053103,0.045678,-0.032322,-0.1565,-0.43129,-0.006731,0.14459,-0.42665,-0.027574,-0.19468,-0.83536,0.039556,0.22992,-0.82738,0.010128
131,-0.073432,0.76483,-0.069944,-0.23595,0.54472,-0.075256,-0.40706,0.69857,-0.16552,0.11891,0.56745,-0.09135,0.26523,0.7167,-0.20089,-0.43624,0.91789,-0.23001,0.29167,0.96645,-0.26847,-0.10123,0.034562,-0.031914,0.053133,0.045678,-0.032323,-0.15478,-0.43365,-0.002261,0.14376,-0.42907,-0.022197,-0.19342,-0.83536,0.041365,0.2297,-0.8274,0.012954
132,-0.07416,0.76483,-0.066887,-0.23704,0.54496,-0.071942,-0.40726,0.69857,-0.16199,0.11867,0.56745,-0.087306,0.26443,0.7167,-0.19634,-0.43642,0.91828,-0.22801,0.29074,0.96868,-0.26499,-0.10188,0.034562,-0.032351,0.052507,0.045678,-0.0323,-0.15319,-0.43596,0.002031,0.14297,-0.43126,-0.017421,-0.19216,-0.83537,0.043195,0.22938,-0.8274,0.01573
133,-0.074865,0.76483,-0.063781,-0.23813,0.54518,-0.068218,-0.40765,0.69845,-0.15882,0.11846,0.56756,-0.083327,0.26399,0.7168,-0.19194,-0.43663,0.91877,-0.22578,0.2899,0.97096,-0.26129,-0.10228,0.034562,-0.032336,0.051781,0.045678,-0.032273,-0.152,-0.43783,0.005892,0.1422,-0.43332,-0.013863,-0.19097,-0.83537,0.044989,0.22904,-0.8274,0.018312
134,-0.075432,0.76461,-0.060814,-0.23908,0.54523,-0.064213,-0.4083,0.69735,-0.15563,0.11818,0.56763,-0.079582,0.26407,0.71633,-0.18766,-0.43686,0.9192,-0.2235,0.28945,0.96899,-0.2578,-0.10244,0.033284,-0.03233,0.051146,0.044201,-0.031958,-0.15099,-0.43951,0.009352,0.14147,-0.4351,-0.011215,-0.18982,-0.83478,0.046713,0.22897,-0.82737,0.020528
135,-0.075867,0.76346,-0.057911,-0.23927,0.54523,-0.061031,-0.40911,0.69552,-0.15264,0.11797,0.56722,-0.076306,0.26421,0.7152,-0.18378,-0.4371,0.91833,-0.22216,0.28948,0.96466,-0.25693,-0.10244,0.031975,-0.03233,0.050846,0.042795,-0.031401,-0.1501,-0.44098,0.012277,0.141,-0.43678,-0.009106,-0.18867,-0.8342,0.048279,0.22884,-0.82723,0.022241
136,-0.076029,0.7627,-0.055544,-0.23917,0.54523,-0.058358,-0.4098,0.69363,-0.1502,0.11785,0.5668,-0.073775,0.26432,0.71399,-0.18092,-0.43744,0.91783,-0.22215,0.28948,0.96059,-0.25693,-0.10243,0.031179,-0.032141,0.050876,0.041913,-0.030594,-0.14956,-0.44177,0.013599,0.14101,-0.4375,-0.007984,-0.18781,-0.83394,0.049224,0.22859,-0.82721,0.023325
137,-0.075985,0.76213,-0.053415,-0.23908,0.54523,-0.055918,-0.41077,0.6918,-0.14799,0.11779,0.56653,-0.071369,0.26441,0.713,-0.1783,-0.43788,0.91734,-0.22213,0.28948,0.95695,-0.25693,-0.1024,0.030571,-0.031371,0.050916,0.041277,-0.02952,-0.14916,-0.4425,0.014577,0.14105,-0.43804,-0.007043,-0.18724,-0.83393,0.049818,0.22826,-0.82711,0.024307
138,-0.075907,0.76174,-0.051313,-0.23899,0.54472,-0.053389,-0.41209,0.68884,-0.14609,0.11777,0.56636,-0.069172,0.26579,0.71154,-0.17605,-0.4388,0.91684,-0.2221,0.29027,0.95328,-0.25696,-0.10226,0.030058,-0.030141,0.050965,0.040824,-0.028191,-0.1488,-0.44309,0.015292,0.14108,-0.43841,-0.006203,-0.18678,-0.83391,0.050239,0.22806,-0.82697,0.0251
139,-0.075833,0.76148,-0.049296,-0.23864,0.5441,-0.050383,-0.41474,0.68417,-0.14394,0.11775,0.5662,-0.06705,0.26911,0.7084,-0.17428,-0.44172,0.91194,-0.22392,0.29176,0.94845,-0.25869,-0.10187,0.029557,-0.028531,0.051057,0.0404,-0.026873,-0.14838,-0.44361,0.01582,0.1411,-0.43866,-0.00552,-0.18628,-0.83391,0.050584,0.22795,-0.82686,0.025887
140,-0.075747,0.76127,-0.046976,-0.23786,0.54342,-0.047228,-0.41685,0.67394,-0.14119,0.11782,0.56577,-0.065073,0.27436,0.70123,-0.17279,-0.44579,0.90047,-0.22708,0.29426,0.94336,-0.26521,-0.10125,0.028922,-0.026837,0.051427,0.039952,-0.025681,-0.14787,-0.4442,0.016317,0.14126,-0.43892,-0.004968,-0.18587,-0.83391,0.050863,0.22788,-0.82671,0.026602
141,-0.075352,0.76099,-0.04414,-0.23673,0.54281,-0.043365,-0.417,0.66041,-0.13766,0.11791,0.56462,-0.062785,0.28094,0.69004,-0.17133,-0.45086,0.88243,-0.23229,0.29773,0.92998,-0.27493,-0.1005,0.028301,-0.025218,0.052034,0.039448,-0.024578,-0.14734,-0.4448,0.016729,0.14153,-0.43918,-0.004425,-0.18543,-0.83398,0.051141,0.2279,-0.82658,0.027013
142,-0.074849,0.76042,-0.041262,-0.23523,0.54194,-0.039247,-0.41685,0.64183,-0.13359,0.11801,0.56283,-0.060277,0.28715,0.6744,-0.16964,-0.45645,0.8588,-0.23534,0.30369,0.9053,-0.28255,-0.099644,0.027573,-0.02372,0.052777,0.038767,-0.023642,-0.14676,-0.44545,0.017081,0.1419,-0.43943,-0.003953,-0.18501,-0.83411,0.051423,0.2279,-0.82648,0.027304
143,-0.073993,0.7596,-0.037964,-0.23327,0.54011,-0.034562,-0.41662,0.61467,-0.12712,0.11825,0.55909,-0.057381,0.2912,0.64592,-0.16559,-0.45971,0.81347,-0.23547,0.31147,0.86231,-0.28923,-0.098685,0.026319,-0.0223,0.053795,0.037436,-0.022929,-0.14613,-0.44624,0.017366,0.14249,-0.43989,-0.00355,-0.18454,-0.83441,0.051692,0.22789,-0.82643,0.027603
144,-0.073088,0.75879,-0.034711,-0.23122,0.53768,-0.03008,-0.41626,0.58198,-0.11757,0.11868,0.55486,-0.054341,0.29451,0.61612,-0.159,-0.46107,0.75653,-0.23467,0.32007,0.80854,-0.29067,-0.097694,0.024753,-0.020967,0.054893,0.035745,-0.022429,-0.14547,-0.44709,0.017624,0.14312,-0.44054,-0.00321,-0.18421,-0.83476,0.051928,0.22795,-0.82643,0.027824
145,-0.072019,0.75792,-0.031611,-0.22891,0.5346,-0.02619,-0.41448,0.54676,-0.10687,0.11924,0.55014,-0.05165,0.29583,0.58408,-0.15155,-0.46105,0.68895,-0.23433,0.32804,0.743,-0.29089,-0.096791,0.022758,-0.019967,0.056022,0.033609,-0.022115,-0.14487,-0.4481,0.017729,0.14378,-0.44126,-0.002947,-0.18396,-0.83511,0.052041,0.22804,-0.82654,0.027863
146,-0.070839,0.75707,-0.028621,-0.22648,0.53085,-0.022945,-0.41031,0.50873,-0.094811,0.1199,0.54503,-0.04963,0.29619,0.54744,-0.14214,-0.46104,0.61424,-0.23395,0.33285,0.67525,-0.29084,-0.095916,0.020434,-0.019112,0.057209,0.031109,-0.021885,-0.14429,-0.449,0.017788,0.14439,-0.442,-0.002741,-0.18371,-0.83535,0.052148,0.22813,-0.82666,0.027866
147,-0.069666,0.75621,-0.026156,-0.22433,0.52667,-0.020734,-0.40444,0.46999,-0.0823,0.12063,0.5396,-0.04831,0.29655,0.50973,-0.13237,-0.46092,0.5322,-0.23088,0.33379,0.5969,-0.29088,-0.095104,0.017882,-0.0186,0.058438,0.028245,-0.021841,-0.14374,-0.44982,0.017767,0.14493,-0.44279,-0.002603,-0.1835,-0.83558,0.052224,0.22827,-0.82682,0.027861
148,-0.068451,0.75536,-0.024398,-0.22244,0.52188,-0.019391,-0.39679,0.42915,-0.068909,0.12132,0.53379,-0.047517,0.29697,0.46861,-0.12104,-0.45878,0.44777,-0.22416,0.33388,0.5127,-0.28848,-0.094347,0.015094,-0.018344,0.059661,0.025134,-0.021886,-0.14321,-0.45059,0.017748,0.14547,-0.44378,-0.002489,-0.18334,-0.83581,0.052304,0.22839,-0.82682,0.027895
149,-0.067272,0.7545,-0.023318,-0.22059,0.51681,-0.018862,-0.38708,0.39206,-0.055317,0.12196,0.52796,-0.047336,0.2974,0.42913,-0.10934,-0.45128,0.36431,-0.21136,0.33417,0.42534,-0.28059,-0.093747,0.012182,-0.018312,0.060778,0.021845,-0.021927,-0.14273,-0.45124,0.01773,0.146,-0.44467,-0.002436,-0.18321,-0.83585,0.05234,0.22847,-0.82688,0.027911
150,-0.065834,0.75336,-0.017953,-0.21731,0.5098,-0.009587,-0.37338,0.34121,-0.030728,0.12382,0.51994,-0.039666,0.30158,0.37944,-0.088097,-0.46753,0.24627,-0.22392,0.35851,0.33523,-0.31249,-0.092798,0.008135,-0.017107,0.062219,0.017478,-0.021358,-0.14229,-0.45387,0.017923,0.14655,-0.44545,-0.002552,-0.18296,-0.83599,0.052373,0.22818,-0.82669,0.028531
151,-0.065067,0.75297,-0.017907,-0.21599,0.50435,-0.01129,-0.35863,0.32101,-0.026539,0.12449,0.51677,-0.040151,0.29337,0.3643,-0.083315,-0.44966,0.17664,-0.18677,0.36599,0.23271,-0.26361,-0.092214,0.005263,-0.017017,0.063411,0.013833,-0.021739,-0.14204,-0.45368,0.017865,0.14671,-0.44624,-0.00263,-0.18292,-0.83606,0.052363,0.22881,-0.82824,0.027848
152,-0.064112,0.75312,-0.017136,-0.21596,0.49762,-0.013041,-0.34313,0.28608,-0.01569,0.12468,0.51386,-0.040926,0.2777,0.31699,-0.068477,-0.41989,0.11324,-0.15249,0.36142,0.16642,-0.22678,-0.091812,0.002354,-0.016945,0.064325,0.01108,-0.022018,-0.14147,-0.45337,0.017537,0.14746,-0.44826,-0.002308,-0.18296,-0.83616,0.052356,0.22973,-0.82946,0.027667
153,-0.063147,0.75313,-0.018041,-0.21449,0.49441,-0.016507,-0.32777,0.26931,-0.006229,0.12447,0.51071,-0.044719,0.27195,0.29517,-0.063016,-0.37256,0.061644,-0.099391,0.33537,0.10371,-0.17904,-0.091749,-0.000483,-0.016614,0.064815,0.008355,-0.021969,-0.14124,-0.45316,0.017506,0.14794,-0.44839,-0.002423,-0.18292,-0.83665,0.052352,0.22941,-0.82767,0.02739
154,-0.061649,0.75253,-0.020611,-0.21349,0.49077,-0.022093,-0.307,0.2373,0.01286,0.12493,0.50697,-0.049651,0.25546,0.26383,-0.045013,-0.33969,0.019637,-0.057253,0.31375,0.056674,-0.1303,-0.091182,-0.003212,-0.017767,0.065647,0.005893,-0.022832,-0.14066,-0.45282,0.017212,0.1487,-0.45614,-0.001626,-0.18285,-0.83649,0.052187,0.22933,-0.82691,0.027251
155,-0.060279,0.75122,-0.024695,-0.21394,0.4881,-0.02462,-0.287,0.21152,0.031937,0.12593,0.50244,-0.052534,0.24044,0.23114,-0.020745,-0.30085,-0.014128,-0.008765,0.2887,-0.008911,-0.081181,-0.090919,-0.00512,-0.018966,0.066145,0.003591,-0.0239,-0.14053,-0.45297,0.017089,0.14876,-0.45654,-0.001728,-0.18276,-0.83653,0.052489,0.22894,-0.82593,0.027694
156,-0.059207,0.75138,-0.027221,-0.2141,0.48514,-0.028552,-0.27341,0.20272,0.045137,0.12657,0.49966,-0.055276,0.22454,0.22305,-0.001476,-0.26684,-0.041869,0.042999,0.26123,-0.016571,-0.01511,-0.090573,-0.006105,-0.019536,0.066572,0.001917,-0.024808,-0.13998,-0.45284,0.016616,0.14915,-0.45761,-0.001573,-0.18275,-0.8355,0.052374,0.22887,-0.8269,0.027582
